18:28:06.338 [main] INFO  com.intuit.karate.Runner - using system property 'karate.options': classpath:examples/features/thirdpartyvalidator.feature
18:28:06.883 [main] DEBUG com.intuit.karate.Suite - [config] classpath:karate-config.js
18:28:08.008 [main] INFO  com.intuit.karate - karate.env system property was: null 
18:28:08.073 [main] INFO  com.intuit.karate - Loaded API Key: free_user_3DvGOP3388gqq71IAt6bHhQ6DDZ 
18:28:08.354 [main] DEBUG com.intuit.karate - request:
1 > GET https://reqres.in/api/users/2
1 > x-api-key: free_user_3DvGOP3388gqq71IAt6bHhQ6DDZ
1 > Host: reqres.in
1 > Connection: Keep-Alive
1 > User-Agent: Apache-HttpClient/4.5.14 (Java/17.0.9)
1 > Accept-Encoding: gzip,deflate


18:28:09.053 [main] DEBUG com.intuit.karate - response time in milliseconds: 698
1 < 200
1 < Date: Fri, 22 May 2026 12:58:09 GMT
1 < Content-Type: application/json; charset=utf-8
1 < Transfer-Encoding: chunked
1 < Connection: keep-alive
1 < Access-Control-Allow-Origin: *
1 < Cache-Control: public, max-age=14400, s-maxage=60
1 < Cdn-Cache-Control: max-age=60
1 < Cross-Origin-Opener-Policy: same-origin
1 < Cross-Origin-Resource-Policy: same-origin
1 < Etag: W/"309-xht0adi+2R3nyR08DqinqzlyEM0"
1 < Nel: {"report_to":"heroku-nel","response_headers":["Via"],"max_age":3600,"success_fraction":0.01,"failure_fraction":0.1}
1 < Origin-Agent-Cluster: ?1
1 < Ratelimit-Limit: 20
1 < Ratelimit-Policy: 20;w=60
1 < Ratelimit-Remaining: 19
1 < Ratelimit-Reset: 60
1 < Referrer-Policy: strict-origin-when-cross-origin
1 < Report-To: {"group":"heroku-nel","endpoints":[{"url":"https://nel.heroku.com/reports?s=JgDR96OBM06o94SHwI5e3g0sjtDcjRdUNFvJYU7VR%2Bo%3D\u0026sid=c4c9725f-1ab0-44d8-820f-430df2718e11\u0026ts=1779454688"}],"max_age":3600}
1 < Reporting-Endpoints: heroku-nel="https://nel.heroku.com/reports?s=JgDR96OBM06o94SHwI5e3g0sjtDcjRdUNFvJYU7VR%2Bo%3D&sid=c4c9725f-1ab0-44d8-820f-430df2718e11&ts=1779454688"
1 < Server: cloudflare
1 < Strict-Transport-Security: max-age=31536000; includeSubDomains
1 < Via: 1.1 heroku-router
1 < X-Content-Type-Options: nosniff
1 < X-Dns-Prefetch-Control: off
1 < X-Download-Options: noopen
1 < X-Frame-Options: DENY
1 < X-Permitted-Cross-Domain-Policies: none
1 < X-Powered-By: ReqRes.in - Deploy backends in 30 seconds
1 < X-Ratelimit-Limit: 250
1 < X-Ratelimit-Remaining: 240
1 < X-Ratelimit-Reset: 1779494400
1 < X-Reqres-Docs: https://reqres.in
1 < X-Reqres-Message: This API is powered by ReqRes. Deploy your own backend in 30 seconds!
1 < X-Reqres-Templates: https://app.reqres.in/templates
1 < X-Reqres-Tip: Create your own backend with persistent data - app.reqres.in/dashboard
1 < X-Reqres-Trial: true
1 < X-Reqres-Trial-Days-Remaining: 11
1 < X-Reqres-Trial-Expires: 2026-06-02T01:44:56.505Z
1 < X-Reqres-Upgrade: https://app.reqres.in/upgrade
1 < X-Request-Id: 53d44be1-e9a0-3d6b-87ad-5be674cb05a6
1 < X-Robots-Tag: noindex, nofollow
1 < X-Xss-Protection: 0
1 < cf-cache-status: MISS
1 < CF-RAY: 9ffbfd9bbc86dc75-HYD
{"data":{"id":2,"email":"janet.weaver@reqres.in","first_name":"Janet","last_name":"Weaver","avatar":"https://reqres.in/img/faces/2-image.jpg"},"support":{"url":"https://benhowdle.im/first-cto-playbook?utm_source=reqres&utm_medium=json&utm_campaign=referral","text":"Become a better CTO. A playbook of painful stories and practical advice from a two-time startup CTO."},"_meta":{"powered_by":"ReqRes","docs_url":"https://app.reqres.in/documentation","upgrade_url":"https://app.reqres.in/upgrade","example_url":"https://app.reqres.in/examples/notes-app","variant":"v1_a","message":"Your data persists here. Add auth, logs, and custom schemas to build a real backend.","cta":{"label":"See example app","url":"https://app.reqres.in/examples/notes-app"},"context":"legacy_success"}}

18:28:09.817 [main] INFO  com.intuit.karate.Suite - <<pass>> feature 1 of 1 (0 remaining) classpath:examples/features/thirdpartyvalidator.feature
07:15:43.492 [main] INFO  com.intuit.karate.Runner - using system property 'karate.options': classpath:examples/assertions
07:15:44.324 [main] DEBUG com.intuit.karate.Suite - [config] classpath:karate-config.js
07:15:44.329 [main] INFO  com.intuit.karate.Suite - backed up existing 'target\karate-reports' dir to: target\karate-reports_1779673544326
07:17:25.905 [main] INFO  com.intuit.karate.Runner - using system property 'karate.options': classpath:examples/assertions/*.feature
07:18:45.315 [main] INFO  com.intuit.karate.Runner - using system property 'karate.options': classpath:examples/assertions/statusAssertion.feature
07:20:27.466 [main] INFO  com.intuit.karate.Runner - using system property 'karate.options': classpath:examples/features/assertions/statusAssertion.feature
07:20:28.164 [main] DEBUG com.intuit.karate.Suite - [config] classpath:karate-config.js
07:20:28.164 [main] INFO  com.intuit.karate.Suite - backed up existing 'target\karate-reports' dir to: target\karate-reports_1779673828164
07:20:29.379 [main] INFO  com.intuit.karate - karate.env system property was: null 
07:20:29.435 [main] INFO  com.intuit.karate - Loaded API Key: free_user_3DvGOP3388gqq71IAt6bHhQ6DDZ 
07:20:29.782 [main] DEBUG com.intuit.karate - request:
1 > GET https://reqres.in/api/users/2
1 > x-api-key: free_user_3DvGOP3388gqq71IAt6bHhQ6DDZ
1 > Host: reqres.in
1 > Connection: Keep-Alive
1 > User-Agent: Apache-HttpClient/4.5.14 (Java/17.0.9)
1 > Accept-Encoding: gzip,deflate


07:20:30.748 [main] DEBUG com.intuit.karate - response time in milliseconds: 962
1 < 200
1 < Date: Mon, 25 May 2026 01:50:31 GMT
1 < Content-Type: application/json; charset=utf-8
1 < Transfer-Encoding: chunked
1 < Connection: keep-alive
1 < Access-Control-Allow-Origin: *
1 < Cache-Control: public, max-age=14400, s-maxage=60
1 < Cdn-Cache-Control: max-age=60
1 < Cross-Origin-Opener-Policy: same-origin
1 < Cross-Origin-Resource-Policy: same-origin
1 < Etag: W/"309-xht0adi+2R3nyR08DqinqzlyEM0"
1 < Nel: {"report_to":"heroku-nel","response_headers":["Via"],"max_age":3600,"success_fraction":0.01,"failure_fraction":0.1}
1 < Origin-Agent-Cluster: ?1
1 < Ratelimit-Limit: 20
1 < Ratelimit-Policy: 20;w=60
1 < Ratelimit-Remaining: 19
1 < Ratelimit-Reset: 60
1 < Referrer-Policy: strict-origin-when-cross-origin
1 < Report-To: {"group":"heroku-nel","endpoints":[{"url":"https://nel.heroku.com/reports?s=QjDxSUOiO%2BvJP%2BH36sEOkis9%2FXi%2FJ1MqztgINraRAYI%3D\u0026sid=c4c9725f-1ab0-44d8-820f-430df2718e11\u0026ts=1779673830"}],"max_age":3600}
1 < Reporting-Endpoints: heroku-nel="https://nel.heroku.com/reports?s=QjDxSUOiO%2BvJP%2BH36sEOkis9%2FXi%2FJ1MqztgINraRAYI%3D&sid=c4c9725f-1ab0-44d8-820f-430df2718e11&ts=1779673830"
1 < Server: cloudflare
1 < Strict-Transport-Security: max-age=31536000; includeSubDomains
1 < Via: 1.1 heroku-router
1 < X-Content-Type-Options: nosniff
1 < X-Dns-Prefetch-Control: off
1 < X-Download-Options: noopen
1 < X-Frame-Options: DENY
1 < X-Permitted-Cross-Domain-Policies: none
1 < X-Powered-By: ReqRes.in - Deploy backends in 30 seconds
1 < X-Ratelimit-Limit: 250
1 < X-Ratelimit-Remaining: 249
1 < X-Ratelimit-Reset: 1779753600
1 < X-Reqres-Docs: https://reqres.in
1 < X-Reqres-Message: This API is powered by ReqRes. Deploy your own backend in 30 seconds!
1 < X-Reqres-Templates: https://app.reqres.in/templates
1 < X-Reqres-Tip: Generate a complete backend from a description - app.reqres.in/dashboard
1 < X-Reqres-Trial: true
1 < X-Reqres-Trial-Days-Remaining: 8
1 < X-Reqres-Trial-Expires: 2026-06-02T01:44:56.505Z
1 < X-Reqres-Upgrade: https://app.reqres.in/upgrade
1 < X-Request-Id: 487dc06e-c75b-d6e2-ed65-eb6007527773
1 < X-Robots-Tag: noindex, nofollow
1 < X-Xss-Protection: 0
1 < cf-cache-status: MISS
1 < CF-RAY: a010e3c1586129b7-HYD
{"data":{"id":2,"email":"janet.weaver@reqres.in","first_name":"Janet","last_name":"Weaver","avatar":"https://reqres.in/img/faces/2-image.jpg"},"support":{"url":"https://benhowdle.im/first-cto-playbook?utm_source=reqres&utm_medium=json&utm_campaign=referral","text":"Become a better CTO. A playbook of painful stories and practical advice from a two-time startup CTO."},"_meta":{"powered_by":"ReqRes","docs_url":"https://app.reqres.in/documentation","upgrade_url":"https://app.reqres.in/upgrade","example_url":"https://app.reqres.in/examples/notes-app","variant":"v1_a","message":"Your data persists here. Add auth, logs, and custom schemas to build a real backend.","cta":{"label":"See example app","url":"https://app.reqres.in/examples/notes-app"},"context":"legacy_success"}}

07:20:31.466 [main] INFO  com.intuit.karate.Suite - <<pass>> feature 1 of 1 (0 remaining) classpath:examples/features/assertions/statusAssertion.feature
07:21:01.673 [main] INFO  com.intuit.karate.Runner - using system property 'karate.options': classpath:examples/features/assertions/responseAssertion.feature
07:21:02.213 [main] DEBUG com.intuit.karate.Suite - [config] classpath:karate-config.js
07:21:02.213 [main] INFO  com.intuit.karate.Suite - backed up existing 'target\karate-reports' dir to: target\karate-reports_1779673862213
07:21:03.155 [main] INFO  com.intuit.karate - karate.env system property was: null 
07:21:03.211 [main] INFO  com.intuit.karate - Loaded API Key: free_user_3DvGOP3388gqq71IAt6bHhQ6DDZ 
07:21:03.501 [main] DEBUG com.intuit.karate - request:
1 > GET https://reqres.in/api/users/2
1 > x-api-key: free_user_3DvGOP3388gqq71IAt6bHhQ6DDZ
1 > Host: reqres.in
1 > Connection: Keep-Alive
1 > User-Agent: Apache-HttpClient/4.5.14 (Java/17.0.9)
1 > Accept-Encoding: gzip,deflate


07:21:03.700 [main] DEBUG com.intuit.karate - response time in milliseconds: 183
1 < 200
1 < Date: Mon, 25 May 2026 01:51:04 GMT
1 < Content-Type: application/json; charset=utf-8
1 < Transfer-Encoding: chunked
1 < Connection: keep-alive
1 < Access-Control-Allow-Origin: *
1 < Cache-Control: public, max-age=14400, s-maxage=60
1 < Cdn-Cache-Control: max-age=60
1 < Cross-Origin-Opener-Policy: same-origin
1 < Cross-Origin-Resource-Policy: same-origin
1 < Etag: W/"309-xht0adi+2R3nyR08DqinqzlyEM0"
1 < Nel: {"report_to":"heroku-nel","response_headers":["Via"],"max_age":3600,"success_fraction":0.01,"failure_fraction":0.1}
1 < Origin-Agent-Cluster: ?1
1 < Ratelimit-Limit: 20
1 < Ratelimit-Policy: 20;w=60
1 < Ratelimit-Remaining: 19
1 < Ratelimit-Reset: 60
1 < Referrer-Policy: strict-origin-when-cross-origin
1 < Report-To: {"group":"heroku-nel","endpoints":[{"url":"https://nel.heroku.com/reports?s=QjDxSUOiO%2BvJP%2BH36sEOkis9%2FXi%2FJ1MqztgINraRAYI%3D\u0026sid=c4c9725f-1ab0-44d8-820f-430df2718e11\u0026ts=1779673830"}],"max_age":3600}
1 < Reporting-Endpoints: heroku-nel="https://nel.heroku.com/reports?s=QjDxSUOiO%2BvJP%2BH36sEOkis9%2FXi%2FJ1MqztgINraRAYI%3D&sid=c4c9725f-1ab0-44d8-820f-430df2718e11&ts=1779673830"
1 < Server: cloudflare
1 < Strict-Transport-Security: max-age=31536000; includeSubDomains
1 < Via: 1.1 heroku-router
1 < X-Content-Type-Options: nosniff
1 < X-Dns-Prefetch-Control: off
1 < X-Download-Options: noopen
1 < X-Frame-Options: DENY
1 < X-Permitted-Cross-Domain-Policies: none
1 < X-Powered-By: ReqRes.in - Deploy backends in 30 seconds
1 < X-Ratelimit-Limit: 250
1 < X-Ratelimit-Remaining: 249
1 < X-Ratelimit-Reset: 1779753600
1 < X-Reqres-Docs: https://reqres.in
1 < X-Reqres-Message: This API is powered by ReqRes. Deploy your own backend in 30 seconds!
1 < X-Reqres-Templates: https://app.reqres.in/templates
1 < X-Reqres-Tip: Generate a complete backend from a description - app.reqres.in/dashboard
1 < X-Reqres-Trial: true
1 < X-Reqres-Trial-Days-Remaining: 8
1 < X-Reqres-Trial-Expires: 2026-06-02T01:44:56.505Z
1 < X-Reqres-Upgrade: https://app.reqres.in/upgrade
1 < X-Request-Id: 487dc06e-c75b-d6e2-ed65-eb6007527773
1 < X-Robots-Tag: noindex, nofollow
1 < X-Xss-Protection: 0
1 < Age: 32
1 < cf-cache-status: HIT
1 < CF-RAY: a010e4924f155d35-HYD
{"data":{"id":2,"email":"janet.weaver@reqres.in","first_name":"Janet","last_name":"Weaver","avatar":"https://reqres.in/img/faces/2-image.jpg"},"support":{"url":"https://benhowdle.im/first-cto-playbook?utm_source=reqres&utm_medium=json&utm_campaign=referral","text":"Become a better CTO. A playbook of painful stories and practical advice from a two-time startup CTO."},"_meta":{"powered_by":"ReqRes","docs_url":"https://app.reqres.in/documentation","upgrade_url":"https://app.reqres.in/upgrade","example_url":"https://app.reqres.in/examples/notes-app","variant":"v1_a","message":"Your data persists here. Add auth, logs, and custom schemas to build a real backend.","cta":{"label":"See example app","url":"https://app.reqres.in/examples/notes-app"},"context":"legacy_success"}}

07:21:04.290 [main] INFO  com.intuit.karate.Suite - <<pass>> feature 1 of 1 (0 remaining) classpath:examples/features/assertions/responseAssertion.feature
07:21:48.564 [main] INFO  com.intuit.karate.Runner - using system property 'karate.options': classpath:examples/features/assertions/schemaAssertion.feature
07:21:49.094 [main] DEBUG com.intuit.karate.Suite - [config] classpath:karate-config.js
07:21:49.099 [main] INFO  com.intuit.karate.Suite - backed up existing 'target\karate-reports' dir to: target\karate-reports_1779673909096
07:21:50.019 [main] INFO  com.intuit.karate - karate.env system property was: null 
07:21:50.090 [main] INFO  com.intuit.karate - Loaded API Key: free_user_3DvGOP3388gqq71IAt6bHhQ6DDZ 
07:21:50.318 [main] DEBUG com.intuit.karate - request:
1 > GET https://reqres.in/api/users/2
1 > x-api-key: free_user_3DvGOP3388gqq71IAt6bHhQ6DDZ
1 > Host: reqres.in
1 > Connection: Keep-Alive
1 > User-Agent: Apache-HttpClient/4.5.14 (Java/17.0.9)
1 > Accept-Encoding: gzip,deflate


07:21:50.888 [main] DEBUG com.intuit.karate - response time in milliseconds: 566
1 < 200
1 < Date: Mon, 25 May 2026 01:51:51 GMT
1 < Content-Type: application/json; charset=utf-8
1 < Transfer-Encoding: chunked
1 < Connection: keep-alive
1 < Access-Control-Allow-Origin: *
1 < Cache-Control: public, max-age=14400, s-maxage=60
1 < cdn-cache-control: max-age=60
1 < Cross-Origin-Opener-Policy: same-origin
1 < Cross-Origin-Resource-Policy: same-origin
1 < etag: W/"309-xht0adi+2R3nyR08DqinqzlyEM0"
1 < Nel: {"report_to":"heroku-nel","response_headers":["Via"],"max_age":3600,"success_fraction":0.01,"failure_fraction":0.1}
1 < Origin-Agent-Cluster: ?1
1 < Ratelimit-Limit: 20
1 < Ratelimit-Policy: 20;w=60
1 < Ratelimit-Remaining: 19
1 < Ratelimit-Reset: 60
1 < Referrer-Policy: strict-origin-when-cross-origin
1 < Report-To: {"group":"heroku-nel","endpoints":[{"url":"https://nel.heroku.com/reports?s=QjDxSUOiO%2BvJP%2BH36sEOkis9%2FXi%2FJ1MqztgINraRAYI%3D\u0026sid=c4c9725f-1ab0-44d8-820f-430df2718e11\u0026ts=1779673830"}],"max_age":3600}
1 < Reporting-Endpoints: heroku-nel="https://nel.heroku.com/reports?s=QjDxSUOiO%2BvJP%2BH36sEOkis9%2FXi%2FJ1MqztgINraRAYI%3D&sid=c4c9725f-1ab0-44d8-820f-430df2718e11&ts=1779673830"
1 < Server: cloudflare
1 < Strict-Transport-Security: max-age=31536000; includeSubDomains
1 < Via: 1.1 heroku-router
1 < X-Content-Type-Options: nosniff
1 < X-Dns-Prefetch-Control: off
1 < X-Download-Options: noopen
1 < X-Frame-Options: DENY
1 < X-Permitted-Cross-Domain-Policies: none
1 < X-Powered-By: ReqRes.in - Deploy backends in 30 seconds
1 < X-Ratelimit-Limit: 250
1 < X-Ratelimit-Remaining: 249
1 < X-Ratelimit-Reset: 1779753600
1 < X-Reqres-Docs: https://reqres.in
1 < X-Reqres-Message: This API is powered by ReqRes. Deploy your own backend in 30 seconds!
1 < X-Reqres-Templates: https://app.reqres.in/templates
1 < X-Reqres-Tip: Generate a complete backend from a description - app.reqres.in/dashboard
1 < X-Reqres-Trial: true
1 < X-Reqres-Trial-Days-Remaining: 8
1 < X-Reqres-Trial-Expires: 2026-06-02T01:44:56.505Z
1 < X-Reqres-Upgrade: https://app.reqres.in/upgrade
1 < X-Request-Id: 487dc06e-c75b-d6e2-ed65-eb6007527773
1 < X-Robots-Tag: noindex, nofollow
1 < X-Xss-Protection: 0
1 < cf-cache-status: REVALIDATED
1 < CF-RAY: a010e5b6d9116d9f-HYD
{"data":{"id":2,"email":"janet.weaver@reqres.in","first_name":"Janet","last_name":"Weaver","avatar":"https://reqres.in/img/faces/2-image.jpg"},"support":{"url":"https://benhowdle.im/first-cto-playbook?utm_source=reqres&utm_medium=json&utm_campaign=referral","text":"Become a better CTO. A playbook of painful stories and practical advice from a two-time startup CTO."},"_meta":{"powered_by":"ReqRes","docs_url":"https://app.reqres.in/documentation","upgrade_url":"https://app.reqres.in/upgrade","example_url":"https://app.reqres.in/examples/notes-app","variant":"v1_a","message":"Your data persists here. Add auth, logs, and custom schemas to build a real backend.","cta":{"label":"See example app","url":"https://app.reqres.in/examples/notes-app"},"context":"legacy_success"}}

07:21:50.907 [main] ERROR com.intuit.karate - classpath:examples/features/assertions/schemaAssertion.feature:15
And match response ==
"""
{
 data:
 {
   id:'#number',
   email:'#string',
   first_name:'#string',
   last_name:'#string',
   avatar:'#string'
 },
 support:
 {
   url:'#string',
   text:'#string'
 }
}
"""
match failed: EQUALS
  $ | not equal | actual has 1 more key(s) than expected - {"_meta":{"powered_by":"ReqRes","docs_url":"https:\/\/app.reqres.in\/documentation","upgrade_url":"https:\/\/app.reqres.in\/upgrade","example_url":"https:\/\/app.reqres.in\/examples\/notes-app","variant":"v1_a","message":"Your data persists here. Add auth, logs, and custom schemas to build a real backend.","cta":{"label":"See example app","url":"https:\/\/app.reqres.in\/examples\/notes-app"},"context":"legacy_success"}} (MAP:MAP)
  {"data":{"id":2,"email":"janet.weaver@reqres.in","first_name":"Janet","last_name":"Weaver","avatar":"https://reqres.in/img/faces/2-image.jpg"},"support":{"url":"https://benhowdle.im/first-cto-playbook?utm_source=reqres&utm_medium=json&utm_campaign=referral","text":"Become a better CTO. A playbook of painful stories and practical advice from a two-time startup CTO."},"_meta":{"powered_by":"ReqRes","docs_url":"https://app.reqres.in/documentation","upgrade_url":"https://app.reqres.in/upgrade","example_url":"https://app.reqres.in/examples/notes-app","variant":"v1_a","message":"Your data persists here. Add auth, logs, and custom schemas to build a real backend.","cta":{"label":"See example app","url":"https://app.reqres.in/examples/notes-app"},"context":"legacy_success"}}
  {"data":{"id":"#number","email":"#string","first_name":"#string","last_name":"#string","avatar":"#string"},"support":{"url":"#string","text":"#string"}}


classpath:examples/features/assertions/schemaAssertion.feature:15
07:21:51.591 [main] INFO  com.intuit.karate.Suite - <<fail>> feature 1 of 1 (0 remaining) classpath:examples/features/assertions/schemaAssertion.feature
07:23:31.580 [main] INFO  com.intuit.karate.Runner - using system property 'karate.options': classpath:examples/features/assertions/schemaAssertion.feature
07:23:32.161 [main] DEBUG com.intuit.karate.Suite - [config] classpath:karate-config.js
07:23:32.165 [main] INFO  com.intuit.karate.Suite - backed up existing 'target\karate-reports' dir to: target\karate-reports_1779674012161
07:23:33.149 [main] INFO  com.intuit.karate - karate.env system property was: null 
07:23:33.225 [main] INFO  com.intuit.karate - Loaded API Key: free_user_3DvGOP3388gqq71IAt6bHhQ6DDZ 
07:23:33.554 [main] DEBUG com.intuit.karate - request:
1 > GET https://reqres.in/api/users/2
1 > x-api-key: free_user_3DvGOP3388gqq71IAt6bHhQ6DDZ
1 > Host: reqres.in
1 > Connection: Keep-Alive
1 > User-Agent: Apache-HttpClient/4.5.14 (Java/17.0.9)
1 > Accept-Encoding: gzip,deflate


07:23:34.119 [main] DEBUG com.intuit.karate - response time in milliseconds: 562
1 < 200
1 < Date: Mon, 25 May 2026 01:53:34 GMT
1 < Content-Type: application/json; charset=utf-8
1 < Transfer-Encoding: chunked
1 < Connection: keep-alive
1 < Access-Control-Allow-Origin: *
1 < Cache-Control: public, max-age=14400, s-maxage=60
1 < cdn-cache-control: max-age=60
1 < Cross-Origin-Opener-Policy: same-origin
1 < Cross-Origin-Resource-Policy: same-origin
1 < etag: W/"309-xht0adi+2R3nyR08DqinqzlyEM0"
1 < Nel: {"report_to":"heroku-nel","response_headers":["Via"],"max_age":3600,"success_fraction":0.01,"failure_fraction":0.1}
1 < Origin-Agent-Cluster: ?1
1 < Ratelimit-Limit: 20
1 < Ratelimit-Policy: 20;w=60
1 < Ratelimit-Remaining: 19
1 < Ratelimit-Reset: 60
1 < Referrer-Policy: strict-origin-when-cross-origin
1 < Report-To: {"group":"heroku-nel","endpoints":[{"url":"https://nel.heroku.com/reports?s=QjDxSUOiO%2BvJP%2BH36sEOkis9%2FXi%2FJ1MqztgINraRAYI%3D\u0026sid=c4c9725f-1ab0-44d8-820f-430df2718e11\u0026ts=1779673830"}],"max_age":3600}
1 < Reporting-Endpoints: heroku-nel="https://nel.heroku.com/reports?s=QjDxSUOiO%2BvJP%2BH36sEOkis9%2FXi%2FJ1MqztgINraRAYI%3D&sid=c4c9725f-1ab0-44d8-820f-430df2718e11&ts=1779673830"
1 < Server: cloudflare
1 < Strict-Transport-Security: max-age=31536000; includeSubDomains
1 < Via: 1.1 heroku-router
1 < X-Content-Type-Options: nosniff
1 < X-Dns-Prefetch-Control: off
1 < X-Download-Options: noopen
1 < X-Frame-Options: DENY
1 < X-Permitted-Cross-Domain-Policies: none
1 < X-Powered-By: ReqRes.in - Deploy backends in 30 seconds
1 < X-Ratelimit-Limit: 250
1 < X-Ratelimit-Remaining: 249
1 < X-Ratelimit-Reset: 1779753600
1 < X-Reqres-Docs: https://reqres.in
1 < X-Reqres-Message: This API is powered by ReqRes. Deploy your own backend in 30 seconds!
1 < X-Reqres-Templates: https://app.reqres.in/templates
1 < X-Reqres-Tip: Generate a complete backend from a description - app.reqres.in/dashboard
1 < X-Reqres-Trial: true
1 < X-Reqres-Trial-Days-Remaining: 8
1 < X-Reqres-Trial-Expires: 2026-06-02T01:44:56.505Z
1 < X-Reqres-Upgrade: https://app.reqres.in/upgrade
1 < X-Request-Id: 487dc06e-c75b-d6e2-ed65-eb6007527773
1 < X-Robots-Tag: noindex, nofollow
1 < X-Xss-Protection: 0
1 < cf-cache-status: REVALIDATED
1 < CF-RAY: a010e83c0f0641e5-HYD
{"data":{"id":2,"email":"janet.weaver@reqres.in","first_name":"Janet","last_name":"Weaver","avatar":"https://reqres.in/img/faces/2-image.jpg"},"support":{"url":"https://benhowdle.im/first-cto-playbook?utm_source=reqres&utm_medium=json&utm_campaign=referral","text":"Become a better CTO. A playbook of painful stories and practical advice from a two-time startup CTO."},"_meta":{"powered_by":"ReqRes","docs_url":"https://app.reqres.in/documentation","upgrade_url":"https://app.reqres.in/upgrade","example_url":"https://app.reqres.in/examples/notes-app","variant":"v1_a","message":"Your data persists here. Add auth, logs, and custom schemas to build a real backend.","cta":{"label":"See example app","url":"https://app.reqres.in/examples/notes-app"},"context":"legacy_success"}}

07:23:34.682 [main] INFO  com.intuit.karate.Suite - <<pass>> feature 1 of 1 (0 remaining) classpath:examples/features/assertions/schemaAssertion.feature
07:23:56.037 [main] INFO  com.intuit.karate.Runner - using system property 'karate.options': classpath:examples/features/assertions/advancedAssertion.feature
07:23:56.599 [main] ERROR c.intuit.karate.core.FeatureParser - not a valid feature file: examples/features/assertions/advancedAssertion.feature - mismatched input ''' expecting <EOF>
07:27:18.767 [main] INFO  com.intuit.karate.Runner - using system property 'karate.options': classpath:examples/features/assertions/advancedAssertion.feature
07:27:19.287 [main] DEBUG com.intuit.karate.Suite - [config] classpath:karate-config.js
07:27:19.294 [main] INFO  com.intuit.karate.Suite - backed up existing 'target\karate-reports' dir to: target\karate-reports_1779674239290
07:27:20.354 [main] INFO  com.intuit.karate - karate.env system property was: null 
07:27:20.407 [main] INFO  com.intuit.karate - Loaded API Key: free_user_3DvGOP3388gqq71IAt6bHhQ6DDZ 
07:27:20.763 [main] DEBUG com.intuit.karate - request:
1 > GET https://reqres.in/api/users/2
1 > x-api-key: free_user_3DvGOP3388gqq71IAt6bHhQ6DDZ
1 > Host: reqres.in
1 > Connection: Keep-Alive
1 > User-Agent: Apache-HttpClient/4.5.14 (Java/17.0.9)
1 > Accept-Encoding: gzip,deflate


07:27:21.420 [main] DEBUG com.intuit.karate - response time in milliseconds: 652
1 < 200
1 < Date: Mon, 25 May 2026 01:57:21 GMT
1 < Content-Type: application/json; charset=utf-8
1 < Transfer-Encoding: chunked
1 < Connection: keep-alive
1 < Access-Control-Allow-Origin: *
1 < Cache-Control: public, max-age=14400, s-maxage=60
1 < cdn-cache-control: max-age=60
1 < Cross-Origin-Opener-Policy: same-origin
1 < Cross-Origin-Resource-Policy: same-origin
1 < etag: W/"309-xht0adi+2R3nyR08DqinqzlyEM0"
1 < Nel: {"report_to":"heroku-nel","response_headers":["Via"],"max_age":3600,"success_fraction":0.01,"failure_fraction":0.1}
1 < Origin-Agent-Cluster: ?1
1 < Ratelimit-Limit: 20
1 < Ratelimit-Policy: 20;w=60
1 < Ratelimit-Remaining: 19
1 < Ratelimit-Reset: 60
1 < Referrer-Policy: strict-origin-when-cross-origin
1 < Report-To: {"group":"heroku-nel","endpoints":[{"url":"https://nel.heroku.com/reports?s=QjDxSUOiO%2BvJP%2BH36sEOkis9%2FXi%2FJ1MqztgINraRAYI%3D\u0026sid=c4c9725f-1ab0-44d8-820f-430df2718e11\u0026ts=1779673830"}],"max_age":3600}
1 < Reporting-Endpoints: heroku-nel="https://nel.heroku.com/reports?s=QjDxSUOiO%2BvJP%2BH36sEOkis9%2FXi%2FJ1MqztgINraRAYI%3D&sid=c4c9725f-1ab0-44d8-820f-430df2718e11&ts=1779673830"
1 < Server: cloudflare
1 < Strict-Transport-Security: max-age=31536000; includeSubDomains
1 < Via: 1.1 heroku-router
1 < X-Content-Type-Options: nosniff
1 < X-Dns-Prefetch-Control: off
1 < X-Download-Options: noopen
1 < X-Frame-Options: DENY
1 < X-Permitted-Cross-Domain-Policies: none
1 < X-Powered-By: ReqRes.in - Deploy backends in 30 seconds
1 < X-Ratelimit-Limit: 250
1 < X-Ratelimit-Remaining: 249
1 < X-Ratelimit-Reset: 1779753600
1 < X-Reqres-Docs: https://reqres.in
1 < X-Reqres-Message: This API is powered by ReqRes. Deploy your own backend in 30 seconds!
1 < X-Reqres-Templates: https://app.reqres.in/templates
1 < X-Reqres-Tip: Generate a complete backend from a description - app.reqres.in/dashboard
1 < X-Reqres-Trial: true
1 < X-Reqres-Trial-Days-Remaining: 8
1 < X-Reqres-Trial-Expires: 2026-06-02T01:44:56.505Z
1 < X-Reqres-Upgrade: https://app.reqres.in/upgrade
1 < X-Request-Id: 487dc06e-c75b-d6e2-ed65-eb6007527773
1 < X-Robots-Tag: noindex, nofollow
1 < X-Xss-Protection: 0
1 < cf-cache-status: REVALIDATED
1 < CF-RAY: a010edc87dd64e87-HYD
{"data":{"id":2,"email":"janet.weaver@reqres.in","first_name":"Janet","last_name":"Weaver","avatar":"https://reqres.in/img/faces/2-image.jpg"},"support":{"url":"https://benhowdle.im/first-cto-playbook?utm_source=reqres&utm_medium=json&utm_campaign=referral","text":"Become a better CTO. A playbook of painful stories and practical advice from a two-time startup CTO."},"_meta":{"powered_by":"ReqRes","docs_url":"https://app.reqres.in/documentation","upgrade_url":"https://app.reqres.in/upgrade","example_url":"https://app.reqres.in/examples/notes-app","variant":"v1_a","message":"Your data persists here. Add auth, logs, and custom schemas to build a real backend.","cta":{"label":"See example app","url":"https://app.reqres.in/examples/notes-app"},"context":"legacy_success"}}

07:27:22.144 [main] INFO  com.intuit.karate.Suite - <<pass>> feature 1 of 1 (0 remaining) classpath:examples/features/assertions/advancedAssertion.feature
07:40:24.731 [main] INFO  com.intuit.karate.Runner - using system property 'karate.options': classpath:examples/features/callandcallonce/login.feature
07:40:25.331 [main] DEBUG com.intuit.karate.Suite - [config] classpath:karate-config.js
07:40:25.331 [main] INFO  com.intuit.karate.Suite - backed up existing 'target\karate-reports' dir to: target\karate-reports_1779675025331
07:40:26.423 [main] INFO  com.intuit.karate - karate.env system property was: null 
07:40:26.478 [main] INFO  com.intuit.karate - Loaded API Key: free_user_3DvGOP3388gqq71IAt6bHhQ6DDZ 
07:40:26.819 [main] DEBUG com.intuit.karate - request:
1 > POST https://reqres.in/api/login
1 > Content-Type: application/json; charset=UTF-8
1 > Content-Length: 54
1 > Host: reqres.in
1 > Connection: Keep-Alive
1 > User-Agent: Apache-HttpClient/4.5.14 (Java/17.0.9)
1 > Accept-Encoding: gzip,deflate
{"email":"eve.holt@reqres.in","password":"cityslicka"}

07:40:27.527 [main] DEBUG com.intuit.karate - response time in milliseconds: 708
1 < 401
1 < Date: Mon, 25 May 2026 02:10:27 GMT
1 < Content-Type: application/json; charset=utf-8
1 < Content-Length: 884
1 < Connection: keep-alive
1 < Access-Control-Allow-Origin: *
1 < Cache-Control: no-store
1 < Cross-Origin-Opener-Policy: same-origin
1 < Cross-Origin-Resource-Policy: same-origin
1 < Etag: W/"374-VytejY6sdZqP8+JbeikTc9jiS8o"
1 < Nel: {"report_to":"heroku-nel","response_headers":["Via"],"max_age":3600,"success_fraction":0.01,"failure_fraction":0.1}
1 < Origin-Agent-Cluster: ?1
1 < Referrer-Policy: strict-origin-when-cross-origin
1 < Report-To: {"group":"heroku-nel","endpoints":[{"url":"https://nel.heroku.com/reports?s=sJwsG4dS%2Fc99CxGzR0OEywIL3Ka1rUfkQn2QN4FyQHU%3D\u0026sid=c4c9725f-1ab0-44d8-820f-430df2718e11\u0026ts=1779675027"}],"max_age":3600}
1 < Reporting-Endpoints: heroku-nel="https://nel.heroku.com/reports?s=sJwsG4dS%2Fc99CxGzR0OEywIL3Ka1rUfkQn2QN4FyQHU%3D&sid=c4c9725f-1ab0-44d8-820f-430df2718e11&ts=1779675027"
1 < Server: cloudflare
1 < Strict-Transport-Security: max-age=31536000; includeSubDomains
1 < Via: 1.1 heroku-router
1 < X-Content-Type-Options: nosniff
1 < X-Dns-Prefetch-Control: off
1 < X-Download-Options: noopen
1 < X-Frame-Options: DENY
1 < X-Permitted-Cross-Domain-Policies: none
1 < X-Powered-By: ReqRes.in - Deploy backends in 30 seconds
1 < X-Reqres-Docs: https://reqres.in
1 < X-Reqres-Help: missing_api_key
1 < X-Reqres-Message: This API is powered by ReqRes. Deploy your own backend in 30 seconds!
1 < X-Reqres-Templates: https://app.reqres.in/templates
1 < X-Reqres-Tip: Generate a complete backend from a description - app.reqres.in/dashboard
1 < X-Reqres-Upgrade: https://app.reqres.in/upgrade
1 < X-Request-Id: b5400691-817e-5946-5fff-ed82453753a1
1 < X-Robots-Tag: noindex, nofollow
1 < X-Xss-Protection: 0
1 < cf-cache-status: DYNAMIC
1 < CF-RAY: a01100f958ee347a-HYD
{"error":"missing_api_key","message":"The x-api-key header is required for this endpoint.","hint":"Send x-api-key for admin calls (/api/*) or Authorization: Bearer <token> for app-user calls (/app/*).","next_steps":["Go to app.reqres.in/api-keys to get your key","Add header: x-api-key: <your_key>","For app user endpoints, use Authorization: Bearer <session_token> instead"],"docs_url":"https://app.reqres.in/docs#authentication","example_curl":"curl -H \"x-api-key: YOUR_API_KEY\" https://api.reqres.in/api/collections","_meta":{"powered_by":"ReqRes","docs_url":"https://app.reqres.in/documentation","upgrade_url":"https://app.reqres.in/upgrade","example_url":"https://app.reqres.in/examples/notes-app","variant":"v1_a","message":"API key invalid or revoked. Create a new key in API Keys.","cta":{"label":"Get a key","url":"https://app.reqres.in/api-keys"},"context":"invalid_key"}}

07:40:27.548 [main] ERROR com.intuit.karate - classpath:examples/features/callandcallonce/login.feature:19
Then status 200
status code was: 401, expected: 200, response time in milliseconds: 708, url: https://reqres.in/api/login, response: 
{"error":"missing_api_key","message":"The x-api-key header is required for this endpoint.","hint":"Send x-api-key for admin calls (/api/*) or Authorization: Bearer <token> for app-user calls (/app/*).","next_steps":["Go to app.reqres.in/api-keys to get your key","Add header: x-api-key: <your_key>","For app user endpoints, use Authorization: Bearer <session_token> instead"],"docs_url":"https://app.reqres.in/docs#authentication","example_curl":"curl -H \"x-api-key: YOUR_API_KEY\" https://api.reqres.in/api/collections","_meta":{"powered_by":"ReqRes","docs_url":"https://app.reqres.in/documentation","upgrade_url":"https://app.reqres.in/upgrade","example_url":"https://app.reqres.in/examples/notes-app","variant":"v1_a","message":"API key invalid or revoked. Create a new key in API Keys.","cta":{"label":"Get a key","url":"https://app.reqres.in/api-keys"},"context":"invalid_key"}}
classpath:examples/features/callandcallonce/login.feature:19
07:40:28.213 [main] INFO  com.intuit.karate.Suite - <<fail>> feature 1 of 1 (0 remaining) classpath:examples/features/callandcallonce/login.feature
07:42:57.456 [main] INFO  com.intuit.karate.Runner - using system property 'karate.options': classpath:examples/features/callandcallonce/login.feature
07:42:57.967 [main] DEBUG com.intuit.karate.Suite - [config] classpath:karate-config.js
07:42:57.973 [main] INFO  com.intuit.karate.Suite - backed up existing 'target\karate-reports' dir to: target\karate-reports_1779675177967
07:42:59.026 [main] INFO  com.intuit.karate - karate.env system property was: null 
07:42:59.084 [main] INFO  com.intuit.karate - Loaded API Key: free_user_3DvGOP3388gqq71IAt6bHhQ6DDZ 
07:42:59.416 [main] DEBUG com.intuit.karate - request:
1 > POST https://reqres.in/api/login
1 > x-api-key: free_user_3DvGOP3388gqq71IAt6bHhQ6DDZ
1 > Content-Type: application/json; charset=UTF-8
1 > Content-Length: 54
1 > Host: reqres.in
1 > Connection: Keep-Alive
1 > User-Agent: Apache-HttpClient/4.5.14 (Java/17.0.9)
1 > Accept-Encoding: gzip,deflate
{"email":"eve.holt@reqres.in","password":"cityslicka"}

07:43:00.020 [main] DEBUG com.intuit.karate - response time in milliseconds: 600
1 < 200
1 < Date: Mon, 25 May 2026 02:13:00 GMT
1 < Content-Type: application/json; charset=utf-8
1 < Transfer-Encoding: chunked
1 < Connection: keep-alive
1 < Access-Control-Allow-Origin: *
1 < Cache-Control: no-store
1 < Cross-Origin-Opener-Policy: same-origin
1 < Cross-Origin-Resource-Policy: same-origin
1 < Etag: W/"1b5-hRvA2JEEK9A0VJYTw8+bhNg/wj0"
1 < Nel: {"report_to":"heroku-nel","response_headers":["Via"],"max_age":3600,"success_fraction":0.01,"failure_fraction":0.1}
1 < Origin-Agent-Cluster: ?1
1 < Referrer-Policy: strict-origin-when-cross-origin
1 < Report-To: {"group":"heroku-nel","endpoints":[{"url":"https://nel.heroku.com/reports?s=8IVFf9IUA5WFmY82L1Ix8CO7BJohciOPvgWIl8c%2Bw4M%3D\u0026sid=c4c9725f-1ab0-44d8-820f-430df2718e11\u0026ts=1779675180"}],"max_age":3600}
1 < Reporting-Endpoints: heroku-nel="https://nel.heroku.com/reports?s=8IVFf9IUA5WFmY82L1Ix8CO7BJohciOPvgWIl8c%2Bw4M%3D&sid=c4c9725f-1ab0-44d8-820f-430df2718e11&ts=1779675180"
1 < Server: cloudflare
1 < Strict-Transport-Security: max-age=31536000; includeSubDomains
1 < Via: 1.1 heroku-router
1 < X-Content-Type-Options: nosniff
1 < X-Dns-Prefetch-Control: off
1 < X-Download-Options: noopen
1 < X-Frame-Options: DENY
1 < X-Permitted-Cross-Domain-Policies: none
1 < X-Powered-By: ReqRes.in - Deploy backends in 30 seconds
1 < X-Ratelimit-Limit: 250
1 < X-Ratelimit-Remaining: 245
1 < X-Ratelimit-Reset: 1779753600
1 < X-Reqres-Docs: https://reqres.in
1 < X-Reqres-Message: This API is powered by ReqRes. Deploy your own backend in 30 seconds!
1 < X-Reqres-Templates: https://app.reqres.in/templates
1 < X-Reqres-Tip: Build with your own data, not fixtures - app.reqres.in/dashboard
1 < X-Reqres-Trial: true
1 < X-Reqres-Trial-Days-Remaining: 8
1 < X-Reqres-Trial-Expires: 2026-06-02T01:44:56.505Z
1 < X-Reqres-Upgrade: https://app.reqres.in/upgrade
1 < X-Request-Id: 466a626a-f163-7b3f-b64e-3378bc821d29
1 < X-Robots-Tag: noindex, nofollow
1 < X-Xss-Protection: 0
1 < cf-cache-status: DYNAMIC
1 < CF-RAY: a01104b24f4cdc75-HYD
{"token":"QpwL5tke4Pnpja7X4","_meta":{"powered_by":"ReqRes","docs_url":"https://app.reqres.in/documentation","upgrade_url":"https://app.reqres.in/upgrade","example_url":"https://app.reqres.in/examples/notes-app","variant":"v1_a","message":"Your data persists here. Add auth, logs, and custom schemas to build a real backend.","cta":{"label":"See example app","url":"https://app.reqres.in/examples/notes-app"},"context":"legacy_success"}}

07:43:00.745 [main] INFO  com.intuit.karate.Suite - <<pass>> feature 1 of 1 (0 remaining) classpath:examples/features/callandcallonce/login.feature
07:44:47.100 [main] INFO  com.intuit.karate.Runner - using system property 'karate.options': classpath:examples/features/callandcallonce/person.feature
07:44:47.653 [main] DEBUG com.intuit.karate.Suite - [config] classpath:karate-config.js
07:44:47.659 [main] INFO  com.intuit.karate.Suite - backed up existing 'target\karate-reports' dir to: target\karate-reports_1779675287655
07:44:48.571 [main] INFO  com.intuit.karate - karate.env system property was: null 
07:44:48.640 [main] INFO  com.intuit.karate - Loaded API Key: free_user_3DvGOP3388gqq71IAt6bHhQ6DDZ 
07:44:48.989 [main] DEBUG com.intuit.karate - request:
1 > POST https://reqres.in/api/login
1 > x-api-key: free_user_3DvGOP3388gqq71IAt6bHhQ6DDZ
1 > Content-Type: application/json; charset=UTF-8
1 > Content-Length: 54
1 > Host: reqres.in
1 > Connection: Keep-Alive
1 > User-Agent: Apache-HttpClient/4.5.14 (Java/17.0.9)
1 > Accept-Encoding: gzip,deflate
{"email":"eve.holt@reqres.in","password":"cityslicka"}

07:44:49.565 [main] DEBUG com.intuit.karate - response time in milliseconds: 568
1 < 200
1 < Date: Mon, 25 May 2026 02:14:49 GMT
1 < Content-Type: application/json; charset=utf-8
1 < Transfer-Encoding: chunked
1 < Connection: keep-alive
1 < Access-Control-Allow-Origin: *
1 < Cache-Control: no-store
1 < Cross-Origin-Opener-Policy: same-origin
1 < Cross-Origin-Resource-Policy: same-origin
1 < Etag: W/"1b5-hRvA2JEEK9A0VJYTw8+bhNg/wj0"
1 < Nel: {"report_to":"heroku-nel","response_headers":["Via"],"max_age":3600,"success_fraction":0.01,"failure_fraction":0.1}
1 < Origin-Agent-Cluster: ?1
1 < Referrer-Policy: strict-origin-when-cross-origin
1 < Report-To: {"group":"heroku-nel","endpoints":[{"url":"https://nel.heroku.com/reports?s=Zz%2F7zMRiu27A45vQYNYVOTxmVU0roCeHmrs6qlgK8A4%3D\u0026sid=c4c9725f-1ab0-44d8-820f-430df2718e11\u0026ts=1779675289"}],"max_age":3600}
1 < Reporting-Endpoints: heroku-nel="https://nel.heroku.com/reports?s=Zz%2F7zMRiu27A45vQYNYVOTxmVU0roCeHmrs6qlgK8A4%3D&sid=c4c9725f-1ab0-44d8-820f-430df2718e11&ts=1779675289"
1 < Server: cloudflare
1 < Strict-Transport-Security: max-age=31536000; includeSubDomains
1 < Via: 1.1 heroku-router
1 < X-Content-Type-Options: nosniff
1 < X-Dns-Prefetch-Control: off
1 < X-Download-Options: noopen
1 < X-Frame-Options: DENY
1 < X-Permitted-Cross-Domain-Policies: none
1 < X-Powered-By: ReqRes.in - Deploy backends in 30 seconds
1 < X-Ratelimit-Limit: 250
1 < X-Ratelimit-Remaining: 244
1 < X-Ratelimit-Reset: 1779753600
1 < X-Reqres-Docs: https://reqres.in
1 < X-Reqres-Message: This API is powered by ReqRes. Deploy your own backend in 30 seconds!
1 < X-Reqres-Templates: https://app.reqres.in/templates
1 < X-Reqres-Tip: Need more than /api/users? Build custom collections - app.reqres.in/dashboard
1 < X-Reqres-Trial: true
1 < X-Reqres-Trial-Days-Remaining: 8
1 < X-Reqres-Trial-Expires: 2026-06-02T01:44:56.505Z
1 < X-Reqres-Upgrade: https://app.reqres.in/upgrade
1 < X-Request-Id: 9c881c38-2800-f223-eecc-a8d3106df803
1 < X-Robots-Tag: noindex, nofollow
1 < X-Xss-Protection: 0
1 < cf-cache-status: DYNAMIC
1 < CF-RAY: a011075edc2979ee-HYD
{"token":"QpwL5tke4Pnpja7X4","_meta":{"powered_by":"ReqRes","docs_url":"https://app.reqres.in/documentation","upgrade_url":"https://app.reqres.in/upgrade","example_url":"https://app.reqres.in/examples/notes-app","variant":"v1_a","message":"Your data persists here. Add auth, logs, and custom schemas to build a real backend.","cta":{"label":"See example app","url":"https://app.reqres.in/examples/notes-app"},"context":"legacy_success"}}

07:44:49.574 [main] ERROR com.intuit.karate - classpath:examples/features/callandcallonce/person.feature:7
* def token =login.authToken
no step-definition method match found for: def token =login.authToken
classpath:examples/features/callandcallonce/person.feature:7
07:44:50.234 [main] INFO  com.intuit.karate.Suite - <<fail>> feature 1 of 1 (0 remaining) classpath:examples/features/callandcallonce/person.feature
07:46:00.827 [main] INFO  com.intuit.karate.Runner - using system property 'karate.options': classpath:examples/features/callandcallonce/person.feature
07:46:01.349 [main] ERROR c.intuit.karate.core.FeatureParser - not a valid feature file: examples/features/callandcallonce/person.feature - mismatched input 'c' expecting <EOF>
07:48:15.680 [main] INFO  com.intuit.karate.Runner - using system property 'karate.options': classpath:examples/features/callandcallonce/person.feature
07:48:16.198 [main] DEBUG com.intuit.karate.Suite - [config] classpath:karate-config.js
07:48:16.206 [main] INFO  com.intuit.karate.Suite - backed up existing 'target\karate-reports' dir to: target\karate-reports_1779675496198
07:48:17.086 [main] INFO  com.intuit.karate - karate.env system property was: null 
07:48:17.155 [main] INFO  com.intuit.karate - Loaded API Key: free_user_3DvGOP3388gqq71IAt6bHhQ6DDZ 
07:48:17.193 [main] INFO  com.intuit.karate - >> lock acquired, begin callonce: read('classpath:examples/features/callandcallonce/login.feature')
07:48:17.509 [main] DEBUG com.intuit.karate - request:
1 > POST https://reqres.in/api/login
1 > x-api-key: free_user_3DvGOP3388gqq71IAt6bHhQ6DDZ
1 > Content-Type: application/json; charset=UTF-8
1 > Content-Length: 54
1 > Host: reqres.in
1 > Connection: Keep-Alive
1 > User-Agent: Apache-HttpClient/4.5.14 (Java/17.0.9)
1 > Accept-Encoding: gzip,deflate
{"email":"eve.holt@reqres.in","password":"cityslicka"}

07:48:18.098 [main] DEBUG com.intuit.karate - response time in milliseconds: 580
1 < 200
1 < Date: Mon, 25 May 2026 02:18:18 GMT
1 < Content-Type: application/json; charset=utf-8
1 < Transfer-Encoding: chunked
1 < Connection: keep-alive
1 < Access-Control-Allow-Origin: *
1 < Cache-Control: no-store
1 < Cross-Origin-Opener-Policy: same-origin
1 < Cross-Origin-Resource-Policy: same-origin
1 < Etag: W/"1b5-hRvA2JEEK9A0VJYTw8+bhNg/wj0"
1 < Nel: {"report_to":"heroku-nel","response_headers":["Via"],"max_age":3600,"success_fraction":0.01,"failure_fraction":0.1}
1 < Origin-Agent-Cluster: ?1
1 < Referrer-Policy: strict-origin-when-cross-origin
1 < Report-To: {"group":"heroku-nel","endpoints":[{"url":"https://nel.heroku.com/reports?s=6Oy9AsCfUJxsOwFEilmoCcnE%2FXkeAiXOV6Yd8YwXJEQ%3D\u0026sid=c4c9725f-1ab0-44d8-820f-430df2718e11\u0026ts=1779675498"}],"max_age":3600}
1 < Reporting-Endpoints: heroku-nel="https://nel.heroku.com/reports?s=6Oy9AsCfUJxsOwFEilmoCcnE%2FXkeAiXOV6Yd8YwXJEQ%3D&sid=c4c9725f-1ab0-44d8-820f-430df2718e11&ts=1779675498"
1 < Server: cloudflare
1 < Strict-Transport-Security: max-age=31536000; includeSubDomains
1 < Via: 1.1 heroku-router
1 < X-Content-Type-Options: nosniff
1 < X-Dns-Prefetch-Control: off
1 < X-Download-Options: noopen
1 < X-Frame-Options: DENY
1 < X-Permitted-Cross-Domain-Policies: none
1 < X-Powered-By: ReqRes.in - Deploy backends in 30 seconds
1 < X-Ratelimit-Limit: 250
1 < X-Ratelimit-Remaining: 243
1 < X-Ratelimit-Reset: 1779753600
1 < X-Reqres-Docs: https://reqres.in
1 < X-Reqres-Message: This API is powered by ReqRes. Deploy your own backend in 30 seconds!
1 < X-Reqres-Templates: https://app.reqres.in/templates
1 < X-Reqres-Tip: Create your own backend with persistent data - app.reqres.in/dashboard
1 < X-Reqres-Trial: true
1 < X-Reqres-Trial-Days-Remaining: 8
1 < X-Reqres-Trial-Expires: 2026-06-02T01:44:56.505Z
1 < X-Reqres-Upgrade: https://app.reqres.in/upgrade
1 < X-Request-Id: 5679d593-2144-0623-a66d-e89a452bd2f0
1 < X-Robots-Tag: noindex, nofollow
1 < X-Xss-Protection: 0
1 < cf-cache-status: DYNAMIC
1 < CF-RAY: a0110c762a3d41e5-HYD
{"token":"QpwL5tke4Pnpja7X4","_meta":{"powered_by":"ReqRes","docs_url":"https://app.reqres.in/documentation","upgrade_url":"https://app.reqres.in/upgrade","example_url":"https://app.reqres.in/examples/notes-app","variant":"v1_a","message":"Your data persists here. Add auth, logs, and custom schemas to build a real backend.","cta":{"label":"See example app","url":"https://app.reqres.in/examples/notes-app"},"context":"legacy_success"}}

07:48:18.101 [main] INFO  com.intuit.karate - << lock released, cached callonce: read('classpath:examples/features/callandcallonce/login.feature')
07:48:18.101 [main] DEBUG com.intuit.karate - request:
1 > GET https://reqres.in/api/users/2
1 > x-api-key: free_user_3DvGOP3388gqq71IAt6bHhQ6DDZ
1 > Host: reqres.in
1 > Connection: Keep-Alive
1 > User-Agent: Apache-HttpClient/4.5.14 (Java/17.0.9)
1 > Accept-Encoding: gzip,deflate


07:48:18.507 [main] DEBUG com.intuit.karate - response time in milliseconds: 404
1 < 200
1 < Date: Mon, 25 May 2026 02:18:18 GMT
1 < Content-Type: application/json; charset=utf-8
1 < Transfer-Encoding: chunked
1 < Connection: keep-alive
1 < Access-Control-Allow-Origin: *
1 < Cache-Control: public, max-age=14400, s-maxage=60
1 < cdn-cache-control: max-age=60
1 < Cross-Origin-Opener-Policy: same-origin
1 < Cross-Origin-Resource-Policy: same-origin
1 < etag: W/"309-xht0adi+2R3nyR08DqinqzlyEM0"
1 < Nel: {"report_to":"heroku-nel","response_headers":["Via"],"max_age":3600,"success_fraction":0.01,"failure_fraction":0.1}
1 < Origin-Agent-Cluster: ?1
1 < Ratelimit-Limit: 20
1 < Ratelimit-Policy: 20;w=60
1 < Ratelimit-Remaining: 19
1 < Ratelimit-Reset: 60
1 < Referrer-Policy: strict-origin-when-cross-origin
1 < Report-To: {"group":"heroku-nel","endpoints":[{"url":"https://nel.heroku.com/reports?s=QjDxSUOiO%2BvJP%2BH36sEOkis9%2FXi%2FJ1MqztgINraRAYI%3D\u0026sid=c4c9725f-1ab0-44d8-820f-430df2718e11\u0026ts=1779673830"}],"max_age":3600}
1 < Reporting-Endpoints: heroku-nel="https://nel.heroku.com/reports?s=QjDxSUOiO%2BvJP%2BH36sEOkis9%2FXi%2FJ1MqztgINraRAYI%3D&sid=c4c9725f-1ab0-44d8-820f-430df2718e11&ts=1779673830"
1 < Server: cloudflare
1 < Strict-Transport-Security: max-age=31536000; includeSubDomains
1 < Via: 1.1 heroku-router
1 < X-Content-Type-Options: nosniff
1 < X-Dns-Prefetch-Control: off
1 < X-Download-Options: noopen
1 < X-Frame-Options: DENY
1 < X-Permitted-Cross-Domain-Policies: none
1 < X-Powered-By: ReqRes.in - Deploy backends in 30 seconds
1 < X-Ratelimit-Limit: 250
1 < X-Ratelimit-Remaining: 249
1 < X-Ratelimit-Reset: 1779753600
1 < X-Reqres-Docs: https://reqres.in
1 < X-Reqres-Message: This API is powered by ReqRes. Deploy your own backend in 30 seconds!
1 < X-Reqres-Templates: https://app.reqres.in/templates
1 < X-Reqres-Tip: Generate a complete backend from a description - app.reqres.in/dashboard
1 < X-Reqres-Trial: true
1 < X-Reqres-Trial-Days-Remaining: 8
1 < X-Reqres-Trial-Expires: 2026-06-02T01:44:56.505Z
1 < X-Reqres-Upgrade: https://app.reqres.in/upgrade
1 < X-Request-Id: 487dc06e-c75b-d6e2-ed65-eb6007527773
1 < X-Robots-Tag: noindex, nofollow
1 < X-Xss-Protection: 0
1 < cf-cache-status: REVALIDATED
1 < CF-RAY: a0110c78ceaac070-HYD
{"data":{"id":2,"email":"janet.weaver@reqres.in","first_name":"Janet","last_name":"Weaver","avatar":"https://reqres.in/img/faces/2-image.jpg"},"support":{"url":"https://benhowdle.im/first-cto-playbook?utm_source=reqres&utm_medium=json&utm_campaign=referral","text":"Become a better CTO. A playbook of painful stories and practical advice from a two-time startup CTO."},"_meta":{"powered_by":"ReqRes","docs_url":"https://app.reqres.in/documentation","upgrade_url":"https://app.reqres.in/upgrade","example_url":"https://app.reqres.in/examples/notes-app","variant":"v1_a","message":"Your data persists here. Add auth, logs, and custom schemas to build a real backend.","cta":{"label":"See example app","url":"https://app.reqres.in/examples/notes-app"},"context":"legacy_success"}}

07:48:18.509 [main] INFO  com.intuit.karate - [print] QpwL5tke4Pnpja7X4 
07:48:19.155 [main] INFO  com.intuit.karate.Suite - <<pass>> feature 1 of 1 (0 remaining) classpath:examples/features/callandcallonce/person.feature
07:51:25.723 [main] INFO  com.intuit.karate.Runner - using system property 'karate.options': classpath:examples/features/callandcallonce/callonce.feature
07:51:26.322 [main] ERROR c.intuit.karate.core.FeatureParser - not a valid feature file: examples/features/callandcallonce/callonce.feature - mismatched input 'c' expecting <EOF>
07:52:11.488 [main] INFO  com.intuit.karate.Runner - using system property 'karate.options': classpath:examples/features/callandcallonce/callonce.feature
07:52:11.999 [main] DEBUG com.intuit.karate.Suite - [config] classpath:karate-config.js
07:52:12.003 [main] INFO  com.intuit.karate.Suite - backed up existing 'target\karate-reports' dir to: target\karate-reports_1779675732000
07:52:12.857 [main] INFO  com.intuit.karate - karate.env system property was: null 
07:52:12.908 [main] INFO  com.intuit.karate - Loaded API Key: free_user_3DvGOP3388gqq71IAt6bHhQ6DDZ 
07:52:12.939 [main] INFO  com.intuit.karate - >> lock acquired, begin callonce: read('classpath:examples/features/callandcallonce/login.feature')
07:52:13.250 [main] DEBUG com.intuit.karate - request:
1 > POST https://reqres.in/api/login
1 > x-api-key: free_user_3DvGOP3388gqq71IAt6bHhQ6DDZ
1 > Content-Type: application/json; charset=UTF-8
1 > Content-Length: 54
1 > Host: reqres.in
1 > Connection: Keep-Alive
1 > User-Agent: Apache-HttpClient/4.5.14 (Java/17.0.9)
1 > Accept-Encoding: gzip,deflate
{"email":"eve.holt@reqres.in","password":"cityslicka"}

07:52:13.824 [main] DEBUG com.intuit.karate - response time in milliseconds: 569
1 < 200
1 < Date: Mon, 25 May 2026 02:22:14 GMT
1 < Content-Type: application/json; charset=utf-8
1 < Transfer-Encoding: chunked
1 < Connection: keep-alive
1 < Access-Control-Allow-Origin: *
1 < Cache-Control: no-store
1 < Cross-Origin-Opener-Policy: same-origin
1 < Cross-Origin-Resource-Policy: same-origin
1 < Etag: W/"1b5-hRvA2JEEK9A0VJYTw8+bhNg/wj0"
1 < Nel: {"report_to":"heroku-nel","response_headers":["Via"],"max_age":3600,"success_fraction":0.01,"failure_fraction":0.1}
1 < Origin-Agent-Cluster: ?1
1 < Referrer-Policy: strict-origin-when-cross-origin
1 < Report-To: {"group":"heroku-nel","endpoints":[{"url":"https://nel.heroku.com/reports?s=3A%2FqTmO%2BBQU52NzcLYCZBULk9tGd556CpMTf0FuA0%2Bw%3D\u0026sid=c4c9725f-1ab0-44d8-820f-430df2718e11\u0026ts=1779675733"}],"max_age":3600}
1 < Reporting-Endpoints: heroku-nel="https://nel.heroku.com/reports?s=3A%2FqTmO%2BBQU52NzcLYCZBULk9tGd556CpMTf0FuA0%2Bw%3D&sid=c4c9725f-1ab0-44d8-820f-430df2718e11&ts=1779675733"
1 < Server: cloudflare
1 < Strict-Transport-Security: max-age=31536000; includeSubDomains
1 < Via: 1.1 heroku-router
1 < X-Content-Type-Options: nosniff
1 < X-Dns-Prefetch-Control: off
1 < X-Download-Options: noopen
1 < X-Frame-Options: DENY
1 < X-Permitted-Cross-Domain-Policies: none
1 < X-Powered-By: ReqRes.in - Deploy backends in 30 seconds
1 < X-Ratelimit-Limit: 250
1 < X-Ratelimit-Remaining: 241
1 < X-Ratelimit-Reset: 1779753600
1 < X-Reqres-Docs: https://reqres.in
1 < X-Reqres-Message: This API is powered by ReqRes. Deploy your own backend in 30 seconds!
1 < X-Reqres-Templates: https://app.reqres.in/templates
1 < X-Reqres-Tip: Add real user auth to your app with magic codes - reqres.in/docs
1 < X-Reqres-Trial: true
1 < X-Reqres-Trial-Days-Remaining: 8
1 < X-Reqres-Trial-Expires: 2026-06-02T01:44:56.505Z
1 < X-Reqres-Upgrade: https://app.reqres.in/upgrade
1 < X-Request-Id: 1a7faad9-04b3-df5b-ac37-7ed0388d464c
1 < X-Robots-Tag: noindex, nofollow
1 < X-Xss-Protection: 0
1 < cf-cache-status: DYNAMIC
1 < CF-RAY: a01112375ec0dc75-HYD
{"token":"QpwL5tke4Pnpja7X4","_meta":{"powered_by":"ReqRes","docs_url":"https://app.reqres.in/documentation","upgrade_url":"https://app.reqres.in/upgrade","example_url":"https://app.reqres.in/examples/notes-app","variant":"v1_a","message":"Your data persists here. Add auth, logs, and custom schemas to build a real backend.","cta":{"label":"See example app","url":"https://app.reqres.in/examples/notes-app"},"context":"legacy_success"}}

07:52:13.830 [main] INFO  com.intuit.karate - << lock released, cached callonce: read('classpath:examples/features/callandcallonce/login.feature')
07:52:13.835 [main] ERROR com.intuit.karate - classpath:examples/features/callandcallonce/callonce.feature:14
When method GET
incomplete http request, 'url' not set
classpath:examples/features/callandcallonce/callonce.feature:14
07:52:13.845 [main] INFO  com.intuit.karate - karate.env system property was: null 
07:52:13.849 [main] INFO  com.intuit.karate - Loaded API Key: free_user_3DvGOP3388gqq71IAt6bHhQ6DDZ 
07:52:13.856 [main] ERROR com.intuit.karate - classpath:examples/features/callandcallonce/callonce.feature:23
When method GET
incomplete http request, 'url' not set
classpath:examples/features/callandcallonce/callonce.feature:23
07:52:14.514 [main] INFO  com.intuit.karate.Suite - <<fail>> feature 1 of 1 (0 remaining) classpath:examples/features/callandcallonce/callonce.feature
07:53:31.801 [main] INFO  com.intuit.karate.Runner - using system property 'karate.options': classpath:examples/features/callandcallonce/callonce.feature
07:53:32.368 [main] DEBUG com.intuit.karate.Suite - [config] classpath:karate-config.js
07:53:32.400 [main] INFO  com.intuit.karate.Suite - backed up existing 'target\karate-reports' dir to: target\karate-reports_1779675812368
07:53:33.288 [main] INFO  com.intuit.karate - karate.env system property was: null 
07:53:33.331 [main] INFO  com.intuit.karate - Loaded API Key: free_user_3DvGOP3388gqq71IAt6bHhQ6DDZ 
07:53:33.386 [main] INFO  com.intuit.karate - >> lock acquired, begin callonce: read('classpath:examples/features/callandcallonce/login.feature')
07:53:33.692 [main] DEBUG com.intuit.karate - request:
1 > POST https://reqres.in/api/login
1 > x-api-key: free_user_3DvGOP3388gqq71IAt6bHhQ6DDZ
1 > Content-Type: application/json; charset=UTF-8
1 > Content-Length: 54
1 > Host: reqres.in
1 > Connection: Keep-Alive
1 > User-Agent: Apache-HttpClient/4.5.14 (Java/17.0.9)
1 > Accept-Encoding: gzip,deflate
{"email":"eve.holt@reqres.in","password":"cityslicka"}

07:53:34.257 [main] DEBUG com.intuit.karate - response time in milliseconds: 562
1 < 200
1 < Date: Mon, 25 May 2026 02:23:34 GMT
1 < Content-Type: application/json; charset=utf-8
1 < Transfer-Encoding: chunked
1 < Connection: keep-alive
1 < Access-Control-Allow-Origin: *
1 < Cache-Control: no-store
1 < Cross-Origin-Opener-Policy: same-origin
1 < Cross-Origin-Resource-Policy: same-origin
1 < Etag: W/"1b5-hRvA2JEEK9A0VJYTw8+bhNg/wj0"
1 < Nel: {"report_to":"heroku-nel","response_headers":["Via"],"max_age":3600,"success_fraction":0.01,"failure_fraction":0.1}
1 < Origin-Agent-Cluster: ?1
1 < Referrer-Policy: strict-origin-when-cross-origin
1 < Report-To: {"group":"heroku-nel","endpoints":[{"url":"https://nel.heroku.com/reports?s=W%2BUePUmL%2BBLXPtOjEiEGVm%2BMNGpbX%2BPlj9Dl%2BZkQKDM%3D\u0026sid=c4c9725f-1ab0-44d8-820f-430df2718e11\u0026ts=1779675814"}],"max_age":3600}
1 < Reporting-Endpoints: heroku-nel="https://nel.heroku.com/reports?s=W%2BUePUmL%2BBLXPtOjEiEGVm%2BMNGpbX%2BPlj9Dl%2BZkQKDM%3D&sid=c4c9725f-1ab0-44d8-820f-430df2718e11&ts=1779675814"
1 < Server: cloudflare
1 < Strict-Transport-Security: max-age=31536000; includeSubDomains
1 < Via: 1.1 heroku-router
1 < X-Content-Type-Options: nosniff
1 < X-Dns-Prefetch-Control: off
1 < X-Download-Options: noopen
1 < X-Frame-Options: DENY
1 < X-Permitted-Cross-Domain-Policies: none
1 < X-Powered-By: ReqRes.in - Deploy backends in 30 seconds
1 < X-Ratelimit-Limit: 250
1 < X-Ratelimit-Remaining: 240
1 < X-Ratelimit-Reset: 1779753600
1 < X-Reqres-Docs: https://reqres.in
1 < X-Reqres-Message: This API is powered by ReqRes. Deploy your own backend in 30 seconds!
1 < X-Reqres-Templates: https://app.reqres.in/templates
1 < X-Reqres-Tip: Create your own backend with persistent data - app.reqres.in/dashboard
1 < X-Reqres-Trial: true
1 < X-Reqres-Trial-Days-Remaining: 8
1 < X-Reqres-Trial-Expires: 2026-06-02T01:44:56.505Z
1 < X-Reqres-Upgrade: https://app.reqres.in/upgrade
1 < X-Request-Id: 152960b5-0cce-6e9a-656f-4ca3f75afb30
1 < X-Robots-Tag: noindex, nofollow
1 < X-Xss-Protection: 0
1 < cf-cache-status: DYNAMIC
1 < CF-RAY: a011142e0e515924-HYD
{"token":"QpwL5tke4Pnpja7X4","_meta":{"powered_by":"ReqRes","docs_url":"https://app.reqres.in/documentation","upgrade_url":"https://app.reqres.in/upgrade","example_url":"https://app.reqres.in/examples/notes-app","variant":"v1_a","message":"Your data persists here. Add auth, logs, and custom schemas to build a real backend.","cta":{"label":"See example app","url":"https://app.reqres.in/examples/notes-app"},"context":"legacy_success"}}

07:53:34.263 [main] INFO  com.intuit.karate - << lock released, cached callonce: read('classpath:examples/features/callandcallonce/login.feature')
07:53:34.268 [main] DEBUG com.intuit.karate - request:
1 > GET https://reqres.in/api/users/2
1 > x-api-key: free_user_3DvGOP3388gqq71IAt6bHhQ6DDZ
1 > Host: reqres.in
1 > Connection: Keep-Alive
1 > User-Agent: Apache-HttpClient/4.5.14 (Java/17.0.9)
1 > Accept-Encoding: gzip,deflate


07:53:34.668 [main] DEBUG com.intuit.karate - response time in milliseconds: 398
1 < 200
1 < Date: Mon, 25 May 2026 02:23:34 GMT
1 < Content-Type: application/json; charset=utf-8
1 < Transfer-Encoding: chunked
1 < Connection: keep-alive
1 < Access-Control-Allow-Origin: *
1 < Cache-Control: public, max-age=14400, s-maxage=60
1 < cdn-cache-control: max-age=60
1 < Cross-Origin-Opener-Policy: same-origin
1 < Cross-Origin-Resource-Policy: same-origin
1 < etag: W/"309-xht0adi+2R3nyR08DqinqzlyEM0"
1 < Nel: {"report_to":"heroku-nel","response_headers":["Via"],"max_age":3600,"success_fraction":0.01,"failure_fraction":0.1}
1 < Origin-Agent-Cluster: ?1
1 < Ratelimit-Limit: 20
1 < Ratelimit-Policy: 20;w=60
1 < Ratelimit-Remaining: 19
1 < Ratelimit-Reset: 60
1 < Referrer-Policy: strict-origin-when-cross-origin
1 < Report-To: {"group":"heroku-nel","endpoints":[{"url":"https://nel.heroku.com/reports?s=QjDxSUOiO%2BvJP%2BH36sEOkis9%2FXi%2FJ1MqztgINraRAYI%3D\u0026sid=c4c9725f-1ab0-44d8-820f-430df2718e11\u0026ts=1779673830"}],"max_age":3600}
1 < Reporting-Endpoints: heroku-nel="https://nel.heroku.com/reports?s=QjDxSUOiO%2BvJP%2BH36sEOkis9%2FXi%2FJ1MqztgINraRAYI%3D&sid=c4c9725f-1ab0-44d8-820f-430df2718e11&ts=1779673830"
1 < Server: cloudflare
1 < Strict-Transport-Security: max-age=31536000; includeSubDomains
1 < Via: 1.1 heroku-router
1 < X-Content-Type-Options: nosniff
1 < X-Dns-Prefetch-Control: off
1 < X-Download-Options: noopen
1 < X-Frame-Options: DENY
1 < X-Permitted-Cross-Domain-Policies: none
1 < X-Powered-By: ReqRes.in - Deploy backends in 30 seconds
1 < X-Ratelimit-Limit: 250
1 < X-Ratelimit-Remaining: 249
1 < X-Ratelimit-Reset: 1779753600
1 < X-Reqres-Docs: https://reqres.in
1 < X-Reqres-Message: This API is powered by ReqRes. Deploy your own backend in 30 seconds!
1 < X-Reqres-Templates: https://app.reqres.in/templates
1 < X-Reqres-Tip: Generate a complete backend from a description - app.reqres.in/dashboard
1 < X-Reqres-Trial: true
1 < X-Reqres-Trial-Days-Remaining: 8
1 < X-Reqres-Trial-Expires: 2026-06-02T01:44:56.505Z
1 < X-Reqres-Upgrade: https://app.reqres.in/upgrade
1 < X-Request-Id: 487dc06e-c75b-d6e2-ed65-eb6007527773
1 < X-Robots-Tag: noindex, nofollow
1 < X-Xss-Protection: 0
1 < cf-cache-status: REVALIDATED
1 < CF-RAY: a0111430aa7421ba-HYD
{"data":{"id":2,"email":"janet.weaver@reqres.in","first_name":"Janet","last_name":"Weaver","avatar":"https://reqres.in/img/faces/2-image.jpg"},"support":{"url":"https://benhowdle.im/first-cto-playbook?utm_source=reqres&utm_medium=json&utm_campaign=referral","text":"Become a better CTO. A playbook of painful stories and practical advice from a two-time startup CTO."},"_meta":{"powered_by":"ReqRes","docs_url":"https://app.reqres.in/documentation","upgrade_url":"https://app.reqres.in/upgrade","example_url":"https://app.reqres.in/examples/notes-app","variant":"v1_a","message":"Your data persists here. Add auth, logs, and custom schemas to build a real backend.","cta":{"label":"See example app","url":"https://app.reqres.in/examples/notes-app"},"context":"legacy_success"}}

07:53:34.668 [main] INFO  com.intuit.karate - karate.env system property was: null 
07:53:34.668 [main] INFO  com.intuit.karate - Loaded API Key: free_user_3DvGOP3388gqq71IAt6bHhQ6DDZ 
07:53:34.684 [main] DEBUG com.intuit.karate - request:
1 > GET https://reqres.in/api/users/3
1 > x-api-key: free_user_3DvGOP3388gqq71IAt6bHhQ6DDZ
1 > Host: reqres.in
1 > Connection: Keep-Alive
1 > User-Agent: Apache-HttpClient/4.5.14 (Java/17.0.9)
1 > Accept-Encoding: gzip,deflate


07:53:35.132 [main] DEBUG com.intuit.karate - response time in milliseconds: 448
1 < 200
1 < Date: Mon, 25 May 2026 02:23:35 GMT
1 < Content-Type: application/json; charset=utf-8
1 < Transfer-Encoding: chunked
1 < Connection: keep-alive
1 < Access-Control-Allow-Origin: *
1 < Cache-Control: public, max-age=14400, s-maxage=60
1 < Cdn-Cache-Control: max-age=60
1 < Cross-Origin-Opener-Policy: same-origin
1 < Cross-Origin-Resource-Policy: same-origin
1 < Etag: W/"303-G6Ae4zUfLnZ9yMwgG+Khc4JFC3I"
1 < Nel: {"report_to":"heroku-nel","response_headers":["Via"],"max_age":3600,"success_fraction":0.01,"failure_fraction":0.1}
1 < Origin-Agent-Cluster: ?1
1 < Ratelimit-Limit: 20
1 < Ratelimit-Policy: 20;w=60
1 < Ratelimit-Remaining: 19
1 < Ratelimit-Reset: 60
1 < Referrer-Policy: strict-origin-when-cross-origin
1 < Report-To: {"group":"heroku-nel","endpoints":[{"url":"https://nel.heroku.com/reports?s=411flPbKZ6aDH8XIYOSM8qOsW5VreuLpyBZjEBSyygs%3D\u0026sid=c4c9725f-1ab0-44d8-820f-430df2718e11\u0026ts=1779675815"}],"max_age":3600}
1 < Reporting-Endpoints: heroku-nel="https://nel.heroku.com/reports?s=411flPbKZ6aDH8XIYOSM8qOsW5VreuLpyBZjEBSyygs%3D&sid=c4c9725f-1ab0-44d8-820f-430df2718e11&ts=1779675815"
1 < Server: cloudflare
1 < Strict-Transport-Security: max-age=31536000; includeSubDomains
1 < Via: 1.1 heroku-router
1 < X-Content-Type-Options: nosniff
1 < X-Dns-Prefetch-Control: off
1 < X-Download-Options: noopen
1 < X-Frame-Options: DENY
1 < X-Permitted-Cross-Domain-Policies: none
1 < X-Powered-By: ReqRes.in - Deploy backends in 30 seconds
1 < X-Ratelimit-Limit: 250
1 < X-Ratelimit-Remaining: 238
1 < X-Ratelimit-Reset: 1779753600
1 < X-Reqres-Docs: https://reqres.in
1 < X-Reqres-Message: This API is powered by ReqRes. Deploy your own backend in 30 seconds!
1 < X-Reqres-Templates: https://app.reqres.in/templates
1 < X-Reqres-Tip: Create your own backend with persistent data - app.reqres.in/dashboard
1 < X-Reqres-Trial: true
1 < X-Reqres-Trial-Days-Remaining: 8
1 < X-Reqres-Trial-Expires: 2026-06-02T01:44:56.505Z
1 < X-Reqres-Upgrade: https://app.reqres.in/upgrade
1 < X-Request-Id: b37984e8-a3ff-5ec1-eed4-f8852ce70200
1 < X-Robots-Tag: noindex, nofollow
1 < X-Xss-Protection: 0
1 < cf-cache-status: EXPIRED
1 < CF-RAY: a01114334c4879de-HYD
{"data":{"id":3,"email":"emma.wong@reqres.in","first_name":"Emma","last_name":"Wong","avatar":"https://reqres.in/img/faces/3-image.jpg"},"support":{"url":"https://benhowdle.im/first-cto-playbook?utm_source=reqres&utm_medium=json&utm_campaign=referral","text":"Become a better CTO. A playbook of painful stories and practical advice from a two-time startup CTO."},"_meta":{"powered_by":"ReqRes","docs_url":"https://app.reqres.in/documentation","upgrade_url":"https://app.reqres.in/upgrade","example_url":"https://app.reqres.in/examples/notes-app","variant":"v1_a","message":"Your data persists here. Add auth, logs, and custom schemas to build a real backend.","cta":{"label":"See example app","url":"https://app.reqres.in/examples/notes-app"},"context":"legacy_success"}}

07:53:35.782 [main] INFO  com.intuit.karate.Suite - <<pass>> feature 1 of 1 (0 remaining) classpath:examples/features/callandcallonce/callonce.feature
08:06:09.623 [main] INFO  com.intuit.karate.Runner - using system property 'karate.options': classpath:examples/features/callandcallonce/person.feature
08:06:10.128 [main] ERROR c.intuit.karate.core.FeatureParser - not a valid feature file: examples/features/callandcallonce/person.feature - mismatched input ''' expecting <EOF>
08:06:34.407 [main] INFO  com.intuit.karate.Runner - using system property 'karate.options': classpath:examples/features/callandcallonce/person.feature
08:06:34.910 [main] DEBUG com.intuit.karate.Suite - [config] classpath:karate-config.js
08:06:34.916 [main] INFO  com.intuit.karate.Suite - backed up existing 'target\karate-reports' dir to: target\karate-reports_1779676594912
08:06:35.959 [main] INFO  com.intuit.karate - karate.env system property was: null 
08:06:36.045 [main] INFO  com.intuit.karate - Loaded API Key: free_user_3DvGOP3388gqq71IAt6bHhQ6DDZ 
08:06:36.429 [main] DEBUG com.intuit.karate - request:
1 > POST https://reqres.in/api/login
1 > x-api-key: free_user_3DvGOP3388gqq71IAt6bHhQ6DDZ
1 > Content-Type: application/json; charset=UTF-8
1 > Content-Length: 54
1 > Host: reqres.in
1 > Connection: Keep-Alive
1 > User-Agent: Apache-HttpClient/4.5.14 (Java/17.0.9)
1 > Accept-Encoding: gzip,deflate
{"email":"eve.holt@reqres.in","password":"cityslicka"}

08:06:37.087 [main] DEBUG com.intuit.karate - response time in milliseconds: 654
1 < 200
1 < Date: Mon, 25 May 2026 02:36:37 GMT
1 < Content-Type: application/json; charset=utf-8
1 < Transfer-Encoding: chunked
1 < Connection: keep-alive
1 < Access-Control-Allow-Origin: *
1 < Cache-Control: no-store
1 < Cross-Origin-Opener-Policy: same-origin
1 < Cross-Origin-Resource-Policy: same-origin
1 < Etag: W/"1b5-hRvA2JEEK9A0VJYTw8+bhNg/wj0"
1 < Nel: {"report_to":"heroku-nel","response_headers":["Via"],"max_age":3600,"success_fraction":0.01,"failure_fraction":0.1}
1 < Origin-Agent-Cluster: ?1
1 < Referrer-Policy: strict-origin-when-cross-origin
1 < Report-To: {"group":"heroku-nel","endpoints":[{"url":"https://nel.heroku.com/reports?s=E0TLJwR0OjdSdjiBv8ExWZL7KZrVOg0v1lZ1xRzGB%2Fs%3D\u0026sid=c4c9725f-1ab0-44d8-820f-430df2718e11\u0026ts=1779676597"}],"max_age":3600}
1 < Reporting-Endpoints: heroku-nel="https://nel.heroku.com/reports?s=E0TLJwR0OjdSdjiBv8ExWZL7KZrVOg0v1lZ1xRzGB%2Fs%3D&sid=c4c9725f-1ab0-44d8-820f-430df2718e11&ts=1779676597"
1 < Server: cloudflare
1 < Strict-Transport-Security: max-age=31536000; includeSubDomains
1 < Via: 1.1 heroku-router
1 < X-Content-Type-Options: nosniff
1 < X-Dns-Prefetch-Control: off
1 < X-Download-Options: noopen
1 < X-Frame-Options: DENY
1 < X-Permitted-Cross-Domain-Policies: none
1 < X-Powered-By: ReqRes.in - Deploy backends in 30 seconds
1 < X-Ratelimit-Limit: 250
1 < X-Ratelimit-Remaining: 237
1 < X-Ratelimit-Reset: 1779753600
1 < X-Reqres-Docs: https://reqres.in
1 < X-Reqres-Message: This API is powered by ReqRes. Deploy your own backend in 30 seconds!
1 < X-Reqres-Templates: https://app.reqres.in/templates
1 < X-Reqres-Tip: Generate a complete backend from a description - app.reqres.in/dashboard
1 < X-Reqres-Trial: true
1 < X-Reqres-Trial-Days-Remaining: 8
1 < X-Reqres-Trial-Expires: 2026-06-02T01:44:56.505Z
1 < X-Reqres-Upgrade: https://app.reqres.in/upgrade
1 < X-Request-Id: c599e620-4597-ab52-4816-c4ae70b4a732
1 < X-Robots-Tag: noindex, nofollow
1 < X-Xss-Protection: 0
1 < cf-cache-status: DYNAMIC
1 < CF-RAY: a011274a6bee5924-HYD
{"token":"QpwL5tke4Pnpja7X4","_meta":{"powered_by":"ReqRes","docs_url":"https://app.reqres.in/documentation","upgrade_url":"https://app.reqres.in/upgrade","example_url":"https://app.reqres.in/examples/notes-app","variant":"v1_a","message":"Your data persists here. Add auth, logs, and custom schemas to build a real backend.","cta":{"label":"See example app","url":"https://app.reqres.in/examples/notes-app"},"context":"legacy_success"}}

08:06:37.108 [main] DEBUG com.intuit.karate - request:
1 > GET https://reqres.in/api/users/2
1 > Authorization: Bearer QpwL5tke4Pnpja7X4
1 > Host: reqres.in
1 > Connection: Keep-Alive
1 > User-Agent: Apache-HttpClient/4.5.14 (Java/17.0.9)
1 > Accept-Encoding: gzip,deflate


08:06:37.511 [main] DEBUG com.intuit.karate - response time in milliseconds: 403
1 < 401
1 < Date: Mon, 25 May 2026 02:36:37 GMT
1 < Content-Type: application/json; charset=utf-8
1 < Content-Length: 1045
1 < Connection: keep-alive
1 < Access-Control-Allow-Origin: *
1 < Cache-Control: no-store
1 < Cross-Origin-Opener-Policy: same-origin
1 < Cross-Origin-Resource-Policy: same-origin
1 < Etag: W/"415-mXOE2igMDOgWqW/8jqDwMLvrBbo"
1 < Nel: {"report_to":"heroku-nel","response_headers":["Via"],"max_age":3600,"success_fraction":0.01,"failure_fraction":0.1}
1 < Origin-Agent-Cluster: ?1
1 < Referrer-Policy: strict-origin-when-cross-origin
1 < Report-To: {"group":"heroku-nel","endpoints":[{"url":"https://nel.heroku.com/reports?s=E0TLJwR0OjdSdjiBv8ExWZL7KZrVOg0v1lZ1xRzGB%2Fs%3D\u0026sid=c4c9725f-1ab0-44d8-820f-430df2718e11\u0026ts=1779676597"}],"max_age":3600}
1 < Reporting-Endpoints: heroku-nel="https://nel.heroku.com/reports?s=E0TLJwR0OjdSdjiBv8ExWZL7KZrVOg0v1lZ1xRzGB%2Fs%3D&sid=c4c9725f-1ab0-44d8-820f-430df2718e11&ts=1779676597"
1 < Server: cloudflare
1 < Strict-Transport-Security: max-age=31536000; includeSubDomains
1 < Via: 1.1 heroku-router
1 < X-Content-Type-Options: nosniff
1 < X-Dns-Prefetch-Control: off
1 < X-Download-Options: noopen
1 < X-Frame-Options: DENY
1 < X-Permitted-Cross-Domain-Policies: none
1 < X-Powered-By: ReqRes.in - Deploy backends in 30 seconds
1 < X-Reqres-Docs: https://reqres.in
1 < X-Reqres-Help: missing_api_key
1 < X-Reqres-Message: This API is powered by ReqRes. Deploy your own backend in 30 seconds!
1 < X-Reqres-Templates: https://app.reqres.in/templates
1 < X-Reqres-Tip: Generate a complete backend from a description - app.reqres.in/dashboard
1 < X-Reqres-Upgrade: https://app.reqres.in/upgrade
1 < X-Request-Id: 8230ecb0-37d9-455f-faef-92653241fbc8
1 < X-Robots-Tag: noindex, nofollow
1 < X-Xss-Protection: 0
1 < cf-cache-status: BYPASS
1 < CF-RAY: a011274d396d347a-HYD
{"error":"missing_api_key","message":"The x-api-key header is required for this endpoint.","hint":"You sent a Bearer token but /api/* endpoints require x-api-key. Bearer tokens are for /app/* endpoints (app user access to scoped data).","next_steps":["For admin operations: add x-api-key header instead of Bearer","For app user data access: use /app/collections/:slug/records with your Bearer token","Get your API key at app.reqres.in/api-keys"],"docs_url":"https://app.reqres.in/docs#authentication","example_curl":"curl -H \"x-api-key: YOUR_API_KEY\" https://api.reqres.in/api/collections","details":"Authorization: Bearer was provided but this endpoint expects x-api-key header.","_meta":{"powered_by":"ReqRes","docs_url":"https://app.reqres.in/documentation","upgrade_url":"https://app.reqres.in/upgrade","example_url":"https://app.reqres.in/examples/notes-app","variant":"v1_a","message":"API key invalid or revoked. Create a new key in API Keys.","cta":{"label":"Get a key","url":"https://app.reqres.in/api-keys"},"context":"invalid_key"}}

08:06:37.519 [main] ERROR com.intuit.karate - classpath:examples/features/callandcallonce/person.feature:20
Then status 200
status code was: 401, expected: 200, response time in milliseconds: 403, url: https://reqres.in/api/users/2, response: 
{"error":"missing_api_key","message":"The x-api-key header is required for this endpoint.","hint":"You sent a Bearer token but /api/* endpoints require x-api-key. Bearer tokens are for /app/* endpoints (app user access to scoped data).","next_steps":["For admin operations: add x-api-key header instead of Bearer","For app user data access: use /app/collections/:slug/records with your Bearer token","Get your API key at app.reqres.in/api-keys"],"docs_url":"https://app.reqres.in/docs#authentication","example_curl":"curl -H \"x-api-key: YOUR_API_KEY\" https://api.reqres.in/api/collections","details":"Authorization: Bearer was provided but this endpoint expects x-api-key header.","_meta":{"powered_by":"ReqRes","docs_url":"https://app.reqres.in/documentation","upgrade_url":"https://app.reqres.in/upgrade","example_url":"https://app.reqres.in/examples/notes-app","variant":"v1_a","message":"API key invalid or revoked. Create a new key in API Keys.","cta":{"label":"Get a key","url":"https://app.reqres.in/api-keys"},"context":"invalid_key"}}
classpath:examples/features/callandcallonce/person.feature:20
08:06:38.206 [main] INFO  com.intuit.karate.Suite - <<fail>> feature 1 of 1 (0 remaining) classpath:examples/features/callandcallonce/person.feature
08:09:10.866 [main] INFO  com.intuit.karate.Runner - using system property 'karate.options': classpath:examples/features/callandcallonce/person.feature
08:09:11.481 [main] DEBUG com.intuit.karate.Suite - [config] classpath:karate-config.js
08:09:11.486 [main] INFO  com.intuit.karate.Suite - backed up existing 'target\karate-reports' dir to: target\karate-reports_1779676751483
08:09:12.631 [main] INFO  com.intuit.karate - karate.env system property was: null 
08:09:12.686 [main] INFO  com.intuit.karate - Loaded API Key: free_user_3DvGOP3388gqq71IAt6bHhQ6DDZ 
08:09:12.714 [main] INFO  com.intuit.karate - >> lock acquired, begin callonce: read('classpath:examples/features/callandcallonce/login.feature')
08:09:13.098 [main] DEBUG com.intuit.karate - request:
1 > POST https://reqres.in/api/login
1 > x-api-key: free_user_3DvGOP3388gqq71IAt6bHhQ6DDZ
1 > Content-Type: application/json; charset=UTF-8
1 > Content-Length: 54
1 > Host: reqres.in
1 > Connection: Keep-Alive
1 > User-Agent: Apache-HttpClient/4.5.14 (Java/17.0.9)
1 > Accept-Encoding: gzip,deflate
{"email":"eve.holt@reqres.in","password":"cityslicka"}

08:09:13.742 [main] DEBUG com.intuit.karate - response time in milliseconds: 641
1 < 200
1 < Date: Mon, 25 May 2026 02:39:13 GMT
1 < Content-Type: application/json; charset=utf-8
1 < Transfer-Encoding: chunked
1 < Connection: keep-alive
1 < Access-Control-Allow-Origin: *
1 < Cache-Control: no-store
1 < Cross-Origin-Opener-Policy: same-origin
1 < Cross-Origin-Resource-Policy: same-origin
1 < Etag: W/"1b5-hRvA2JEEK9A0VJYTw8+bhNg/wj0"
1 < Nel: {"report_to":"heroku-nel","response_headers":["Via"],"max_age":3600,"success_fraction":0.01,"failure_fraction":0.1}
1 < Origin-Agent-Cluster: ?1
1 < Referrer-Policy: strict-origin-when-cross-origin
1 < Report-To: {"group":"heroku-nel","endpoints":[{"url":"https://nel.heroku.com/reports?s=SGlhKp254PBjRmv%2Bgdg0NMHCpyocDPL3DdAIfvP1NHU%3D\u0026sid=c4c9725f-1ab0-44d8-820f-430df2718e11\u0026ts=1779676753"}],"max_age":3600}
1 < Reporting-Endpoints: heroku-nel="https://nel.heroku.com/reports?s=SGlhKp254PBjRmv%2Bgdg0NMHCpyocDPL3DdAIfvP1NHU%3D&sid=c4c9725f-1ab0-44d8-820f-430df2718e11&ts=1779676753"
1 < Server: cloudflare
1 < Strict-Transport-Security: max-age=31536000; includeSubDomains
1 < Via: 1.1 heroku-router
1 < X-Content-Type-Options: nosniff
1 < X-Dns-Prefetch-Control: off
1 < X-Download-Options: noopen
1 < X-Frame-Options: DENY
1 < X-Permitted-Cross-Domain-Policies: none
1 < X-Powered-By: ReqRes.in - Deploy backends in 30 seconds
1 < X-Ratelimit-Limit: 250
1 < X-Ratelimit-Remaining: 236
1 < X-Ratelimit-Reset: 1779753600
1 < X-Reqres-Docs: https://reqres.in
1 < X-Reqres-Message: This API is powered by ReqRes. Deploy your own backend in 30 seconds!
1 < X-Reqres-Templates: https://app.reqres.in/templates
1 < X-Reqres-Tip: Generate a complete backend from a description - app.reqres.in/dashboard
1 < X-Reqres-Trial: true
1 < X-Reqres-Trial-Days-Remaining: 8
1 < X-Reqres-Trial-Expires: 2026-06-02T01:44:56.505Z
1 < X-Reqres-Upgrade: https://app.reqres.in/upgrade
1 < X-Request-Id: 6ca6e2b4-9de7-d3f5-91bf-73eec2d56852
1 < X-Robots-Tag: noindex, nofollow
1 < X-Xss-Protection: 0
1 < cf-cache-status: DYNAMIC
1 < CF-RAY: a0112b1d8e1721ba-HYD
{"token":"QpwL5tke4Pnpja7X4","_meta":{"powered_by":"ReqRes","docs_url":"https://app.reqres.in/documentation","upgrade_url":"https://app.reqres.in/upgrade","example_url":"https://app.reqres.in/examples/notes-app","variant":"v1_a","message":"Your data persists here. Add auth, logs, and custom schemas to build a real backend.","cta":{"label":"See example app","url":"https://app.reqres.in/examples/notes-app"},"context":"legacy_success"}}

08:09:13.748 [main] INFO  com.intuit.karate - << lock released, cached callonce: read('classpath:examples/features/callandcallonce/login.feature')
08:09:13.748 [main] DEBUG com.intuit.karate - request:
1 > GET https://reqres.in/api/users/2
1 > x-api-key: free_user_3DvGOP3388gqq71IAt6bHhQ6DDZ
1 > Host: reqres.in
1 > Connection: Keep-Alive
1 > User-Agent: Apache-HttpClient/4.5.14 (Java/17.0.9)
1 > Accept-Encoding: gzip,deflate


08:09:14.166 [main] DEBUG com.intuit.karate - response time in milliseconds: 418
1 < 200
1 < Date: Mon, 25 May 2026 02:39:14 GMT
1 < Content-Type: application/json; charset=utf-8
1 < Transfer-Encoding: chunked
1 < Connection: keep-alive
1 < Access-Control-Allow-Origin: *
1 < Cache-Control: public, max-age=14400, s-maxage=60
1 < cdn-cache-control: max-age=60
1 < Cross-Origin-Opener-Policy: same-origin
1 < Cross-Origin-Resource-Policy: same-origin
1 < etag: W/"309-xht0adi+2R3nyR08DqinqzlyEM0"
1 < Nel: {"report_to":"heroku-nel","response_headers":["Via"],"max_age":3600,"success_fraction":0.01,"failure_fraction":0.1}
1 < Origin-Agent-Cluster: ?1
1 < Ratelimit-Limit: 20
1 < Ratelimit-Policy: 20;w=60
1 < Ratelimit-Remaining: 19
1 < Ratelimit-Reset: 60
1 < Referrer-Policy: strict-origin-when-cross-origin
1 < Report-To: {"group":"heroku-nel","endpoints":[{"url":"https://nel.heroku.com/reports?s=gJt6UYXZ43DJ6imYpDOfC1w17djPbus2ByYNLFLi0ac%3D\u0026sid=c4c9725f-1ab0-44d8-820f-430df2718e11\u0026ts=1779676599"}],"max_age":3600}
1 < Reporting-Endpoints: heroku-nel="https://nel.heroku.com/reports?s=gJt6UYXZ43DJ6imYpDOfC1w17djPbus2ByYNLFLi0ac%3D&sid=c4c9725f-1ab0-44d8-820f-430df2718e11&ts=1779676599"
1 < Server: cloudflare
1 < Strict-Transport-Security: max-age=31536000; includeSubDomains
1 < Via: 1.1 heroku-router
1 < X-Content-Type-Options: nosniff
1 < X-Dns-Prefetch-Control: off
1 < X-Download-Options: noopen
1 < X-Frame-Options: DENY
1 < X-Permitted-Cross-Domain-Policies: none
1 < X-Powered-By: ReqRes.in - Deploy backends in 30 seconds
1 < X-Ratelimit-Limit: 250
1 < X-Ratelimit-Remaining: 243
1 < X-Ratelimit-Reset: 1779753600
1 < X-Reqres-Docs: https://reqres.in
1 < X-Reqres-Message: This API is powered by ReqRes. Deploy your own backend in 30 seconds!
1 < X-Reqres-Templates: https://app.reqres.in/templates
1 < X-Reqres-Tip: Generate a complete backend from a description - app.reqres.in/dashboard
1 < X-Reqres-Trial: true
1 < X-Reqres-Trial-Days-Remaining: 11
1 < X-Reqres-Trial-Expires: 2026-06-04T09:42:04.718Z
1 < X-Reqres-Upgrade: https://app.reqres.in/upgrade
1 < X-Request-Id: ae9ea72e-161e-0789-e909-2df03a6ad226
1 < X-Robots-Tag: noindex, nofollow
1 < X-Xss-Protection: 0
1 < cf-cache-status: REVALIDATED
1 < CF-RAY: a0112b20380308b7-HYD
{"data":{"id":2,"email":"janet.weaver@reqres.in","first_name":"Janet","last_name":"Weaver","avatar":"https://reqres.in/img/faces/2-image.jpg"},"support":{"url":"https://benhowdle.im/first-cto-playbook?utm_source=reqres&utm_medium=json&utm_campaign=referral","text":"Become a better CTO. A playbook of painful stories and practical advice from a two-time startup CTO."},"_meta":{"powered_by":"ReqRes","docs_url":"https://app.reqres.in/documentation","upgrade_url":"https://app.reqres.in/upgrade","example_url":"https://app.reqres.in/examples/notes-app","variant":"v1_a","message":"Your data persists here. Add auth, logs, and custom schemas to build a real backend.","cta":{"label":"See example app","url":"https://app.reqres.in/examples/notes-app"},"context":"legacy_success"}}

08:09:14.166 [main] INFO  com.intuit.karate - [print] QpwL5tke4Pnpja7X4 
08:09:14.839 [main] INFO  com.intuit.karate.Suite - <<pass>> feature 1 of 1 (0 remaining) classpath:examples/features/callandcallonce/person.feature
08:33:59.236 [main] INFO  com.intuit.karate.Runner - using system property 'karate.options': classpath:examples/features/assignment/assignment1.feature
08:33:59.809 [main] DEBUG com.intuit.karate.Suite - [config] classpath:karate-config.js
08:33:59.825 [main] INFO  com.intuit.karate.Suite - backed up existing 'target\karate-reports' dir to: target\karate-reports_1779678239809
08:34:00.876 [main] INFO  com.intuit.karate - karate.env system property was: null 
08:34:00.960 [main] INFO  com.intuit.karate - Loaded API Key: free_user_3DvGOP3388gqq71IAt6bHhQ6DDZ 
08:34:01.281 [main] DEBUG com.intuit.karate - request:
1 > GET https://jsonplaceholder.typicode.com/posts
1 > Host: jsonplaceholder.typicode.com
1 > Connection: Keep-Alive
1 > User-Agent: Apache-HttpClient/4.5.14 (Java/17.0.9)
1 > Accept-Encoding: gzip,deflate


08:34:02.003 [main] DEBUG com.intuit.karate - response time in milliseconds: 706
1 < 200
1 < Date: Mon, 25 May 2026 03:04:02 GMT
1 < Content-Type: application/json; charset=utf-8
1 < Transfer-Encoding: chunked
1 < Connection: keep-alive
1 < access-control-allow-credentials: true
1 < Cache-Control: max-age=43200
1 < etag: W/"6b80-Ybsq/K6GwwqrYkAsFxqDXGC7DoM"
1 < expires: -1
1 < nel: {"report_to":"heroku-nel","response_headers":["Via"],"max_age":3600,"success_fraction":0.01,"failure_fraction":0.1}
1 < pragma: no-cache
1 < report-to: {"group":"heroku-nel","endpoints":[{"url":"https://nel.heroku.com/reports?s=1TJK7LY9IOlmtKHtBPLS3yjrCFO1HXc2r4wAsJE0FDQ%3D\u0026sid=e11707d5-02a7-43ef-b45e-2cf4d2036f7d\u0026ts=1779238720"}],"max_age":3600}
1 < reporting-endpoints: heroku-nel="https://nel.heroku.com/reports?s=1TJK7LY9IOlmtKHtBPLS3yjrCFO1HXc2r4wAsJE0FDQ%3D&sid=e11707d5-02a7-43ef-b45e-2cf4d2036f7d&ts=1779238720"
1 < Server: cloudflare
1 < vary: Origin, Accept-Encoding
1 < via: 2.0 heroku-router
1 < x-content-type-options: nosniff
1 < x-powered-by: Express
1 < x-ratelimit-limit: 1000
1 < x-ratelimit-remaining: 999
1 < x-ratelimit-reset: 1779238736
1 < Age: 6251
1 < cf-cache-status: HIT
1 < Server-Timing: cfCacheStatus;desc="HIT"
1 < Server-Timing: cfEdge;dur=2,cfOrigin;dur=0
1 < CF-RAY: a0114f74adb0b0fd-MRS
1 < alt-svc: h3=":443"; ma=86400
[
  {
    "userId": 1,
    "id": 1,
    "title": "sunt aut facere repellat provident occaecati excepturi optio reprehenderit",
    "body": "quia et suscipit\nsuscipit recusandae consequuntur expedita et cum\nreprehenderit molestiae ut ut quas totam\nnostrum rerum est autem sunt rem eveniet architecto"
  },
  {
    "userId": 1,
    "id": 2,
    "title": "qui est esse",
    "body": "est rerum tempore vitae\nsequi sint nihil reprehenderit dolor beatae ea dolores neque\nfugiat blanditiis voluptate porro vel nihil molestiae ut reiciendis\nqui aperiam non debitis possimus qui neque nisi nulla"
  },
  {
    "userId": 1,
    "id": 3,
    "title": "ea molestias quasi exercitationem repellat qui ipsa sit aut",
    "body": "et iusto sed quo iure\nvoluptatem occaecati omnis eligendi aut ad\nvoluptatem doloribus vel accusantium quis pariatur\nmolestiae porro eius odio et labore et velit aut"
  },
  {
    "userId": 1,
    "id": 4,
    "title": "eum et est occaecati",
    "body": "ullam et saepe reiciendis voluptatem adipisci\nsit amet autem assumenda provident rerum culpa\nquis hic commodi nesciunt rem tenetur doloremque ipsam iure\nquis sunt voluptatem rerum illo velit"
  },
  {
    "userId": 1,
    "id": 5,
    "title": "nesciunt quas odio",
    "body": "repudiandae veniam quaerat sunt sed\nalias aut fugiat sit autem sed est\nvoluptatem omnis possimus esse voluptatibus quis\nest aut tenetur dolor neque"
  },
  {
    "userId": 1,
    "id": 6,
    "title": "dolorem eum magni eos aperiam quia",
    "body": "ut aspernatur corporis harum nihil quis provident sequi\nmollitia nobis aliquid molestiae\nperspiciatis et ea nemo ab reprehenderit accusantium quas\nvoluptate dolores velit et doloremque molestiae"
  },
  {
    "userId": 1,
    "id": 7,
    "title": "magnam facilis autem",
    "body": "dolore placeat quibusdam ea quo vitae\nmagni quis enim qui quis quo nemo aut saepe\nquidem repellat excepturi ut quia\nsunt ut sequi eos ea sed quas"
  },
  {
    "userId": 1,
    "id": 8,
    "title": "dolorem dolore est ipsam",
    "body": "dignissimos aperiam dolorem qui eum\nfacilis quibusdam animi sint suscipit qui sint possimus cum\nquaerat magni maiores excepturi\nipsam ut commodi dolor voluptatum modi aut vitae"
  },
  {
    "userId": 1,
    "id": 9,
    "title": "nesciunt iure omnis dolorem tempora et accusantium",
    "body": "consectetur animi nesciunt iure dolore\nenim quia ad\nveniam autem ut quam aut nobis\net est aut quod aut provident voluptas autem voluptas"
  },
  {
    "userId": 1,
    "id": 10,
    "title": "optio molestias id quia eum",
    "body": "quo et expedita modi cum officia vel magni\ndoloribus qui repudiandae\nvero nisi sit\nquos veniam quod sed accusamus veritatis error"
  },
  {
    "userId": 2,
    "id": 11,
    "title": "et ea vero quia laudantium autem",
    "body": "delectus reiciendis molestiae occaecati non minima eveniet qui voluptatibus\naccusamus in eum beatae sit\nvel qui neque voluptates ut commodi qui incidunt\nut animi commodi"
  },
  {
    "userId": 2,
    "id": 12,
    "title": "in quibusdam tempore odit est dolorem",
    "body": "itaque id aut magnam\npraesentium quia et ea odit et ea voluptas et\nsapiente quia nihil amet occaecati quia id voluptatem\nincidunt ea est distinctio odio"
  },
  {
    "userId": 2,
    "id": 13,
    "title": "dolorum ut in voluptas mollitia et saepe quo animi",
    "body": "aut dicta possimus sint mollitia voluptas commodi quo doloremque\niste corrupti reiciendis voluptatem eius rerum\nsit cumque quod eligendi laborum minima\nperferendis recusandae assumenda consectetur porro architecto ipsum ipsam"
  },
  {
    "userId": 2,
    "id": 14,
    "title": "voluptatem eligendi optio",
    "body": "fuga et accusamus dolorum perferendis illo voluptas\nnon doloremque neque facere\nad qui dolorum molestiae beatae\nsed aut voluptas totam sit illum"
  },
  {
    "userId": 2,
    "id": 15,
    "title": "eveniet quod temporibus",
    "body": "reprehenderit quos placeat\nvelit minima officia dolores impedit repudiandae molestiae nam\nvoluptas recusandae quis delectus\nofficiis harum fugiat vitae"
  },
  {
    "userId": 2,
    "id": 16,
    "title": "sint suscipit perspiciatis velit dolorum rerum ipsa laboriosam odio",
    "body": "suscipit nam nisi quo aperiam aut\nasperiores eos fugit maiores voluptatibus quia\nvoluptatem quis ullam qui in alias quia est\nconsequatur magni mollitia accusamus ea nisi voluptate dicta"
  },
  {
    "userId": 2,
    "id": 17,
    "title": "fugit voluptas sed molestias voluptatem provident",
    "body": "eos voluptas et aut odit natus earum\naspernatur fuga molestiae ullam\ndeserunt ratione qui eos\nqui nihil ratione nemo velit ut aut id quo"
  },
  {
    "userId": 2,
    "id": 18,
    "title": "voluptate et itaque vero tempora molestiae",
    "body": "eveniet quo quis\nlaborum totam consequatur non dolor\nut et est repudiandae\nest voluptatem vel debitis et magnam"
  },
  {
    "userId": 2,
    "id": 19,
    "title": "adipisci placeat illum aut reiciendis qui",
    "body": "illum quis cupiditate provident sit magnam\nea sed aut omnis\nveniam maiores ullam consequatur atque\nadipisci quo iste expedita sit quos voluptas"
  },
  {
    "userId": 2,
    "id": 20,
    "title": "doloribus ad provident suscipit at",
    "body": "qui consequuntur ducimus possimus quisquam amet similique\nsuscipit porro ipsam amet\neos veritatis officiis exercitationem vel fugit aut necessitatibus totam\nomnis rerum consequatur expedita quidem cumque explicabo"
  },
  {
    "userId": 3,
    "id": 21,
    "title": "asperiores ea ipsam voluptatibus modi minima quia sint",
    "body": "repellat aliquid praesentium dolorem quo\nsed totam minus non itaque\nnihil labore molestiae sunt dolor eveniet hic recusandae veniam\ntempora et tenetur expedita sunt"
  },
  {
    "userId": 3,
    "id": 22,
    "title": "dolor sint quo a velit explicabo quia nam",
    "body": "eos qui et ipsum ipsam suscipit aut\nsed omnis non odio\nexpedita earum mollitia molestiae aut atque rem suscipit\nnam impedit esse"
  },
  {
    "userId": 3,
    "id": 23,
    "title": "maxime id vitae nihil numquam",
    "body": "veritatis unde neque eligendi\nquae quod architecto quo neque vitae\nest illo sit tempora doloremque fugit quod\net et vel beatae sequi ullam sed tenetur perspiciatis"
  },
  {
    "userId": 3,
    "id": 24,
    "title": "autem hic labore sunt dolores incidunt",
    "body": "enim et ex nulla\nomnis voluptas quia qui\nvoluptatem consequatur numquam aliquam sunt\ntotam recusandae id dignissimos aut sed asperiores deserunt"
  },
  {
    "userId": 3,
    "id": 25,
    "title": "rem alias distinctio quo quis",
    "body": "ullam consequatur ut\nomnis quis sit vel consequuntur\nipsa eligendi ipsum molestiae et omnis error nostrum\nmolestiae illo tempore quia et distinctio"
  },
  {
    "userId": 3,
    "id": 26,
    "title": "est et quae odit qui non",
    "body": "similique esse doloribus nihil accusamus\nomnis dolorem fuga consequuntur reprehenderit fugit recusandae temporibus\nperspiciatis cum ut laudantium\nomnis aut molestiae vel vero"
  },
  {
    "userId": 3,
    "id": 27,
    "title": "quasi id et eos tenetur aut quo autem",
    "body": "eum sed dolores ipsam sint possimus debitis occaecati\ndebitis qui qui et\nut placeat enim earum aut odit facilis\nconsequatur suscipit necessitatibus rerum sed inventore temporibus consequatur"
  },
  {
    "userId": 3,
    "id": 28,
    "title": "delectus ullam et corporis nulla voluptas sequi",
    "body": "non et quaerat ex quae ad maiores\nmaiores recusandae totam aut blanditiis mollitia quas illo\nut voluptatibus voluptatem\nsimilique nostrum eum"
  },
  {
    "userId": 3,
    "id": 29,
    "title": "iusto eius quod necessitatibus culpa ea",
    "body": "odit magnam ut saepe sed non qui\ntempora atque nihil\naccusamus illum doloribus illo dolor\neligendi repudiandae odit magni similique sed cum maiores"
  },
  {
    "userId": 3,
    "id": 30,
    "title": "a quo magni similique perferendis",
    "body": "alias dolor cumque\nimpedit blanditiis non eveniet odio maxime\nblanditiis amet eius quis tempora quia autem rem\na provident perspiciatis quia"
  },
  {
    "userId": 4,
    "id": 31,
    "title": "ullam ut quidem id aut vel consequuntur",
    "body": "debitis eius sed quibusdam non quis consectetur vitae\nimpedit ut qui consequatur sed aut in\nquidem sit nostrum et maiores adipisci atque\nquaerat voluptatem adipisci repudiandae"
  },
  {
    "userId": 4,
    "id": 32,
    "title": "doloremque illum aliquid sunt",
    "body": "deserunt eos nobis asperiores et hic\nest debitis repellat molestiae optio\nnihil ratione ut eos beatae quibusdam distinctio maiores\nearum voluptates et aut adipisci ea maiores voluptas maxime"
  },
  {
    "userId": 4,
    "id": 33,
    "title": "qui explicabo molestiae dolorem",
    "body": "rerum ut et numquam laborum odit est sit\nid qui sint in\nquasi tenetur tempore aperiam et quaerat qui in\nrerum officiis sequi cumque quod"
  },
  {
    "userId": 4,
    "id": 34,
    "title": "magnam ut rerum iure",
    "body": "ea velit perferendis earum ut voluptatem voluptate itaque iusto\ntotam pariatur in\nnemo voluptatem voluptatem autem magni tempora minima in\nest distinctio qui assumenda accusamus dignissimos officia nesciunt nobis"
  },
  {
    "userId": 4,
    "id": 35,
    "title": "id nihil consequatur molestias animi provident",
    "body": "nisi error delectus possimus ut eligendi vitae\nplaceat eos harum cupiditate facilis reprehenderit voluptatem beatae\nmodi ducimus quo illum voluptas eligendi\net nobis quia fugit"
  },
  {
    "userId": 4,
    "id": 36,
    "title": "fuga nam accusamus voluptas reiciendis itaque",
    "body": "ad mollitia et omnis minus architecto odit\nvoluptas doloremque maxime aut non ipsa qui alias veniam\nblanditiis culpa aut quia nihil cumque facere et occaecati\nqui aspernatur quia eaque ut aperiam inventore"
  },
  {
    "userId": 4,
    "id": 37,
    "title": "provident vel ut sit ratione est",
    "body": "debitis et eaque non officia sed nesciunt pariatur vel\nvoluptatem iste vero et ea\nnumquam aut expedita ipsum nulla in\nvoluptates omnis consequatur aut enim officiis in quam qui"
  },
  {
    "userId": 4,
    "id": 38,
    "title": "explicabo et eos deleniti nostrum ab id repellendus",
    "body": "animi esse sit aut sit nesciunt assumenda eum voluptas\nquia voluptatibus provident quia necessitatibus ea\nrerum repudiandae quia voluptatem delectus fugit aut id quia\nratione optio eos iusto veniam iure"
  },
  {
    "userId": 4,
    "id": 39,
    "title": "eos dolorem iste accusantium est eaque quam",
    "body": "corporis rerum ducimus vel eum accusantium\nmaxime aspernatur a porro possimus iste omnis\nest in deleniti asperiores fuga aut\nvoluptas sapiente vel dolore minus voluptatem incidunt ex"
  },
  {
    "userId": 4,
    "id": 40,
    "title": "enim quo cumque",
    "body": "ut voluptatum aliquid illo tenetur nemo sequi quo facilis\nipsum rem optio mollitia quas\nvoluptatem eum voluptas qui\nunde omnis voluptatem iure quasi maxime voluptas nam"
  },
  {
    "userId": 5,
    "id": 41,
    "title": "non est facere",
    "body": "molestias id nostrum\nexcepturi molestiae dolore omnis repellendus quaerat saepe\nconsectetur iste quaerat tenetur asperiores accusamus ex ut\nnam quidem est ducimus sunt debitis saepe"
  },
  {
    "userId": 5,
    "id": 42,
    "title": "commodi ullam sint et excepturi error explicabo praesentium voluptas",
    "body": "odio fugit voluptatum ducimus earum autem est incidunt voluptatem\nodit reiciendis aliquam sunt sequi nulla dolorem\nnon facere repellendus voluptates quia\nratione harum vitae ut"
  },
  {
    "userId": 5,
    "id": 43,
    "title": "eligendi iste nostrum consequuntur adipisci praesentium sit beatae perferendis",
    "body": "similique fugit est\nillum et dolorum harum et voluptate eaque quidem\nexercitationem quos nam commodi possimus cum odio nihil nulla\ndolorum exercitationem magnam ex et a et distinctio debitis"
  },
  {
    "userId": 5,
    "id": 44,
    "title": "optio dolor molestias sit",
    "body": "temporibus est consectetur dolore\net libero debitis vel velit laboriosam quia\nipsum quibusdam qui itaque fuga rem aut\nea et iure quam sed maxime ut distinctio quae"
  },
  {
    "userId": 5,
    "id": 45,
    "title": "ut numquam possimus omnis eius suscipit laudantium iure",
    "body": "est natus reiciendis nihil possimus aut provident\nex et dolor\nrepellat pariatur est\nnobis rerum repellendus dolorem autem"
  },
  {
    "userId": 5,
    "id": 46,
    "title": "aut quo modi neque nostrum ducimus",
    "body": "voluptatem quisquam iste\nvoluptatibus natus officiis facilis dolorem\nquis quas ipsam\nvel et voluptatum in aliquid"
  },
  {
    "userId": 5,
    "id": 47,
    "title": "quibusdam cumque rem aut deserunt",
    "body": "voluptatem assumenda ut qui ut cupiditate aut impedit veniam\noccaecati nemo illum voluptatem laudantium\nmolestiae beatae rerum ea iure soluta nostrum\neligendi et voluptate"
  },
  {
    "userId": 5,
    "id": 48,
    "title": "ut voluptatem illum ea doloribus itaque eos",
    "body": "voluptates quo voluptatem facilis iure occaecati\nvel assumenda rerum officia et\nillum perspiciatis ab deleniti\nlaudantium repellat ad ut et autem reprehenderit"
  },
  {
    "userId": 5,
    "id": 49,
    "title": "laborum non sunt aut ut assumenda perspiciatis voluptas",
    "body": "inventore ab sint\nnatus fugit id nulla sequi architecto nihil quaerat\neos tenetur in in eum veritatis non\nquibusdam officiis aspernatur cumque aut commodi aut"
  },
  {
    "userId": 5,
    "id": 50,
    "title": "repellendus qui recusandae incidunt voluptates tenetur qui omnis exercitationem",
    "body": "error suscipit maxime adipisci consequuntur recusandae\nvoluptas eligendi et est et voluptates\nquia distinctio ab amet quaerat molestiae et vitae\nadipisci impedit sequi nesciunt quis consectetur"
  },
  {
    "userId": 6,
    "id": 51,
    "title": "soluta aliquam aperiam consequatur illo quis voluptas",
    "body": "sunt dolores aut doloribus\ndolore doloribus voluptates tempora et\ndoloremque et quo\ncum asperiores sit consectetur dolorem"
  },
  {
    "userId": 6,
    "id": 52,
    "title": "qui enim et consequuntur quia animi quis voluptate quibusdam",
    "body": "iusto est quibusdam fuga quas quaerat molestias\na enim ut sit accusamus enim\ntemporibus iusto accusantium provident architecto\nsoluta esse reprehenderit qui laborum"
  },
  {
    "userId": 6,
    "id": 53,
    "title": "ut quo aut ducimus alias",
    "body": "minima harum praesentium eum rerum illo dolore\nquasi exercitationem rerum nam\nporro quis neque quo\nconsequatur minus dolor quidem veritatis sunt non explicabo similique"
  },
  {
    "userId": 6,
    "id": 54,
    "title": "sit asperiores ipsam eveniet odio non quia",
    "body": "totam corporis dignissimos\nvitae dolorem ut occaecati accusamus\nex velit deserunt\net exercitationem vero incidunt corrupti mollitia"
  },
  {
    "userId": 6,
    "id": 55,
    "title": "sit vel voluptatem et non libero",
    "body": "debitis excepturi ea perferendis harum libero optio\neos accusamus cum fuga ut sapiente repudiandae\net ut incidunt omnis molestiae\nnihil ut eum odit"
  },
  {
    "userId": 6,
    "id": 56,
    "title": "qui et at rerum necessitatibus",
    "body": "aut est omnis dolores\nneque rerum quod ea rerum velit pariatur beatae excepturi\net provident voluptas corrupti\ncorporis harum reprehenderit dolores eligendi"
  },
  {
    "userId": 6,
    "id": 57,
    "title": "sed ab est est",
    "body": "at pariatur consequuntur earum quidem\nquo est laudantium soluta voluptatem\nqui ullam et est\net cum voluptas voluptatum repellat est"
  },
  {
    "userId": 6,
    "id": 58,
    "title": "voluptatum itaque dolores nisi et quasi",
    "body": "veniam voluptatum quae adipisci id\net id quia eos ad et dolorem\naliquam quo nisi sunt eos impedit error\nad similique veniam"
  },
  {
    "userId": 6,
    "id": 59,
    "title": "qui commodi dolor at maiores et quis id accusantium",
    "body": "perspiciatis et quam ea autem temporibus non voluptatibus qui\nbeatae a earum officia nesciunt dolores suscipit voluptas et\nanimi doloribus cum rerum quas et magni\net hic ut ut commodi expedita sunt"
  },
  {
    "userId": 6,
    "id": 60,
    "title": "consequatur placeat omnis quisquam quia reprehenderit fugit veritatis facere",
    "body": "asperiores sunt ab assumenda cumque modi velit\nqui esse omnis\nvoluptate et fuga perferendis voluptas\nillo ratione amet aut et omnis"
  },
  {
    "userId": 7,
    "id": 61,
    "title": "voluptatem doloribus consectetur est ut ducimus",
    "body": "ab nemo optio odio\ndelectus tenetur corporis similique nobis repellendus rerum omnis facilis\nvero blanditiis debitis in nesciunt doloribus dicta dolores\nmagnam minus velit"
  },
  {
    "userId": 7,
    "id": 62,
    "title": "beatae enim quia vel",
    "body": "enim aspernatur illo distinctio quae praesentium\nbeatae alias amet delectus qui voluptate distinctio\nodit sint accusantium autem omnis\nquo molestiae omnis ea eveniet optio"
  },
  {
    "userId": 7,
    "id": 63,
    "title": "voluptas blanditiis repellendus animi ducimus error sapiente et suscipit",
    "body": "enim adipisci aspernatur nemo\nnumquam omnis facere dolorem dolor ex quis temporibus incidunt\nab delectus culpa quo reprehenderit blanditiis asperiores\naccusantium ut quam in voluptatibus voluptas ipsam dicta"
  },
  {
    "userId": 7,
    "id": 64,
    "title": "et fugit quas eum in in aperiam quod",
    "body": "id velit blanditiis\neum ea voluptatem\nmolestiae sint occaecati est eos perspiciatis\nincidunt a error provident eaque aut aut qui"
  },
  {
    "userId": 7,
    "id": 65,
    "title": "consequatur id enim sunt et et",
    "body": "voluptatibus ex esse\nsint explicabo est aliquid cumque adipisci fuga repellat labore\nmolestiae corrupti ex saepe at asperiores et perferendis\nnatus id esse incidunt pariatur"
  },
  {
    "userId": 7,
    "id": 66,
    "title": "repudiandae ea animi iusto",
    "body": "officia veritatis tenetur vero qui itaque\nsint non ratione\nsed et ut asperiores iusto eos molestiae nostrum\nveritatis quibusdam et nemo iusto saepe"
  },
  {
    "userId": 7,
    "id": 67,
    "title": "aliquid eos sed fuga est maxime repellendus",
    "body": "reprehenderit id nostrum\nvoluptas doloremque pariatur sint et accusantium quia quod aspernatur\net fugiat amet\nnon sapiente et consequatur necessitatibus molestiae"
  },
  {
    "userId": 7,
    "id": 68,
    "title": "odio quis facere architecto reiciendis optio",
    "body": "magnam molestiae perferendis quisquam\nqui cum reiciendis\nquaerat animi amet hic inventore\nea quia deleniti quidem saepe porro velit"
  },
  {
    "userId": 7,
    "id": 69,
    "title": "fugiat quod pariatur odit minima",
    "body": "officiis error culpa consequatur modi asperiores et\ndolorum assumenda voluptas et vel qui aut vel rerum\nvoluptatum quisquam perspiciatis quia rerum consequatur totam quas\nsequi commodi repudiandae asperiores et saepe a"
  },
  {
    "userId": 7,
    "id": 70,
    "title": "voluptatem laborum magni",
    "body": "sunt repellendus quae\nest asperiores aut deleniti esse accusamus repellendus quia aut\nquia dolorem unde\neum tempora esse dolore"
  },
  {
    "userId": 8,
    "id": 71,
    "title": "et iusto veniam et illum aut fuga",
    "body": "occaecati a doloribus\niste saepe consectetur placeat eum voluptate dolorem et\nqui quo quia voluptas\nrerum ut id enim velit est perferendis"
  },
  {
    "userId": 8,
    "id": 72,
    "title": "sint hic doloribus consequatur eos non id",
    "body": "quam occaecati qui deleniti consectetur\nconsequatur aut facere quas exercitationem aliquam hic voluptas\nneque id sunt ut aut accusamus\nsunt consectetur expedita inventore velit"
  },
  {
    "userId": 8,
    "id": 73,
    "title": "consequuntur deleniti eos quia temporibus ab aliquid at",
    "body": "voluptatem cumque tenetur consequatur expedita ipsum nemo quia explicabo\naut eum minima consequatur\ntempore cumque quae est et\net in consequuntur voluptatem voluptates aut"
  },
  {
    "userId": 8,
    "id": 74,
    "title": "enim unde ratione doloribus quas enim ut sit sapiente",
    "body": "odit qui et et necessitatibus sint veniam\nmollitia amet doloremque molestiae commodi similique magnam et quam\nblanditiis est itaque\nquo et tenetur ratione occaecati molestiae tempora"
  },
  {
    "userId": 8,
    "id": 75,
    "title": "dignissimos eum dolor ut enim et delectus in",
    "body": "commodi non non omnis et voluptas sit\nautem aut nobis magnam et sapiente voluptatem\net laborum repellat qui delectus facilis temporibus\nrerum amet et nemo voluptate expedita adipisci error dolorem"
  },
  {
    "userId": 8,
    "id": 76,
    "title": "doloremque officiis ad et non perferendis",
    "body": "ut animi facere\ntotam iusto tempore\nmolestiae eum aut et dolorem aperiam\nquaerat recusandae totam odio"
  },
  {
    "userId": 8,
    "id": 77,
    "title": "necessitatibus quasi exercitationem odio",
    "body": "modi ut in nulla repudiandae dolorum nostrum eos\naut consequatur omnis\nut incidunt est omnis iste et quam\nvoluptates sapiente aliquam asperiores nobis amet corrupti repudiandae provident"
  },
  {
    "userId": 8,
    "id": 78,
    "title": "quam voluptatibus rerum veritatis",
    "body": "nobis facilis odit tempore cupiditate quia\nassumenda doloribus rerum qui ea\nillum et qui totam\naut veniam repellendus"
  },
  {
    "userId": 8,
    "id": 79,
    "title": "pariatur consequatur quia magnam autem omnis non amet",
    "body": "libero accusantium et et facere incidunt sit dolorem\nnon excepturi qui quia sed laudantium\nquisquam molestiae ducimus est\nofficiis esse molestiae iste et quos"
  },
  {
    "userId": 8,
    "id": 80,
    "title": "labore in ex et explicabo corporis aut quas",
    "body": "ex quod dolorem ea eum iure qui provident amet\nquia qui facere excepturi et repudiandae\nasperiores molestias provident\nminus incidunt vero fugit rerum sint sunt excepturi provident"
  },
  {
    "userId": 9,
    "id": 81,
    "title": "tempora rem veritatis voluptas quo dolores vero",
    "body": "facere qui nesciunt est voluptatum voluptatem nisi\nsequi eligendi necessitatibus ea at rerum itaque\nharum non ratione velit laboriosam quis consequuntur\nex officiis minima doloremque voluptas ut aut"
  },
  {
    "userId": 9,
    "id": 82,
    "title": "laudantium voluptate suscipit sunt enim enim",
    "body": "ut libero sit aut totam inventore sunt\nporro sint qui sunt molestiae\nconsequatur cupiditate qui iste ducimus adipisci\ndolor enim assumenda soluta laboriosam amet iste delectus hic"
  },
  {
    "userId": 9,
    "id": 83,
    "title": "odit et voluptates doloribus alias odio et",
    "body": "est molestiae facilis quis tempora numquam nihil qui\nvoluptate sapiente consequatur est qui\nnecessitatibus autem aut ipsa aperiam modi dolore numquam\nreprehenderit eius rem quibusdam"
  },
  {
    "userId": 9,
    "id": 84,
    "title": "optio ipsam molestias necessitatibus occaecati facilis veritatis dolores aut",
    "body": "sint molestiae magni a et quos\neaque et quasi\nut rerum debitis similique veniam\nrecusandae dignissimos dolor incidunt consequatur odio"
  },
  {
    "userId": 9,
    "id": 85,
    "title": "dolore veritatis porro provident adipisci blanditiis et sunt",
    "body": "similique sed nisi voluptas iusto omnis\nmollitia et quo\nassumenda suscipit officia magnam sint sed tempora\nenim provident pariatur praesentium atque animi amet ratione"
  },
  {
    "userId": 9,
    "id": 86,
    "title": "placeat quia et porro iste",
    "body": "quasi excepturi consequatur iste autem temporibus sed molestiae beatae\net quaerat et esse ut\nvoluptatem occaecati et vel explicabo autem\nasperiores pariatur deserunt optio"
  },
  {
    "userId": 9,
    "id": 87,
    "title": "nostrum quis quasi placeat",
    "body": "eos et molestiae\nnesciunt ut a\ndolores perspiciatis repellendus repellat aliquid\nmagnam sint rem ipsum est"
  },
  {
    "userId": 9,
    "id": 88,
    "title": "sapiente omnis fugit eos",
    "body": "consequatur omnis est praesentium\nducimus non iste\nneque hic deserunt\nvoluptatibus veniam cum et rerum sed"
  },
  {
    "userId": 9,
    "id": 89,
    "title": "sint soluta et vel magnam aut ut sed qui",
    "body": "repellat aut aperiam totam temporibus autem et\narchitecto magnam ut\nconsequatur qui cupiditate rerum quia soluta dignissimos nihil iure\ntempore quas est"
  },
  {
    "userId": 9,
    "id": 90,
    "title": "ad iusto omnis odit dolor voluptatibus",
    "body": "minus omnis soluta quia\nqui sed adipisci voluptates illum ipsam voluptatem\neligendi officia ut in\neos soluta similique molestias praesentium blanditiis"
  },
  {
    "userId": 10,
    "id": 91,
    "title": "aut amet sed",
    "body": "libero voluptate eveniet aperiam sed\nsunt placeat suscipit molestias\nsimilique fugit nam natus\nexpedita consequatur consequatur dolores quia eos et placeat"
  },
  {
    "userId": 10,
    "id": 92,
    "title": "ratione ex tenetur perferendis",
    "body": "aut et excepturi dicta laudantium sint rerum nihil\nlaudantium et at\na neque minima officia et similique libero et\ncommodi voluptate qui"
  },
  {
    "userId": 10,
    "id": 93,
    "title": "beatae soluta recusandae",
    "body": "dolorem quibusdam ducimus consequuntur dicta aut quo laboriosam\nvoluptatem quis enim recusandae ut sed sunt\nnostrum est odit totam\nsit error sed sunt eveniet provident qui nulla"
  },
  {
    "userId": 10,
    "id": 94,
    "title": "qui qui voluptates illo iste minima",
    "body": "aspernatur expedita soluta quo ab ut similique\nexpedita dolores amet\nsed temporibus distinctio magnam saepe deleniti\nomnis facilis nam ipsum natus sint similique omnis"
  },
  {
    "userId": 10,
    "id": 95,
    "title": "id minus libero illum nam ad officiis",
    "body": "earum voluptatem facere provident blanditiis velit laboriosam\npariatur accusamus odio saepe\ncumque dolor qui a dicta ab doloribus consequatur omnis\ncorporis cupiditate eaque assumenda ad nesciunt"
  },
  {
    "userId": 10,
    "id": 96,
    "title": "quaerat velit veniam amet cupiditate aut numquam ut sequi",
    "body": "in non odio excepturi sint eum\nlabore voluptates vitae quia qui et\ninventore itaque rerum\nveniam non exercitationem delectus aut"
  },
  {
    "userId": 10,
    "id": 97,
    "title": "quas fugiat ut perspiciatis vero provident",
    "body": "eum non blanditiis soluta porro quibusdam voluptas\nvel voluptatem qui placeat dolores qui velit aut\nvel inventore aut cumque culpa explicabo aliquid at\nperspiciatis est et voluptatem dignissimos dolor itaque sit nam"
  },
  {
    "userId": 10,
    "id": 98,
    "title": "laboriosam dolor voluptates",
    "body": "doloremque ex facilis sit sint culpa\nsoluta assumenda eligendi non ut eius\nsequi ducimus vel quasi\nveritatis est dolores"
  },
  {
    "userId": 10,
    "id": 99,
    "title": "temporibus sit alias delectus eligendi possimus magni",
    "body": "quo deleniti praesentium dicta non quod\naut est molestias\nmolestias et officia quis nihil\nitaque dolorem quia"
  },
  {
    "userId": 10,
    "id": 100,
    "title": "at nam consequatur ea labore ea harum",
    "body": "cupiditate quo est a modi nesciunt soluta\nipsa voluptas error itaque dicta in\nautem qui minus magnam et distinctio eum\naccusamus ratione error aut"
  }
]

08:34:02.789 [main] INFO  com.intuit.karate.Suite - <<pass>> feature 1 of 1 (0 remaining) classpath:examples/features/assignment/assignment1.feature
08:48:46.675 [main] INFO  com.intuit.karate.Runner - using system property 'karate.options': classpath:examples/features/assignment/assignment2.feature
08:48:47.186 [main] DEBUG com.intuit.karate.Suite - [config] classpath:karate-config.js
08:48:47.191 [main] INFO  com.intuit.karate.Suite - backed up existing 'target\karate-reports' dir to: target\karate-reports_1779679127187
08:48:48.303 [main] INFO  com.intuit.karate - karate.env system property was: null 
08:48:48.381 [main] INFO  com.intuit.karate - Loaded API Key: free_user_3DvGOP3388gqq71IAt6bHhQ6DDZ 
08:48:48.703 [main] DEBUG com.intuit.karate - request:
1 > GET https://jsonplaceholder.typicode.com/posts
1 > Host: jsonplaceholder.typicode.com
1 > Connection: Keep-Alive
1 > User-Agent: Apache-HttpClient/4.5.14 (Java/17.0.9)
1 > Accept-Encoding: gzip,deflate


08:48:49.240 [main] DEBUG com.intuit.karate - response time in milliseconds: 532
1 < 200
1 < Date: Mon, 25 May 2026 03:18:49 GMT
1 < Content-Type: application/json; charset=utf-8
1 < Transfer-Encoding: chunked
1 < Connection: keep-alive
1 < access-control-allow-credentials: true
1 < Cache-Control: max-age=43200
1 < etag: W/"6b80-Ybsq/K6GwwqrYkAsFxqDXGC7DoM"
1 < expires: -1
1 < nel: {"report_to":"heroku-nel","response_headers":["Via"],"max_age":3600,"success_fraction":0.01,"failure_fraction":0.1}
1 < pragma: no-cache
1 < report-to: {"group":"heroku-nel","endpoints":[{"url":"https://nel.heroku.com/reports?s=YEZ0eBfSILaFJIzbklUeMJh4KuPX0FZQYmPI2oPft4s%3D\u0026sid=e11707d5-02a7-43ef-b45e-2cf4d2036f7d\u0026ts=1779415811"}],"max_age":3600}
1 < reporting-endpoints: heroku-nel="https://nel.heroku.com/reports?s=YEZ0eBfSILaFJIzbklUeMJh4KuPX0FZQYmPI2oPft4s%3D&sid=e11707d5-02a7-43ef-b45e-2cf4d2036f7d&ts=1779415811"
1 < Server: cloudflare
1 < vary: Origin, Accept-Encoding
1 < via: 2.0 heroku-router
1 < x-content-type-options: nosniff
1 < x-powered-by: Express
1 < x-ratelimit-limit: 1000
1 < x-ratelimit-remaining: 999
1 < x-ratelimit-reset: 1779415816
1 < Age: 4090
1 < cf-cache-status: HIT
1 < Server-Timing: cfCacheStatus;desc="HIT"
1 < Server-Timing: cfEdge;dur=5,cfOrigin;dur=0
1 < CF-RAY: a011651e0b37fd98-SIN
1 < alt-svc: h3=":443"; ma=86400
[
  {
    "userId": 1,
    "id": 1,
    "title": "sunt aut facere repellat provident occaecati excepturi optio reprehenderit",
    "body": "quia et suscipit\nsuscipit recusandae consequuntur expedita et cum\nreprehenderit molestiae ut ut quas totam\nnostrum rerum est autem sunt rem eveniet architecto"
  },
  {
    "userId": 1,
    "id": 2,
    "title": "qui est esse",
    "body": "est rerum tempore vitae\nsequi sint nihil reprehenderit dolor beatae ea dolores neque\nfugiat blanditiis voluptate porro vel nihil molestiae ut reiciendis\nqui aperiam non debitis possimus qui neque nisi nulla"
  },
  {
    "userId": 1,
    "id": 3,
    "title": "ea molestias quasi exercitationem repellat qui ipsa sit aut",
    "body": "et iusto sed quo iure\nvoluptatem occaecati omnis eligendi aut ad\nvoluptatem doloribus vel accusantium quis pariatur\nmolestiae porro eius odio et labore et velit aut"
  },
  {
    "userId": 1,
    "id": 4,
    "title": "eum et est occaecati",
    "body": "ullam et saepe reiciendis voluptatem adipisci\nsit amet autem assumenda provident rerum culpa\nquis hic commodi nesciunt rem tenetur doloremque ipsam iure\nquis sunt voluptatem rerum illo velit"
  },
  {
    "userId": 1,
    "id": 5,
    "title": "nesciunt quas odio",
    "body": "repudiandae veniam quaerat sunt sed\nalias aut fugiat sit autem sed est\nvoluptatem omnis possimus esse voluptatibus quis\nest aut tenetur dolor neque"
  },
  {
    "userId": 1,
    "id": 6,
    "title": "dolorem eum magni eos aperiam quia",
    "body": "ut aspernatur corporis harum nihil quis provident sequi\nmollitia nobis aliquid molestiae\nperspiciatis et ea nemo ab reprehenderit accusantium quas\nvoluptate dolores velit et doloremque molestiae"
  },
  {
    "userId": 1,
    "id": 7,
    "title": "magnam facilis autem",
    "body": "dolore placeat quibusdam ea quo vitae\nmagni quis enim qui quis quo nemo aut saepe\nquidem repellat excepturi ut quia\nsunt ut sequi eos ea sed quas"
  },
  {
    "userId": 1,
    "id": 8,
    "title": "dolorem dolore est ipsam",
    "body": "dignissimos aperiam dolorem qui eum\nfacilis quibusdam animi sint suscipit qui sint possimus cum\nquaerat magni maiores excepturi\nipsam ut commodi dolor voluptatum modi aut vitae"
  },
  {
    "userId": 1,
    "id": 9,
    "title": "nesciunt iure omnis dolorem tempora et accusantium",
    "body": "consectetur animi nesciunt iure dolore\nenim quia ad\nveniam autem ut quam aut nobis\net est aut quod aut provident voluptas autem voluptas"
  },
  {
    "userId": 1,
    "id": 10,
    "title": "optio molestias id quia eum",
    "body": "quo et expedita modi cum officia vel magni\ndoloribus qui repudiandae\nvero nisi sit\nquos veniam quod sed accusamus veritatis error"
  },
  {
    "userId": 2,
    "id": 11,
    "title": "et ea vero quia laudantium autem",
    "body": "delectus reiciendis molestiae occaecati non minima eveniet qui voluptatibus\naccusamus in eum beatae sit\nvel qui neque voluptates ut commodi qui incidunt\nut animi commodi"
  },
  {
    "userId": 2,
    "id": 12,
    "title": "in quibusdam tempore odit est dolorem",
    "body": "itaque id aut magnam\npraesentium quia et ea odit et ea voluptas et\nsapiente quia nihil amet occaecati quia id voluptatem\nincidunt ea est distinctio odio"
  },
  {
    "userId": 2,
    "id": 13,
    "title": "dolorum ut in voluptas mollitia et saepe quo animi",
    "body": "aut dicta possimus sint mollitia voluptas commodi quo doloremque\niste corrupti reiciendis voluptatem eius rerum\nsit cumque quod eligendi laborum minima\nperferendis recusandae assumenda consectetur porro architecto ipsum ipsam"
  },
  {
    "userId": 2,
    "id": 14,
    "title": "voluptatem eligendi optio",
    "body": "fuga et accusamus dolorum perferendis illo voluptas\nnon doloremque neque facere\nad qui dolorum molestiae beatae\nsed aut voluptas totam sit illum"
  },
  {
    "userId": 2,
    "id": 15,
    "title": "eveniet quod temporibus",
    "body": "reprehenderit quos placeat\nvelit minima officia dolores impedit repudiandae molestiae nam\nvoluptas recusandae quis delectus\nofficiis harum fugiat vitae"
  },
  {
    "userId": 2,
    "id": 16,
    "title": "sint suscipit perspiciatis velit dolorum rerum ipsa laboriosam odio",
    "body": "suscipit nam nisi quo aperiam aut\nasperiores eos fugit maiores voluptatibus quia\nvoluptatem quis ullam qui in alias quia est\nconsequatur magni mollitia accusamus ea nisi voluptate dicta"
  },
  {
    "userId": 2,
    "id": 17,
    "title": "fugit voluptas sed molestias voluptatem provident",
    "body": "eos voluptas et aut odit natus earum\naspernatur fuga molestiae ullam\ndeserunt ratione qui eos\nqui nihil ratione nemo velit ut aut id quo"
  },
  {
    "userId": 2,
    "id": 18,
    "title": "voluptate et itaque vero tempora molestiae",
    "body": "eveniet quo quis\nlaborum totam consequatur non dolor\nut et est repudiandae\nest voluptatem vel debitis et magnam"
  },
  {
    "userId": 2,
    "id": 19,
    "title": "adipisci placeat illum aut reiciendis qui",
    "body": "illum quis cupiditate provident sit magnam\nea sed aut omnis\nveniam maiores ullam consequatur atque\nadipisci quo iste expedita sit quos voluptas"
  },
  {
    "userId": 2,
    "id": 20,
    "title": "doloribus ad provident suscipit at",
    "body": "qui consequuntur ducimus possimus quisquam amet similique\nsuscipit porro ipsam amet\neos veritatis officiis exercitationem vel fugit aut necessitatibus totam\nomnis rerum consequatur expedita quidem cumque explicabo"
  },
  {
    "userId": 3,
    "id": 21,
    "title": "asperiores ea ipsam voluptatibus modi minima quia sint",
    "body": "repellat aliquid praesentium dolorem quo\nsed totam minus non itaque\nnihil labore molestiae sunt dolor eveniet hic recusandae veniam\ntempora et tenetur expedita sunt"
  },
  {
    "userId": 3,
    "id": 22,
    "title": "dolor sint quo a velit explicabo quia nam",
    "body": "eos qui et ipsum ipsam suscipit aut\nsed omnis non odio\nexpedita earum mollitia molestiae aut atque rem suscipit\nnam impedit esse"
  },
  {
    "userId": 3,
    "id": 23,
    "title": "maxime id vitae nihil numquam",
    "body": "veritatis unde neque eligendi\nquae quod architecto quo neque vitae\nest illo sit tempora doloremque fugit quod\net et vel beatae sequi ullam sed tenetur perspiciatis"
  },
  {
    "userId": 3,
    "id": 24,
    "title": "autem hic labore sunt dolores incidunt",
    "body": "enim et ex nulla\nomnis voluptas quia qui\nvoluptatem consequatur numquam aliquam sunt\ntotam recusandae id dignissimos aut sed asperiores deserunt"
  },
  {
    "userId": 3,
    "id": 25,
    "title": "rem alias distinctio quo quis",
    "body": "ullam consequatur ut\nomnis quis sit vel consequuntur\nipsa eligendi ipsum molestiae et omnis error nostrum\nmolestiae illo tempore quia et distinctio"
  },
  {
    "userId": 3,
    "id": 26,
    "title": "est et quae odit qui non",
    "body": "similique esse doloribus nihil accusamus\nomnis dolorem fuga consequuntur reprehenderit fugit recusandae temporibus\nperspiciatis cum ut laudantium\nomnis aut molestiae vel vero"
  },
  {
    "userId": 3,
    "id": 27,
    "title": "quasi id et eos tenetur aut quo autem",
    "body": "eum sed dolores ipsam sint possimus debitis occaecati\ndebitis qui qui et\nut placeat enim earum aut odit facilis\nconsequatur suscipit necessitatibus rerum sed inventore temporibus consequatur"
  },
  {
    "userId": 3,
    "id": 28,
    "title": "delectus ullam et corporis nulla voluptas sequi",
    "body": "non et quaerat ex quae ad maiores\nmaiores recusandae totam aut blanditiis mollitia quas illo\nut voluptatibus voluptatem\nsimilique nostrum eum"
  },
  {
    "userId": 3,
    "id": 29,
    "title": "iusto eius quod necessitatibus culpa ea",
    "body": "odit magnam ut saepe sed non qui\ntempora atque nihil\naccusamus illum doloribus illo dolor\neligendi repudiandae odit magni similique sed cum maiores"
  },
  {
    "userId": 3,
    "id": 30,
    "title": "a quo magni similique perferendis",
    "body": "alias dolor cumque\nimpedit blanditiis non eveniet odio maxime\nblanditiis amet eius quis tempora quia autem rem\na provident perspiciatis quia"
  },
  {
    "userId": 4,
    "id": 31,
    "title": "ullam ut quidem id aut vel consequuntur",
    "body": "debitis eius sed quibusdam non quis consectetur vitae\nimpedit ut qui consequatur sed aut in\nquidem sit nostrum et maiores adipisci atque\nquaerat voluptatem adipisci repudiandae"
  },
  {
    "userId": 4,
    "id": 32,
    "title": "doloremque illum aliquid sunt",
    "body": "deserunt eos nobis asperiores et hic\nest debitis repellat molestiae optio\nnihil ratione ut eos beatae quibusdam distinctio maiores\nearum voluptates et aut adipisci ea maiores voluptas maxime"
  },
  {
    "userId": 4,
    "id": 33,
    "title": "qui explicabo molestiae dolorem",
    "body": "rerum ut et numquam laborum odit est sit\nid qui sint in\nquasi tenetur tempore aperiam et quaerat qui in\nrerum officiis sequi cumque quod"
  },
  {
    "userId": 4,
    "id": 34,
    "title": "magnam ut rerum iure",
    "body": "ea velit perferendis earum ut voluptatem voluptate itaque iusto\ntotam pariatur in\nnemo voluptatem voluptatem autem magni tempora minima in\nest distinctio qui assumenda accusamus dignissimos officia nesciunt nobis"
  },
  {
    "userId": 4,
    "id": 35,
    "title": "id nihil consequatur molestias animi provident",
    "body": "nisi error delectus possimus ut eligendi vitae\nplaceat eos harum cupiditate facilis reprehenderit voluptatem beatae\nmodi ducimus quo illum voluptas eligendi\net nobis quia fugit"
  },
  {
    "userId": 4,
    "id": 36,
    "title": "fuga nam accusamus voluptas reiciendis itaque",
    "body": "ad mollitia et omnis minus architecto odit\nvoluptas doloremque maxime aut non ipsa qui alias veniam\nblanditiis culpa aut quia nihil cumque facere et occaecati\nqui aspernatur quia eaque ut aperiam inventore"
  },
  {
    "userId": 4,
    "id": 37,
    "title": "provident vel ut sit ratione est",
    "body": "debitis et eaque non officia sed nesciunt pariatur vel\nvoluptatem iste vero et ea\nnumquam aut expedita ipsum nulla in\nvoluptates omnis consequatur aut enim officiis in quam qui"
  },
  {
    "userId": 4,
    "id": 38,
    "title": "explicabo et eos deleniti nostrum ab id repellendus",
    "body": "animi esse sit aut sit nesciunt assumenda eum voluptas\nquia voluptatibus provident quia necessitatibus ea\nrerum repudiandae quia voluptatem delectus fugit aut id quia\nratione optio eos iusto veniam iure"
  },
  {
    "userId": 4,
    "id": 39,
    "title": "eos dolorem iste accusantium est eaque quam",
    "body": "corporis rerum ducimus vel eum accusantium\nmaxime aspernatur a porro possimus iste omnis\nest in deleniti asperiores fuga aut\nvoluptas sapiente vel dolore minus voluptatem incidunt ex"
  },
  {
    "userId": 4,
    "id": 40,
    "title": "enim quo cumque",
    "body": "ut voluptatum aliquid illo tenetur nemo sequi quo facilis\nipsum rem optio mollitia quas\nvoluptatem eum voluptas qui\nunde omnis voluptatem iure quasi maxime voluptas nam"
  },
  {
    "userId": 5,
    "id": 41,
    "title": "non est facere",
    "body": "molestias id nostrum\nexcepturi molestiae dolore omnis repellendus quaerat saepe\nconsectetur iste quaerat tenetur asperiores accusamus ex ut\nnam quidem est ducimus sunt debitis saepe"
  },
  {
    "userId": 5,
    "id": 42,
    "title": "commodi ullam sint et excepturi error explicabo praesentium voluptas",
    "body": "odio fugit voluptatum ducimus earum autem est incidunt voluptatem\nodit reiciendis aliquam sunt sequi nulla dolorem\nnon facere repellendus voluptates quia\nratione harum vitae ut"
  },
  {
    "userId": 5,
    "id": 43,
    "title": "eligendi iste nostrum consequuntur adipisci praesentium sit beatae perferendis",
    "body": "similique fugit est\nillum et dolorum harum et voluptate eaque quidem\nexercitationem quos nam commodi possimus cum odio nihil nulla\ndolorum exercitationem magnam ex et a et distinctio debitis"
  },
  {
    "userId": 5,
    "id": 44,
    "title": "optio dolor molestias sit",
    "body": "temporibus est consectetur dolore\net libero debitis vel velit laboriosam quia\nipsum quibusdam qui itaque fuga rem aut\nea et iure quam sed maxime ut distinctio quae"
  },
  {
    "userId": 5,
    "id": 45,
    "title": "ut numquam possimus omnis eius suscipit laudantium iure",
    "body": "est natus reiciendis nihil possimus aut provident\nex et dolor\nrepellat pariatur est\nnobis rerum repellendus dolorem autem"
  },
  {
    "userId": 5,
    "id": 46,
    "title": "aut quo modi neque nostrum ducimus",
    "body": "voluptatem quisquam iste\nvoluptatibus natus officiis facilis dolorem\nquis quas ipsam\nvel et voluptatum in aliquid"
  },
  {
    "userId": 5,
    "id": 47,
    "title": "quibusdam cumque rem aut deserunt",
    "body": "voluptatem assumenda ut qui ut cupiditate aut impedit veniam\noccaecati nemo illum voluptatem laudantium\nmolestiae beatae rerum ea iure soluta nostrum\neligendi et voluptate"
  },
  {
    "userId": 5,
    "id": 48,
    "title": "ut voluptatem illum ea doloribus itaque eos",
    "body": "voluptates quo voluptatem facilis iure occaecati\nvel assumenda rerum officia et\nillum perspiciatis ab deleniti\nlaudantium repellat ad ut et autem reprehenderit"
  },
  {
    "userId": 5,
    "id": 49,
    "title": "laborum non sunt aut ut assumenda perspiciatis voluptas",
    "body": "inventore ab sint\nnatus fugit id nulla sequi architecto nihil quaerat\neos tenetur in in eum veritatis non\nquibusdam officiis aspernatur cumque aut commodi aut"
  },
  {
    "userId": 5,
    "id": 50,
    "title": "repellendus qui recusandae incidunt voluptates tenetur qui omnis exercitationem",
    "body": "error suscipit maxime adipisci consequuntur recusandae\nvoluptas eligendi et est et voluptates\nquia distinctio ab amet quaerat molestiae et vitae\nadipisci impedit sequi nesciunt quis consectetur"
  },
  {
    "userId": 6,
    "id": 51,
    "title": "soluta aliquam aperiam consequatur illo quis voluptas",
    "body": "sunt dolores aut doloribus\ndolore doloribus voluptates tempora et\ndoloremque et quo\ncum asperiores sit consectetur dolorem"
  },
  {
    "userId": 6,
    "id": 52,
    "title": "qui enim et consequuntur quia animi quis voluptate quibusdam",
    "body": "iusto est quibusdam fuga quas quaerat molestias\na enim ut sit accusamus enim\ntemporibus iusto accusantium provident architecto\nsoluta esse reprehenderit qui laborum"
  },
  {
    "userId": 6,
    "id": 53,
    "title": "ut quo aut ducimus alias",
    "body": "minima harum praesentium eum rerum illo dolore\nquasi exercitationem rerum nam\nporro quis neque quo\nconsequatur minus dolor quidem veritatis sunt non explicabo similique"
  },
  {
    "userId": 6,
    "id": 54,
    "title": "sit asperiores ipsam eveniet odio non quia",
    "body": "totam corporis dignissimos\nvitae dolorem ut occaecati accusamus\nex velit deserunt\net exercitationem vero incidunt corrupti mollitia"
  },
  {
    "userId": 6,
    "id": 55,
    "title": "sit vel voluptatem et non libero",
    "body": "debitis excepturi ea perferendis harum libero optio\neos accusamus cum fuga ut sapiente repudiandae\net ut incidunt omnis molestiae\nnihil ut eum odit"
  },
  {
    "userId": 6,
    "id": 56,
    "title": "qui et at rerum necessitatibus",
    "body": "aut est omnis dolores\nneque rerum quod ea rerum velit pariatur beatae excepturi\net provident voluptas corrupti\ncorporis harum reprehenderit dolores eligendi"
  },
  {
    "userId": 6,
    "id": 57,
    "title": "sed ab est est",
    "body": "at pariatur consequuntur earum quidem\nquo est laudantium soluta voluptatem\nqui ullam et est\net cum voluptas voluptatum repellat est"
  },
  {
    "userId": 6,
    "id": 58,
    "title": "voluptatum itaque dolores nisi et quasi",
    "body": "veniam voluptatum quae adipisci id\net id quia eos ad et dolorem\naliquam quo nisi sunt eos impedit error\nad similique veniam"
  },
  {
    "userId": 6,
    "id": 59,
    "title": "qui commodi dolor at maiores et quis id accusantium",
    "body": "perspiciatis et quam ea autem temporibus non voluptatibus qui\nbeatae a earum officia nesciunt dolores suscipit voluptas et\nanimi doloribus cum rerum quas et magni\net hic ut ut commodi expedita sunt"
  },
  {
    "userId": 6,
    "id": 60,
    "title": "consequatur placeat omnis quisquam quia reprehenderit fugit veritatis facere",
    "body": "asperiores sunt ab assumenda cumque modi velit\nqui esse omnis\nvoluptate et fuga perferendis voluptas\nillo ratione amet aut et omnis"
  },
  {
    "userId": 7,
    "id": 61,
    "title": "voluptatem doloribus consectetur est ut ducimus",
    "body": "ab nemo optio odio\ndelectus tenetur corporis similique nobis repellendus rerum omnis facilis\nvero blanditiis debitis in nesciunt doloribus dicta dolores\nmagnam minus velit"
  },
  {
    "userId": 7,
    "id": 62,
    "title": "beatae enim quia vel",
    "body": "enim aspernatur illo distinctio quae praesentium\nbeatae alias amet delectus qui voluptate distinctio\nodit sint accusantium autem omnis\nquo molestiae omnis ea eveniet optio"
  },
  {
    "userId": 7,
    "id": 63,
    "title": "voluptas blanditiis repellendus animi ducimus error sapiente et suscipit",
    "body": "enim adipisci aspernatur nemo\nnumquam omnis facere dolorem dolor ex quis temporibus incidunt\nab delectus culpa quo reprehenderit blanditiis asperiores\naccusantium ut quam in voluptatibus voluptas ipsam dicta"
  },
  {
    "userId": 7,
    "id": 64,
    "title": "et fugit quas eum in in aperiam quod",
    "body": "id velit blanditiis\neum ea voluptatem\nmolestiae sint occaecati est eos perspiciatis\nincidunt a error provident eaque aut aut qui"
  },
  {
    "userId": 7,
    "id": 65,
    "title": "consequatur id enim sunt et et",
    "body": "voluptatibus ex esse\nsint explicabo est aliquid cumque adipisci fuga repellat labore\nmolestiae corrupti ex saepe at asperiores et perferendis\nnatus id esse incidunt pariatur"
  },
  {
    "userId": 7,
    "id": 66,
    "title": "repudiandae ea animi iusto",
    "body": "officia veritatis tenetur vero qui itaque\nsint non ratione\nsed et ut asperiores iusto eos molestiae nostrum\nveritatis quibusdam et nemo iusto saepe"
  },
  {
    "userId": 7,
    "id": 67,
    "title": "aliquid eos sed fuga est maxime repellendus",
    "body": "reprehenderit id nostrum\nvoluptas doloremque pariatur sint et accusantium quia quod aspernatur\net fugiat amet\nnon sapiente et consequatur necessitatibus molestiae"
  },
  {
    "userId": 7,
    "id": 68,
    "title": "odio quis facere architecto reiciendis optio",
    "body": "magnam molestiae perferendis quisquam\nqui cum reiciendis\nquaerat animi amet hic inventore\nea quia deleniti quidem saepe porro velit"
  },
  {
    "userId": 7,
    "id": 69,
    "title": "fugiat quod pariatur odit minima",
    "body": "officiis error culpa consequatur modi asperiores et\ndolorum assumenda voluptas et vel qui aut vel rerum\nvoluptatum quisquam perspiciatis quia rerum consequatur totam quas\nsequi commodi repudiandae asperiores et saepe a"
  },
  {
    "userId": 7,
    "id": 70,
    "title": "voluptatem laborum magni",
    "body": "sunt repellendus quae\nest asperiores aut deleniti esse accusamus repellendus quia aut\nquia dolorem unde\neum tempora esse dolore"
  },
  {
    "userId": 8,
    "id": 71,
    "title": "et iusto veniam et illum aut fuga",
    "body": "occaecati a doloribus\niste saepe consectetur placeat eum voluptate dolorem et\nqui quo quia voluptas\nrerum ut id enim velit est perferendis"
  },
  {
    "userId": 8,
    "id": 72,
    "title": "sint hic doloribus consequatur eos non id",
    "body": "quam occaecati qui deleniti consectetur\nconsequatur aut facere quas exercitationem aliquam hic voluptas\nneque id sunt ut aut accusamus\nsunt consectetur expedita inventore velit"
  },
  {
    "userId": 8,
    "id": 73,
    "title": "consequuntur deleniti eos quia temporibus ab aliquid at",
    "body": "voluptatem cumque tenetur consequatur expedita ipsum nemo quia explicabo\naut eum minima consequatur\ntempore cumque quae est et\net in consequuntur voluptatem voluptates aut"
  },
  {
    "userId": 8,
    "id": 74,
    "title": "enim unde ratione doloribus quas enim ut sit sapiente",
    "body": "odit qui et et necessitatibus sint veniam\nmollitia amet doloremque molestiae commodi similique magnam et quam\nblanditiis est itaque\nquo et tenetur ratione occaecati molestiae tempora"
  },
  {
    "userId": 8,
    "id": 75,
    "title": "dignissimos eum dolor ut enim et delectus in",
    "body": "commodi non non omnis et voluptas sit\nautem aut nobis magnam et sapiente voluptatem\net laborum repellat qui delectus facilis temporibus\nrerum amet et nemo voluptate expedita adipisci error dolorem"
  },
  {
    "userId": 8,
    "id": 76,
    "title": "doloremque officiis ad et non perferendis",
    "body": "ut animi facere\ntotam iusto tempore\nmolestiae eum aut et dolorem aperiam\nquaerat recusandae totam odio"
  },
  {
    "userId": 8,
    "id": 77,
    "title": "necessitatibus quasi exercitationem odio",
    "body": "modi ut in nulla repudiandae dolorum nostrum eos\naut consequatur omnis\nut incidunt est omnis iste et quam\nvoluptates sapiente aliquam asperiores nobis amet corrupti repudiandae provident"
  },
  {
    "userId": 8,
    "id": 78,
    "title": "quam voluptatibus rerum veritatis",
    "body": "nobis facilis odit tempore cupiditate quia\nassumenda doloribus rerum qui ea\nillum et qui totam\naut veniam repellendus"
  },
  {
    "userId": 8,
    "id": 79,
    "title": "pariatur consequatur quia magnam autem omnis non amet",
    "body": "libero accusantium et et facere incidunt sit dolorem\nnon excepturi qui quia sed laudantium\nquisquam molestiae ducimus est\nofficiis esse molestiae iste et quos"
  },
  {
    "userId": 8,
    "id": 80,
    "title": "labore in ex et explicabo corporis aut quas",
    "body": "ex quod dolorem ea eum iure qui provident amet\nquia qui facere excepturi et repudiandae\nasperiores molestias provident\nminus incidunt vero fugit rerum sint sunt excepturi provident"
  },
  {
    "userId": 9,
    "id": 81,
    "title": "tempora rem veritatis voluptas quo dolores vero",
    "body": "facere qui nesciunt est voluptatum voluptatem nisi\nsequi eligendi necessitatibus ea at rerum itaque\nharum non ratione velit laboriosam quis consequuntur\nex officiis minima doloremque voluptas ut aut"
  },
  {
    "userId": 9,
    "id": 82,
    "title": "laudantium voluptate suscipit sunt enim enim",
    "body": "ut libero sit aut totam inventore sunt\nporro sint qui sunt molestiae\nconsequatur cupiditate qui iste ducimus adipisci\ndolor enim assumenda soluta laboriosam amet iste delectus hic"
  },
  {
    "userId": 9,
    "id": 83,
    "title": "odit et voluptates doloribus alias odio et",
    "body": "est molestiae facilis quis tempora numquam nihil qui\nvoluptate sapiente consequatur est qui\nnecessitatibus autem aut ipsa aperiam modi dolore numquam\nreprehenderit eius rem quibusdam"
  },
  {
    "userId": 9,
    "id": 84,
    "title": "optio ipsam molestias necessitatibus occaecati facilis veritatis dolores aut",
    "body": "sint molestiae magni a et quos\neaque et quasi\nut rerum debitis similique veniam\nrecusandae dignissimos dolor incidunt consequatur odio"
  },
  {
    "userId": 9,
    "id": 85,
    "title": "dolore veritatis porro provident adipisci blanditiis et sunt",
    "body": "similique sed nisi voluptas iusto omnis\nmollitia et quo\nassumenda suscipit officia magnam sint sed tempora\nenim provident pariatur praesentium atque animi amet ratione"
  },
  {
    "userId": 9,
    "id": 86,
    "title": "placeat quia et porro iste",
    "body": "quasi excepturi consequatur iste autem temporibus sed molestiae beatae\net quaerat et esse ut\nvoluptatem occaecati et vel explicabo autem\nasperiores pariatur deserunt optio"
  },
  {
    "userId": 9,
    "id": 87,
    "title": "nostrum quis quasi placeat",
    "body": "eos et molestiae\nnesciunt ut a\ndolores perspiciatis repellendus repellat aliquid\nmagnam sint rem ipsum est"
  },
  {
    "userId": 9,
    "id": 88,
    "title": "sapiente omnis fugit eos",
    "body": "consequatur omnis est praesentium\nducimus non iste\nneque hic deserunt\nvoluptatibus veniam cum et rerum sed"
  },
  {
    "userId": 9,
    "id": 89,
    "title": "sint soluta et vel magnam aut ut sed qui",
    "body": "repellat aut aperiam totam temporibus autem et\narchitecto magnam ut\nconsequatur qui cupiditate rerum quia soluta dignissimos nihil iure\ntempore quas est"
  },
  {
    "userId": 9,
    "id": 90,
    "title": "ad iusto omnis odit dolor voluptatibus",
    "body": "minus omnis soluta quia\nqui sed adipisci voluptates illum ipsam voluptatem\neligendi officia ut in\neos soluta similique molestias praesentium blanditiis"
  },
  {
    "userId": 10,
    "id": 91,
    "title": "aut amet sed",
    "body": "libero voluptate eveniet aperiam sed\nsunt placeat suscipit molestias\nsimilique fugit nam natus\nexpedita consequatur consequatur dolores quia eos et placeat"
  },
  {
    "userId": 10,
    "id": 92,
    "title": "ratione ex tenetur perferendis",
    "body": "aut et excepturi dicta laudantium sint rerum nihil\nlaudantium et at\na neque minima officia et similique libero et\ncommodi voluptate qui"
  },
  {
    "userId": 10,
    "id": 93,
    "title": "beatae soluta recusandae",
    "body": "dolorem quibusdam ducimus consequuntur dicta aut quo laboriosam\nvoluptatem quis enim recusandae ut sed sunt\nnostrum est odit totam\nsit error sed sunt eveniet provident qui nulla"
  },
  {
    "userId": 10,
    "id": 94,
    "title": "qui qui voluptates illo iste minima",
    "body": "aspernatur expedita soluta quo ab ut similique\nexpedita dolores amet\nsed temporibus distinctio magnam saepe deleniti\nomnis facilis nam ipsum natus sint similique omnis"
  },
  {
    "userId": 10,
    "id": 95,
    "title": "id minus libero illum nam ad officiis",
    "body": "earum voluptatem facere provident blanditiis velit laboriosam\npariatur accusamus odio saepe\ncumque dolor qui a dicta ab doloribus consequatur omnis\ncorporis cupiditate eaque assumenda ad nesciunt"
  },
  {
    "userId": 10,
    "id": 96,
    "title": "quaerat velit veniam amet cupiditate aut numquam ut sequi",
    "body": "in non odio excepturi sint eum\nlabore voluptates vitae quia qui et\ninventore itaque rerum\nveniam non exercitationem delectus aut"
  },
  {
    "userId": 10,
    "id": 97,
    "title": "quas fugiat ut perspiciatis vero provident",
    "body": "eum non blanditiis soluta porro quibusdam voluptas\nvel voluptatem qui placeat dolores qui velit aut\nvel inventore aut cumque culpa explicabo aliquid at\nperspiciatis est et voluptatem dignissimos dolor itaque sit nam"
  },
  {
    "userId": 10,
    "id": 98,
    "title": "laboriosam dolor voluptates",
    "body": "doloremque ex facilis sit sint culpa\nsoluta assumenda eligendi non ut eius\nsequi ducimus vel quasi\nveritatis est dolores"
  },
  {
    "userId": 10,
    "id": 99,
    "title": "temporibus sit alias delectus eligendi possimus magni",
    "body": "quo deleniti praesentium dicta non quod\naut est molestias\nmolestias et officia quis nihil\nitaque dolorem quia"
  },
  {
    "userId": 10,
    "id": 100,
    "title": "at nam consequatur ea labore ea harum",
    "body": "cupiditate quo est a modi nesciunt soluta\nipsa voluptas error itaque dicta in\nautem qui minus magnam et distinctio eum\naccusamus ratione error aut"
  }
]

08:48:49.289 [main] INFO  com.intuit.karate - [print] Odd ID found: 1 
08:48:49.311 [main] INFO  com.intuit.karate - [print] Even ID found: 2 
08:48:49.324 [main] INFO  com.intuit.karate - [print] Odd ID found: 3 
08:48:49.333 [main] INFO  com.intuit.karate - [print] Even ID found: 4 
08:48:49.343 [main] INFO  com.intuit.karate - [print] Odd ID found: 5 
08:48:49.353 [main] INFO  com.intuit.karate - [print] Even ID found: 6 
08:48:49.363 [main] INFO  com.intuit.karate - [print] Odd ID found: 7 
08:48:49.373 [main] INFO  com.intuit.karate - [print] Even ID found: 8 
08:48:49.381 [main] INFO  com.intuit.karate - [print] Odd ID found: 9 
08:48:49.389 [main] INFO  com.intuit.karate - [print] Even ID found: 10 
08:48:49.396 [main] INFO  com.intuit.karate - [print] Odd ID found: 11 
08:48:49.404 [main] INFO  com.intuit.karate - [print] Even ID found: 12 
08:48:49.410 [main] INFO  com.intuit.karate - [print] Odd ID found: 13 
08:48:49.412 [main] INFO  com.intuit.karate - [print] Even ID found: 14 
08:48:49.424 [main] INFO  com.intuit.karate - [print] Odd ID found: 15 
08:48:49.433 [main] INFO  com.intuit.karate - [print] Even ID found: 16 
08:48:49.443 [main] INFO  com.intuit.karate - [print] Odd ID found: 17 
08:48:49.443 [main] INFO  com.intuit.karate - [print] Even ID found: 18 
08:48:49.455 [main] INFO  com.intuit.karate - [print] Odd ID found: 19 
08:48:49.455 [main] INFO  com.intuit.karate - [print] Even ID found: 20 
08:48:49.471 [main] INFO  com.intuit.karate - [print] Odd ID found: 21 
08:48:49.477 [main] INFO  com.intuit.karate - [print] Even ID found: 22 
08:48:49.483 [main] INFO  com.intuit.karate - [print] Odd ID found: 23 
08:48:49.490 [main] INFO  com.intuit.karate - [print] Even ID found: 24 
08:48:49.496 [main] INFO  com.intuit.karate - [print] Odd ID found: 25 
08:48:49.502 [main] INFO  com.intuit.karate - [print] Even ID found: 26 
08:48:49.508 [main] INFO  com.intuit.karate - [print] Odd ID found: 27 
08:48:49.508 [main] INFO  com.intuit.karate - [print] Even ID found: 28 
08:48:49.508 [main] INFO  com.intuit.karate - [print] Odd ID found: 29 
08:48:49.530 [main] INFO  com.intuit.karate - [print] Even ID found: 30 
08:48:49.538 [main] INFO  com.intuit.karate - [print] Odd ID found: 31 
08:48:49.544 [main] INFO  com.intuit.karate - [print] Even ID found: 32 
08:48:49.549 [main] INFO  com.intuit.karate - [print] Odd ID found: 33 
08:48:49.555 [main] INFO  com.intuit.karate - [print] Even ID found: 34 
08:48:49.561 [main] INFO  com.intuit.karate - [print] Odd ID found: 35 
08:48:49.567 [main] INFO  com.intuit.karate - [print] Even ID found: 36 
08:48:49.572 [main] INFO  com.intuit.karate - [print] Odd ID found: 37 
08:48:49.578 [main] INFO  com.intuit.karate - [print] Even ID found: 38 
08:48:49.583 [main] INFO  com.intuit.karate - [print] Odd ID found: 39 
08:48:49.590 [main] INFO  com.intuit.karate - [print] Even ID found: 40 
08:48:49.596 [main] INFO  com.intuit.karate - [print] Odd ID found: 41 
08:48:49.600 [main] INFO  com.intuit.karate - [print] Even ID found: 42 
08:48:49.604 [main] INFO  com.intuit.karate - [print] Odd ID found: 43 
08:48:49.604 [main] INFO  com.intuit.karate - [print] Even ID found: 44 
08:48:49.604 [main] INFO  com.intuit.karate - [print] Odd ID found: 45 
08:48:49.624 [main] INFO  com.intuit.karate - [print] Even ID found: 46 
08:48:49.627 [main] INFO  com.intuit.karate - [print] Odd ID found: 47 
08:48:49.634 [main] INFO  com.intuit.karate - [print] Even ID found: 48 
08:48:49.641 [main] INFO  com.intuit.karate - [print] Odd ID found: 49 
08:48:49.646 [main] INFO  com.intuit.karate - [print] Even ID found: 50 
08:48:49.652 [main] INFO  com.intuit.karate - [print] Odd ID found: 51 
08:48:49.658 [main] INFO  com.intuit.karate - [print] Even ID found: 52 
08:48:49.662 [main] INFO  com.intuit.karate - [print] Odd ID found: 53 
08:48:49.666 [main] INFO  com.intuit.karate - [print] Even ID found: 54 
08:48:49.672 [main] INFO  com.intuit.karate - [print] Odd ID found: 55 
08:48:49.677 [main] INFO  com.intuit.karate - [print] Even ID found: 56 
08:48:49.681 [main] INFO  com.intuit.karate - [print] Odd ID found: 57 
08:48:49.686 [main] INFO  com.intuit.karate - [print] Even ID found: 58 
08:48:49.691 [main] INFO  com.intuit.karate - [print] Odd ID found: 59 
08:48:49.695 [main] INFO  com.intuit.karate - [print] Even ID found: 60 
08:48:49.700 [main] INFO  com.intuit.karate - [print] Odd ID found: 61 
08:48:49.704 [main] INFO  com.intuit.karate - [print] Even ID found: 62 
08:48:49.710 [main] INFO  com.intuit.karate - [print] Odd ID found: 63 
08:48:49.710 [main] INFO  com.intuit.karate - [print] Even ID found: 64 
08:48:49.710 [main] INFO  com.intuit.karate - [print] Odd ID found: 65 
08:48:49.721 [main] INFO  com.intuit.karate - [print] Even ID found: 66 
08:48:49.727 [main] INFO  com.intuit.karate - [print] Odd ID found: 67 
08:48:49.727 [main] INFO  com.intuit.karate - [print] Even ID found: 68 
08:48:49.737 [main] INFO  com.intuit.karate - [print] Odd ID found: 69 
08:48:49.737 [main] INFO  com.intuit.karate - [print] Even ID found: 70 
08:48:49.737 [main] INFO  com.intuit.karate - [print] Odd ID found: 71 
08:48:49.737 [main] INFO  com.intuit.karate - [print] Even ID found: 72 
08:48:49.754 [main] INFO  com.intuit.karate - [print] Odd ID found: 73 
08:48:49.757 [main] INFO  com.intuit.karate - [print] Even ID found: 74 
08:48:49.760 [main] INFO  com.intuit.karate - [print] Odd ID found: 75 
08:48:49.766 [main] INFO  com.intuit.karate - [print] Even ID found: 76 
08:48:49.771 [main] INFO  com.intuit.karate - [print] Odd ID found: 77 
08:48:49.775 [main] INFO  com.intuit.karate - [print] Even ID found: 78 
08:48:49.779 [main] INFO  com.intuit.karate - [print] Odd ID found: 79 
08:48:49.783 [main] INFO  com.intuit.karate - [print] Even ID found: 80 
08:48:49.788 [main] INFO  com.intuit.karate - [print] Odd ID found: 81 
08:48:49.793 [main] INFO  com.intuit.karate - [print] Even ID found: 82 
08:48:49.798 [main] INFO  com.intuit.karate - [print] Odd ID found: 83 
08:48:49.803 [main] INFO  com.intuit.karate - [print] Even ID found: 84 
08:48:49.807 [main] INFO  com.intuit.karate - [print] Odd ID found: 85 
08:48:49.811 [main] INFO  com.intuit.karate - [print] Even ID found: 86 
08:48:49.811 [main] INFO  com.intuit.karate - [print] Odd ID found: 87 
08:48:49.811 [main] INFO  com.intuit.karate - [print] Even ID found: 88 
08:48:49.820 [main] INFO  com.intuit.karate - [print] Odd ID found: 89 
08:48:49.824 [main] INFO  com.intuit.karate - [print] Even ID found: 90 
08:48:49.824 [main] INFO  com.intuit.karate - [print] Odd ID found: 91 
08:48:49.824 [main] INFO  com.intuit.karate - [print] Even ID found: 92 
08:48:49.824 [main] INFO  com.intuit.karate - [print] Odd ID found: 93 
08:48:49.840 [main] INFO  com.intuit.karate - [print] Even ID found: 94 
08:48:49.844 [main] INFO  com.intuit.karate - [print] Odd ID found: 95 
08:48:49.848 [main] INFO  com.intuit.karate - [print] Even ID found: 96 
08:48:49.851 [main] INFO  com.intuit.karate - [print] Odd ID found: 97 
08:48:49.855 [main] INFO  com.intuit.karate - [print] Even ID found: 98 
08:48:49.858 [main] INFO  com.intuit.karate - [print] Odd ID found: 99 
08:48:49.858 [main] INFO  com.intuit.karate - [print] Even ID found: 100 
08:48:51.047 [main] INFO  com.intuit.karate.Suite - <<pass>> feature 1 of 1 (0 remaining) classpath:examples/features/assignment/assignment2.feature
09:08:40.825 [main] INFO  com.intuit.karate.Runner - using system property 'karate.options': classpath:examples/features/assignment/assignment3.feature
09:08:41.474 [main] ERROR c.intuit.karate.core.FeatureParser - not a valid feature file: examples/features/assignment/assignment3.feature - mismatched input '{' expecting <EOF>
09:09:49.935 [main] INFO  com.intuit.karate.Runner - using system property 'karate.options': classpath:examples/features/assignment/assignment3.feature
09:09:50.453 [main] ERROR c.intuit.karate.core.FeatureParser - not a valid feature file: examples/features/assignment/assignment3.feature - mismatched input 'c' expecting <EOF>
09:11:16.551 [main] INFO  com.intuit.karate.Runner - using system property 'karate.options': classpath:examples/features/assignment/assignment3.feature
09:11:17.039 [main] ERROR c.intuit.karate.core.FeatureParser - not a valid feature file: examples/features/assignment/assignment3.feature - mismatched input '{' expecting <EOF>
09:13:25.413 [main] INFO  com.intuit.karate.Runner - using system property 'karate.options': classpath:examples/features/assignment/assignment3.feature
09:13:25.936 [main] DEBUG com.intuit.karate.Suite - [config] classpath:karate-config.js
09:13:25.936 [main] INFO  com.intuit.karate.Suite - backed up existing 'target\karate-reports' dir to: target\karate-reports_1779680605936
09:13:27.014 [main] INFO  com.intuit.karate - karate.env system property was: null 
09:13:27.045 [main] INFO  com.intuit.karate - Loaded API Key: free_user_3DvGOP3388gqq71IAt6bHhQ6DDZ 
09:13:27.380 [main] DEBUG com.intuit.karate - request:
1 > GET https://jsonplaceholder.typicode.com/posts
1 > Host: jsonplaceholder.typicode.com
1 > Connection: Keep-Alive
1 > User-Agent: Apache-HttpClient/4.5.14 (Java/17.0.9)
1 > Accept-Encoding: gzip,deflate


09:13:28.222 [main] DEBUG com.intuit.karate - response time in milliseconds: 842
1 < 200
1 < Date: Mon, 25 May 2026 03:43:28 GMT
1 < Content-Type: application/json; charset=utf-8
1 < Transfer-Encoding: chunked
1 < Connection: keep-alive
1 < access-control-allow-credentials: true
1 < Cache-Control: max-age=43200
1 < etag: W/"6b80-Ybsq/K6GwwqrYkAsFxqDXGC7DoM"
1 < expires: -1
1 < nel: {"report_to":"heroku-nel","response_headers":["Via"],"max_age":3600,"success_fraction":0.01,"failure_fraction":0.1}
1 < pragma: no-cache
1 < report-to: {"group":"heroku-nel","endpoints":[{"url":"https://nel.heroku.com/reports?s=1TJK7LY9IOlmtKHtBPLS3yjrCFO1HXc2r4wAsJE0FDQ%3D\u0026sid=e11707d5-02a7-43ef-b45e-2cf4d2036f7d\u0026ts=1779238720"}],"max_age":3600}
1 < reporting-endpoints: heroku-nel="https://nel.heroku.com/reports?s=1TJK7LY9IOlmtKHtBPLS3yjrCFO1HXc2r4wAsJE0FDQ%3D&sid=e11707d5-02a7-43ef-b45e-2cf4d2036f7d&ts=1779238720"
1 < Server: cloudflare
1 < vary: Origin, Accept-Encoding
1 < via: 2.0 heroku-router
1 < x-content-type-options: nosniff
1 < x-powered-by: Express
1 < x-ratelimit-limit: 1000
1 < x-ratelimit-remaining: 999
1 < x-ratelimit-reset: 1779238736
1 < Age: 8617
1 < cf-cache-status: HIT
1 < Server-Timing: cfCacheStatus;desc="HIT"
1 < Server-Timing: cfEdge;dur=2,cfOrigin;dur=0
1 < CF-RAY: a0118938cd758aa0-MRS
1 < alt-svc: h3=":443"; ma=86400
[
  {
    "userId": 1,
    "id": 1,
    "title": "sunt aut facere repellat provident occaecati excepturi optio reprehenderit",
    "body": "quia et suscipit\nsuscipit recusandae consequuntur expedita et cum\nreprehenderit molestiae ut ut quas totam\nnostrum rerum est autem sunt rem eveniet architecto"
  },
  {
    "userId": 1,
    "id": 2,
    "title": "qui est esse",
    "body": "est rerum tempore vitae\nsequi sint nihil reprehenderit dolor beatae ea dolores neque\nfugiat blanditiis voluptate porro vel nihil molestiae ut reiciendis\nqui aperiam non debitis possimus qui neque nisi nulla"
  },
  {
    "userId": 1,
    "id": 3,
    "title": "ea molestias quasi exercitationem repellat qui ipsa sit aut",
    "body": "et iusto sed quo iure\nvoluptatem occaecati omnis eligendi aut ad\nvoluptatem doloribus vel accusantium quis pariatur\nmolestiae porro eius odio et labore et velit aut"
  },
  {
    "userId": 1,
    "id": 4,
    "title": "eum et est occaecati",
    "body": "ullam et saepe reiciendis voluptatem adipisci\nsit amet autem assumenda provident rerum culpa\nquis hic commodi nesciunt rem tenetur doloremque ipsam iure\nquis sunt voluptatem rerum illo velit"
  },
  {
    "userId": 1,
    "id": 5,
    "title": "nesciunt quas odio",
    "body": "repudiandae veniam quaerat sunt sed\nalias aut fugiat sit autem sed est\nvoluptatem omnis possimus esse voluptatibus quis\nest aut tenetur dolor neque"
  },
  {
    "userId": 1,
    "id": 6,
    "title": "dolorem eum magni eos aperiam quia",
    "body": "ut aspernatur corporis harum nihil quis provident sequi\nmollitia nobis aliquid molestiae\nperspiciatis et ea nemo ab reprehenderit accusantium quas\nvoluptate dolores velit et doloremque molestiae"
  },
  {
    "userId": 1,
    "id": 7,
    "title": "magnam facilis autem",
    "body": "dolore placeat quibusdam ea quo vitae\nmagni quis enim qui quis quo nemo aut saepe\nquidem repellat excepturi ut quia\nsunt ut sequi eos ea sed quas"
  },
  {
    "userId": 1,
    "id": 8,
    "title": "dolorem dolore est ipsam",
    "body": "dignissimos aperiam dolorem qui eum\nfacilis quibusdam animi sint suscipit qui sint possimus cum\nquaerat magni maiores excepturi\nipsam ut commodi dolor voluptatum modi aut vitae"
  },
  {
    "userId": 1,
    "id": 9,
    "title": "nesciunt iure omnis dolorem tempora et accusantium",
    "body": "consectetur animi nesciunt iure dolore\nenim quia ad\nveniam autem ut quam aut nobis\net est aut quod aut provident voluptas autem voluptas"
  },
  {
    "userId": 1,
    "id": 10,
    "title": "optio molestias id quia eum",
    "body": "quo et expedita modi cum officia vel magni\ndoloribus qui repudiandae\nvero nisi sit\nquos veniam quod sed accusamus veritatis error"
  },
  {
    "userId": 2,
    "id": 11,
    "title": "et ea vero quia laudantium autem",
    "body": "delectus reiciendis molestiae occaecati non minima eveniet qui voluptatibus\naccusamus in eum beatae sit\nvel qui neque voluptates ut commodi qui incidunt\nut animi commodi"
  },
  {
    "userId": 2,
    "id": 12,
    "title": "in quibusdam tempore odit est dolorem",
    "body": "itaque id aut magnam\npraesentium quia et ea odit et ea voluptas et\nsapiente quia nihil amet occaecati quia id voluptatem\nincidunt ea est distinctio odio"
  },
  {
    "userId": 2,
    "id": 13,
    "title": "dolorum ut in voluptas mollitia et saepe quo animi",
    "body": "aut dicta possimus sint mollitia voluptas commodi quo doloremque\niste corrupti reiciendis voluptatem eius rerum\nsit cumque quod eligendi laborum minima\nperferendis recusandae assumenda consectetur porro architecto ipsum ipsam"
  },
  {
    "userId": 2,
    "id": 14,
    "title": "voluptatem eligendi optio",
    "body": "fuga et accusamus dolorum perferendis illo voluptas\nnon doloremque neque facere\nad qui dolorum molestiae beatae\nsed aut voluptas totam sit illum"
  },
  {
    "userId": 2,
    "id": 15,
    "title": "eveniet quod temporibus",
    "body": "reprehenderit quos placeat\nvelit minima officia dolores impedit repudiandae molestiae nam\nvoluptas recusandae quis delectus\nofficiis harum fugiat vitae"
  },
  {
    "userId": 2,
    "id": 16,
    "title": "sint suscipit perspiciatis velit dolorum rerum ipsa laboriosam odio",
    "body": "suscipit nam nisi quo aperiam aut\nasperiores eos fugit maiores voluptatibus quia\nvoluptatem quis ullam qui in alias quia est\nconsequatur magni mollitia accusamus ea nisi voluptate dicta"
  },
  {
    "userId": 2,
    "id": 17,
    "title": "fugit voluptas sed molestias voluptatem provident",
    "body": "eos voluptas et aut odit natus earum\naspernatur fuga molestiae ullam\ndeserunt ratione qui eos\nqui nihil ratione nemo velit ut aut id quo"
  },
  {
    "userId": 2,
    "id": 18,
    "title": "voluptate et itaque vero tempora molestiae",
    "body": "eveniet quo quis\nlaborum totam consequatur non dolor\nut et est repudiandae\nest voluptatem vel debitis et magnam"
  },
  {
    "userId": 2,
    "id": 19,
    "title": "adipisci placeat illum aut reiciendis qui",
    "body": "illum quis cupiditate provident sit magnam\nea sed aut omnis\nveniam maiores ullam consequatur atque\nadipisci quo iste expedita sit quos voluptas"
  },
  {
    "userId": 2,
    "id": 20,
    "title": "doloribus ad provident suscipit at",
    "body": "qui consequuntur ducimus possimus quisquam amet similique\nsuscipit porro ipsam amet\neos veritatis officiis exercitationem vel fugit aut necessitatibus totam\nomnis rerum consequatur expedita quidem cumque explicabo"
  },
  {
    "userId": 3,
    "id": 21,
    "title": "asperiores ea ipsam voluptatibus modi minima quia sint",
    "body": "repellat aliquid praesentium dolorem quo\nsed totam minus non itaque\nnihil labore molestiae sunt dolor eveniet hic recusandae veniam\ntempora et tenetur expedita sunt"
  },
  {
    "userId": 3,
    "id": 22,
    "title": "dolor sint quo a velit explicabo quia nam",
    "body": "eos qui et ipsum ipsam suscipit aut\nsed omnis non odio\nexpedita earum mollitia molestiae aut atque rem suscipit\nnam impedit esse"
  },
  {
    "userId": 3,
    "id": 23,
    "title": "maxime id vitae nihil numquam",
    "body": "veritatis unde neque eligendi\nquae quod architecto quo neque vitae\nest illo sit tempora doloremque fugit quod\net et vel beatae sequi ullam sed tenetur perspiciatis"
  },
  {
    "userId": 3,
    "id": 24,
    "title": "autem hic labore sunt dolores incidunt",
    "body": "enim et ex nulla\nomnis voluptas quia qui\nvoluptatem consequatur numquam aliquam sunt\ntotam recusandae id dignissimos aut sed asperiores deserunt"
  },
  {
    "userId": 3,
    "id": 25,
    "title": "rem alias distinctio quo quis",
    "body": "ullam consequatur ut\nomnis quis sit vel consequuntur\nipsa eligendi ipsum molestiae et omnis error nostrum\nmolestiae illo tempore quia et distinctio"
  },
  {
    "userId": 3,
    "id": 26,
    "title": "est et quae odit qui non",
    "body": "similique esse doloribus nihil accusamus\nomnis dolorem fuga consequuntur reprehenderit fugit recusandae temporibus\nperspiciatis cum ut laudantium\nomnis aut molestiae vel vero"
  },
  {
    "userId": 3,
    "id": 27,
    "title": "quasi id et eos tenetur aut quo autem",
    "body": "eum sed dolores ipsam sint possimus debitis occaecati\ndebitis qui qui et\nut placeat enim earum aut odit facilis\nconsequatur suscipit necessitatibus rerum sed inventore temporibus consequatur"
  },
  {
    "userId": 3,
    "id": 28,
    "title": "delectus ullam et corporis nulla voluptas sequi",
    "body": "non et quaerat ex quae ad maiores\nmaiores recusandae totam aut blanditiis mollitia quas illo\nut voluptatibus voluptatem\nsimilique nostrum eum"
  },
  {
    "userId": 3,
    "id": 29,
    "title": "iusto eius quod necessitatibus culpa ea",
    "body": "odit magnam ut saepe sed non qui\ntempora atque nihil\naccusamus illum doloribus illo dolor\neligendi repudiandae odit magni similique sed cum maiores"
  },
  {
    "userId": 3,
    "id": 30,
    "title": "a quo magni similique perferendis",
    "body": "alias dolor cumque\nimpedit blanditiis non eveniet odio maxime\nblanditiis amet eius quis tempora quia autem rem\na provident perspiciatis quia"
  },
  {
    "userId": 4,
    "id": 31,
    "title": "ullam ut quidem id aut vel consequuntur",
    "body": "debitis eius sed quibusdam non quis consectetur vitae\nimpedit ut qui consequatur sed aut in\nquidem sit nostrum et maiores adipisci atque\nquaerat voluptatem adipisci repudiandae"
  },
  {
    "userId": 4,
    "id": 32,
    "title": "doloremque illum aliquid sunt",
    "body": "deserunt eos nobis asperiores et hic\nest debitis repellat molestiae optio\nnihil ratione ut eos beatae quibusdam distinctio maiores\nearum voluptates et aut adipisci ea maiores voluptas maxime"
  },
  {
    "userId": 4,
    "id": 33,
    "title": "qui explicabo molestiae dolorem",
    "body": "rerum ut et numquam laborum odit est sit\nid qui sint in\nquasi tenetur tempore aperiam et quaerat qui in\nrerum officiis sequi cumque quod"
  },
  {
    "userId": 4,
    "id": 34,
    "title": "magnam ut rerum iure",
    "body": "ea velit perferendis earum ut voluptatem voluptate itaque iusto\ntotam pariatur in\nnemo voluptatem voluptatem autem magni tempora minima in\nest distinctio qui assumenda accusamus dignissimos officia nesciunt nobis"
  },
  {
    "userId": 4,
    "id": 35,
    "title": "id nihil consequatur molestias animi provident",
    "body": "nisi error delectus possimus ut eligendi vitae\nplaceat eos harum cupiditate facilis reprehenderit voluptatem beatae\nmodi ducimus quo illum voluptas eligendi\net nobis quia fugit"
  },
  {
    "userId": 4,
    "id": 36,
    "title": "fuga nam accusamus voluptas reiciendis itaque",
    "body": "ad mollitia et omnis minus architecto odit\nvoluptas doloremque maxime aut non ipsa qui alias veniam\nblanditiis culpa aut quia nihil cumque facere et occaecati\nqui aspernatur quia eaque ut aperiam inventore"
  },
  {
    "userId": 4,
    "id": 37,
    "title": "provident vel ut sit ratione est",
    "body": "debitis et eaque non officia sed nesciunt pariatur vel\nvoluptatem iste vero et ea\nnumquam aut expedita ipsum nulla in\nvoluptates omnis consequatur aut enim officiis in quam qui"
  },
  {
    "userId": 4,
    "id": 38,
    "title": "explicabo et eos deleniti nostrum ab id repellendus",
    "body": "animi esse sit aut sit nesciunt assumenda eum voluptas\nquia voluptatibus provident quia necessitatibus ea\nrerum repudiandae quia voluptatem delectus fugit aut id quia\nratione optio eos iusto veniam iure"
  },
  {
    "userId": 4,
    "id": 39,
    "title": "eos dolorem iste accusantium est eaque quam",
    "body": "corporis rerum ducimus vel eum accusantium\nmaxime aspernatur a porro possimus iste omnis\nest in deleniti asperiores fuga aut\nvoluptas sapiente vel dolore minus voluptatem incidunt ex"
  },
  {
    "userId": 4,
    "id": 40,
    "title": "enim quo cumque",
    "body": "ut voluptatum aliquid illo tenetur nemo sequi quo facilis\nipsum rem optio mollitia quas\nvoluptatem eum voluptas qui\nunde omnis voluptatem iure quasi maxime voluptas nam"
  },
  {
    "userId": 5,
    "id": 41,
    "title": "non est facere",
    "body": "molestias id nostrum\nexcepturi molestiae dolore omnis repellendus quaerat saepe\nconsectetur iste quaerat tenetur asperiores accusamus ex ut\nnam quidem est ducimus sunt debitis saepe"
  },
  {
    "userId": 5,
    "id": 42,
    "title": "commodi ullam sint et excepturi error explicabo praesentium voluptas",
    "body": "odio fugit voluptatum ducimus earum autem est incidunt voluptatem\nodit reiciendis aliquam sunt sequi nulla dolorem\nnon facere repellendus voluptates quia\nratione harum vitae ut"
  },
  {
    "userId": 5,
    "id": 43,
    "title": "eligendi iste nostrum consequuntur adipisci praesentium sit beatae perferendis",
    "body": "similique fugit est\nillum et dolorum harum et voluptate eaque quidem\nexercitationem quos nam commodi possimus cum odio nihil nulla\ndolorum exercitationem magnam ex et a et distinctio debitis"
  },
  {
    "userId": 5,
    "id": 44,
    "title": "optio dolor molestias sit",
    "body": "temporibus est consectetur dolore\net libero debitis vel velit laboriosam quia\nipsum quibusdam qui itaque fuga rem aut\nea et iure quam sed maxime ut distinctio quae"
  },
  {
    "userId": 5,
    "id": 45,
    "title": "ut numquam possimus omnis eius suscipit laudantium iure",
    "body": "est natus reiciendis nihil possimus aut provident\nex et dolor\nrepellat pariatur est\nnobis rerum repellendus dolorem autem"
  },
  {
    "userId": 5,
    "id": 46,
    "title": "aut quo modi neque nostrum ducimus",
    "body": "voluptatem quisquam iste\nvoluptatibus natus officiis facilis dolorem\nquis quas ipsam\nvel et voluptatum in aliquid"
  },
  {
    "userId": 5,
    "id": 47,
    "title": "quibusdam cumque rem aut deserunt",
    "body": "voluptatem assumenda ut qui ut cupiditate aut impedit veniam\noccaecati nemo illum voluptatem laudantium\nmolestiae beatae rerum ea iure soluta nostrum\neligendi et voluptate"
  },
  {
    "userId": 5,
    "id": 48,
    "title": "ut voluptatem illum ea doloribus itaque eos",
    "body": "voluptates quo voluptatem facilis iure occaecati\nvel assumenda rerum officia et\nillum perspiciatis ab deleniti\nlaudantium repellat ad ut et autem reprehenderit"
  },
  {
    "userId": 5,
    "id": 49,
    "title": "laborum non sunt aut ut assumenda perspiciatis voluptas",
    "body": "inventore ab sint\nnatus fugit id nulla sequi architecto nihil quaerat\neos tenetur in in eum veritatis non\nquibusdam officiis aspernatur cumque aut commodi aut"
  },
  {
    "userId": 5,
    "id": 50,
    "title": "repellendus qui recusandae incidunt voluptates tenetur qui omnis exercitationem",
    "body": "error suscipit maxime adipisci consequuntur recusandae\nvoluptas eligendi et est et voluptates\nquia distinctio ab amet quaerat molestiae et vitae\nadipisci impedit sequi nesciunt quis consectetur"
  },
  {
    "userId": 6,
    "id": 51,
    "title": "soluta aliquam aperiam consequatur illo quis voluptas",
    "body": "sunt dolores aut doloribus\ndolore doloribus voluptates tempora et\ndoloremque et quo\ncum asperiores sit consectetur dolorem"
  },
  {
    "userId": 6,
    "id": 52,
    "title": "qui enim et consequuntur quia animi quis voluptate quibusdam",
    "body": "iusto est quibusdam fuga quas quaerat molestias\na enim ut sit accusamus enim\ntemporibus iusto accusantium provident architecto\nsoluta esse reprehenderit qui laborum"
  },
  {
    "userId": 6,
    "id": 53,
    "title": "ut quo aut ducimus alias",
    "body": "minima harum praesentium eum rerum illo dolore\nquasi exercitationem rerum nam\nporro quis neque quo\nconsequatur minus dolor quidem veritatis sunt non explicabo similique"
  },
  {
    "userId": 6,
    "id": 54,
    "title": "sit asperiores ipsam eveniet odio non quia",
    "body": "totam corporis dignissimos\nvitae dolorem ut occaecati accusamus\nex velit deserunt\net exercitationem vero incidunt corrupti mollitia"
  },
  {
    "userId": 6,
    "id": 55,
    "title": "sit vel voluptatem et non libero",
    "body": "debitis excepturi ea perferendis harum libero optio\neos accusamus cum fuga ut sapiente repudiandae\net ut incidunt omnis molestiae\nnihil ut eum odit"
  },
  {
    "userId": 6,
    "id": 56,
    "title": "qui et at rerum necessitatibus",
    "body": "aut est omnis dolores\nneque rerum quod ea rerum velit pariatur beatae excepturi\net provident voluptas corrupti\ncorporis harum reprehenderit dolores eligendi"
  },
  {
    "userId": 6,
    "id": 57,
    "title": "sed ab est est",
    "body": "at pariatur consequuntur earum quidem\nquo est laudantium soluta voluptatem\nqui ullam et est\net cum voluptas voluptatum repellat est"
  },
  {
    "userId": 6,
    "id": 58,
    "title": "voluptatum itaque dolores nisi et quasi",
    "body": "veniam voluptatum quae adipisci id\net id quia eos ad et dolorem\naliquam quo nisi sunt eos impedit error\nad similique veniam"
  },
  {
    "userId": 6,
    "id": 59,
    "title": "qui commodi dolor at maiores et quis id accusantium",
    "body": "perspiciatis et quam ea autem temporibus non voluptatibus qui\nbeatae a earum officia nesciunt dolores suscipit voluptas et\nanimi doloribus cum rerum quas et magni\net hic ut ut commodi expedita sunt"
  },
  {
    "userId": 6,
    "id": 60,
    "title": "consequatur placeat omnis quisquam quia reprehenderit fugit veritatis facere",
    "body": "asperiores sunt ab assumenda cumque modi velit\nqui esse omnis\nvoluptate et fuga perferendis voluptas\nillo ratione amet aut et omnis"
  },
  {
    "userId": 7,
    "id": 61,
    "title": "voluptatem doloribus consectetur est ut ducimus",
    "body": "ab nemo optio odio\ndelectus tenetur corporis similique nobis repellendus rerum omnis facilis\nvero blanditiis debitis in nesciunt doloribus dicta dolores\nmagnam minus velit"
  },
  {
    "userId": 7,
    "id": 62,
    "title": "beatae enim quia vel",
    "body": "enim aspernatur illo distinctio quae praesentium\nbeatae alias amet delectus qui voluptate distinctio\nodit sint accusantium autem omnis\nquo molestiae omnis ea eveniet optio"
  },
  {
    "userId": 7,
    "id": 63,
    "title": "voluptas blanditiis repellendus animi ducimus error sapiente et suscipit",
    "body": "enim adipisci aspernatur nemo\nnumquam omnis facere dolorem dolor ex quis temporibus incidunt\nab delectus culpa quo reprehenderit blanditiis asperiores\naccusantium ut quam in voluptatibus voluptas ipsam dicta"
  },
  {
    "userId": 7,
    "id": 64,
    "title": "et fugit quas eum in in aperiam quod",
    "body": "id velit blanditiis\neum ea voluptatem\nmolestiae sint occaecati est eos perspiciatis\nincidunt a error provident eaque aut aut qui"
  },
  {
    "userId": 7,
    "id": 65,
    "title": "consequatur id enim sunt et et",
    "body": "voluptatibus ex esse\nsint explicabo est aliquid cumque adipisci fuga repellat labore\nmolestiae corrupti ex saepe at asperiores et perferendis\nnatus id esse incidunt pariatur"
  },
  {
    "userId": 7,
    "id": 66,
    "title": "repudiandae ea animi iusto",
    "body": "officia veritatis tenetur vero qui itaque\nsint non ratione\nsed et ut asperiores iusto eos molestiae nostrum\nveritatis quibusdam et nemo iusto saepe"
  },
  {
    "userId": 7,
    "id": 67,
    "title": "aliquid eos sed fuga est maxime repellendus",
    "body": "reprehenderit id nostrum\nvoluptas doloremque pariatur sint et accusantium quia quod aspernatur\net fugiat amet\nnon sapiente et consequatur necessitatibus molestiae"
  },
  {
    "userId": 7,
    "id": 68,
    "title": "odio quis facere architecto reiciendis optio",
    "body": "magnam molestiae perferendis quisquam\nqui cum reiciendis\nquaerat animi amet hic inventore\nea quia deleniti quidem saepe porro velit"
  },
  {
    "userId": 7,
    "id": 69,
    "title": "fugiat quod pariatur odit minima",
    "body": "officiis error culpa consequatur modi asperiores et\ndolorum assumenda voluptas et vel qui aut vel rerum\nvoluptatum quisquam perspiciatis quia rerum consequatur totam quas\nsequi commodi repudiandae asperiores et saepe a"
  },
  {
    "userId": 7,
    "id": 70,
    "title": "voluptatem laborum magni",
    "body": "sunt repellendus quae\nest asperiores aut deleniti esse accusamus repellendus quia aut\nquia dolorem unde\neum tempora esse dolore"
  },
  {
    "userId": 8,
    "id": 71,
    "title": "et iusto veniam et illum aut fuga",
    "body": "occaecati a doloribus\niste saepe consectetur placeat eum voluptate dolorem et\nqui quo quia voluptas\nrerum ut id enim velit est perferendis"
  },
  {
    "userId": 8,
    "id": 72,
    "title": "sint hic doloribus consequatur eos non id",
    "body": "quam occaecati qui deleniti consectetur\nconsequatur aut facere quas exercitationem aliquam hic voluptas\nneque id sunt ut aut accusamus\nsunt consectetur expedita inventore velit"
  },
  {
    "userId": 8,
    "id": 73,
    "title": "consequuntur deleniti eos quia temporibus ab aliquid at",
    "body": "voluptatem cumque tenetur consequatur expedita ipsum nemo quia explicabo\naut eum minima consequatur\ntempore cumque quae est et\net in consequuntur voluptatem voluptates aut"
  },
  {
    "userId": 8,
    "id": 74,
    "title": "enim unde ratione doloribus quas enim ut sit sapiente",
    "body": "odit qui et et necessitatibus sint veniam\nmollitia amet doloremque molestiae commodi similique magnam et quam\nblanditiis est itaque\nquo et tenetur ratione occaecati molestiae tempora"
  },
  {
    "userId": 8,
    "id": 75,
    "title": "dignissimos eum dolor ut enim et delectus in",
    "body": "commodi non non omnis et voluptas sit\nautem aut nobis magnam et sapiente voluptatem\net laborum repellat qui delectus facilis temporibus\nrerum amet et nemo voluptate expedita adipisci error dolorem"
  },
  {
    "userId": 8,
    "id": 76,
    "title": "doloremque officiis ad et non perferendis",
    "body": "ut animi facere\ntotam iusto tempore\nmolestiae eum aut et dolorem aperiam\nquaerat recusandae totam odio"
  },
  {
    "userId": 8,
    "id": 77,
    "title": "necessitatibus quasi exercitationem odio",
    "body": "modi ut in nulla repudiandae dolorum nostrum eos\naut consequatur omnis\nut incidunt est omnis iste et quam\nvoluptates sapiente aliquam asperiores nobis amet corrupti repudiandae provident"
  },
  {
    "userId": 8,
    "id": 78,
    "title": "quam voluptatibus rerum veritatis",
    "body": "nobis facilis odit tempore cupiditate quia\nassumenda doloribus rerum qui ea\nillum et qui totam\naut veniam repellendus"
  },
  {
    "userId": 8,
    "id": 79,
    "title": "pariatur consequatur quia magnam autem omnis non amet",
    "body": "libero accusantium et et facere incidunt sit dolorem\nnon excepturi qui quia sed laudantium\nquisquam molestiae ducimus est\nofficiis esse molestiae iste et quos"
  },
  {
    "userId": 8,
    "id": 80,
    "title": "labore in ex et explicabo corporis aut quas",
    "body": "ex quod dolorem ea eum iure qui provident amet\nquia qui facere excepturi et repudiandae\nasperiores molestias provident\nminus incidunt vero fugit rerum sint sunt excepturi provident"
  },
  {
    "userId": 9,
    "id": 81,
    "title": "tempora rem veritatis voluptas quo dolores vero",
    "body": "facere qui nesciunt est voluptatum voluptatem nisi\nsequi eligendi necessitatibus ea at rerum itaque\nharum non ratione velit laboriosam quis consequuntur\nex officiis minima doloremque voluptas ut aut"
  },
  {
    "userId": 9,
    "id": 82,
    "title": "laudantium voluptate suscipit sunt enim enim",
    "body": "ut libero sit aut totam inventore sunt\nporro sint qui sunt molestiae\nconsequatur cupiditate qui iste ducimus adipisci\ndolor enim assumenda soluta laboriosam amet iste delectus hic"
  },
  {
    "userId": 9,
    "id": 83,
    "title": "odit et voluptates doloribus alias odio et",
    "body": "est molestiae facilis quis tempora numquam nihil qui\nvoluptate sapiente consequatur est qui\nnecessitatibus autem aut ipsa aperiam modi dolore numquam\nreprehenderit eius rem quibusdam"
  },
  {
    "userId": 9,
    "id": 84,
    "title": "optio ipsam molestias necessitatibus occaecati facilis veritatis dolores aut",
    "body": "sint molestiae magni a et quos\neaque et quasi\nut rerum debitis similique veniam\nrecusandae dignissimos dolor incidunt consequatur odio"
  },
  {
    "userId": 9,
    "id": 85,
    "title": "dolore veritatis porro provident adipisci blanditiis et sunt",
    "body": "similique sed nisi voluptas iusto omnis\nmollitia et quo\nassumenda suscipit officia magnam sint sed tempora\nenim provident pariatur praesentium atque animi amet ratione"
  },
  {
    "userId": 9,
    "id": 86,
    "title": "placeat quia et porro iste",
    "body": "quasi excepturi consequatur iste autem temporibus sed molestiae beatae\net quaerat et esse ut\nvoluptatem occaecati et vel explicabo autem\nasperiores pariatur deserunt optio"
  },
  {
    "userId": 9,
    "id": 87,
    "title": "nostrum quis quasi placeat",
    "body": "eos et molestiae\nnesciunt ut a\ndolores perspiciatis repellendus repellat aliquid\nmagnam sint rem ipsum est"
  },
  {
    "userId": 9,
    "id": 88,
    "title": "sapiente omnis fugit eos",
    "body": "consequatur omnis est praesentium\nducimus non iste\nneque hic deserunt\nvoluptatibus veniam cum et rerum sed"
  },
  {
    "userId": 9,
    "id": 89,
    "title": "sint soluta et vel magnam aut ut sed qui",
    "body": "repellat aut aperiam totam temporibus autem et\narchitecto magnam ut\nconsequatur qui cupiditate rerum quia soluta dignissimos nihil iure\ntempore quas est"
  },
  {
    "userId": 9,
    "id": 90,
    "title": "ad iusto omnis odit dolor voluptatibus",
    "body": "minus omnis soluta quia\nqui sed adipisci voluptates illum ipsam voluptatem\neligendi officia ut in\neos soluta similique molestias praesentium blanditiis"
  },
  {
    "userId": 10,
    "id": 91,
    "title": "aut amet sed",
    "body": "libero voluptate eveniet aperiam sed\nsunt placeat suscipit molestias\nsimilique fugit nam natus\nexpedita consequatur consequatur dolores quia eos et placeat"
  },
  {
    "userId": 10,
    "id": 92,
    "title": "ratione ex tenetur perferendis",
    "body": "aut et excepturi dicta laudantium sint rerum nihil\nlaudantium et at\na neque minima officia et similique libero et\ncommodi voluptate qui"
  },
  {
    "userId": 10,
    "id": 93,
    "title": "beatae soluta recusandae",
    "body": "dolorem quibusdam ducimus consequuntur dicta aut quo laboriosam\nvoluptatem quis enim recusandae ut sed sunt\nnostrum est odit totam\nsit error sed sunt eveniet provident qui nulla"
  },
  {
    "userId": 10,
    "id": 94,
    "title": "qui qui voluptates illo iste minima",
    "body": "aspernatur expedita soluta quo ab ut similique\nexpedita dolores amet\nsed temporibus distinctio magnam saepe deleniti\nomnis facilis nam ipsum natus sint similique omnis"
  },
  {
    "userId": 10,
    "id": 95,
    "title": "id minus libero illum nam ad officiis",
    "body": "earum voluptatem facere provident blanditiis velit laboriosam\npariatur accusamus odio saepe\ncumque dolor qui a dicta ab doloribus consequatur omnis\ncorporis cupiditate eaque assumenda ad nesciunt"
  },
  {
    "userId": 10,
    "id": 96,
    "title": "quaerat velit veniam amet cupiditate aut numquam ut sequi",
    "body": "in non odio excepturi sint eum\nlabore voluptates vitae quia qui et\ninventore itaque rerum\nveniam non exercitationem delectus aut"
  },
  {
    "userId": 10,
    "id": 97,
    "title": "quas fugiat ut perspiciatis vero provident",
    "body": "eum non blanditiis soluta porro quibusdam voluptas\nvel voluptatem qui placeat dolores qui velit aut\nvel inventore aut cumque culpa explicabo aliquid at\nperspiciatis est et voluptatem dignissimos dolor itaque sit nam"
  },
  {
    "userId": 10,
    "id": 98,
    "title": "laboriosam dolor voluptates",
    "body": "doloremque ex facilis sit sint culpa\nsoluta assumenda eligendi non ut eius\nsequi ducimus vel quasi\nveritatis est dolores"
  },
  {
    "userId": 10,
    "id": 99,
    "title": "temporibus sit alias delectus eligendi possimus magni",
    "body": "quo deleniti praesentium dicta non quod\naut est molestias\nmolestias et officia quis nihil\nitaque dolorem quia"
  },
  {
    "userId": 10,
    "id": 100,
    "title": "at nam consequatur ea labore ea harum",
    "body": "cupiditate quo est a modi nesciunt soluta\nipsa voluptas error itaque dicta in\nautem qui minus magnam et distinctio eum\naccusamus ratione error aut"
  }
]

09:13:28.318 [main] DEBUG com.intuit.karate - write to file: target\assignment\posts.csv
09:13:28.328 [main] ERROR c.intuit.karate.core.FeatureParser - not a valid feature file: examples/features/assignment/readCsv.feature - mismatched input 'r' expecting <EOF>
09:13:28.339 [main] ERROR com.intuit.karate - classpath:examples/features/assignment/assignment3.feature:51
* call read('readCsv.feature') input
js failed:
>>>>
01: read('readCsv.feature')
<<<<
org.graalvm.polyglot.PolyglotException: mismatched input 'r' expecting <EOF>
- com.intuit.karate.core.FeatureParser.parse(FeatureParser.java:74)
- com.intuit.karate.core.Feature.read(Feature.java:63)
- com.intuit.karate.core.ScenarioFileReader.readFile(ScenarioFileReader.java:65)
- com.intuit.karate.core.ScenarioEngine.lambda$new$0(ScenarioEngine.java:124)
- <js>.:program(Unnamed:1)

classpath:examples/features/assignment/assignment3.feature:51
09:13:29.029 [main] INFO  com.intuit.karate.Suite - <<fail>> feature 1 of 1 (0 remaining) classpath:examples/features/assignment/assignment3.feature
09:16:14.189 [main] INFO  com.intuit.karate.Runner - using system property 'karate.options': classpath:examples/features/assignment/assignment3.feature
09:16:14.697 [main] ERROR c.intuit.karate.core.FeatureParser - not a valid feature file: examples/features/assignment/assignment3.feature - mismatched input 'c' expecting <EOF>
09:46:33.075 [main] INFO  com.intuit.karate.Runner - using system property 'karate.options': classpath:examples/features/assignment/assignment3.feature
09:46:33.783 [main] DEBUG com.intuit.karate.Suite - [config] classpath:karate-config.js
09:46:33.789 [main] INFO  com.intuit.karate.Suite - backed up existing 'target\karate-reports' dir to: target\karate-reports_1779682593785
09:46:34.922 [main] INFO  com.intuit.karate - karate.env system property was: null 
09:46:34.996 [main] INFO  com.intuit.karate - Loaded API Key: free_user_3DvGOP3388gqq71IAt6bHhQ6DDZ 
09:46:35.341 [main] DEBUG com.intuit.karate - request:
1 > GET https://jsonplaceholder.typicode.com/posts
1 > Host: jsonplaceholder.typicode.com
1 > Connection: Keep-Alive
1 > User-Agent: Apache-HttpClient/4.5.14 (Java/17.0.9)
1 > Accept-Encoding: gzip,deflate


09:46:36.190 [main] DEBUG com.intuit.karate - response time in milliseconds: 842
1 < 200
1 < Date: Mon, 25 May 2026 04:16:36 GMT
1 < Content-Type: application/json; charset=utf-8
1 < Transfer-Encoding: chunked
1 < Connection: keep-alive
1 < access-control-allow-credentials: true
1 < Cache-Control: max-age=43200
1 < etag: W/"6b80-Ybsq/K6GwwqrYkAsFxqDXGC7DoM"
1 < expires: -1
1 < nel: {"report_to":"heroku-nel","response_headers":["Via"],"max_age":3600,"success_fraction":0.01,"failure_fraction":0.1}
1 < pragma: no-cache
1 < report-to: {"group":"heroku-nel","endpoints":[{"url":"https://nel.heroku.com/reports?s=1TJK7LY9IOlmtKHtBPLS3yjrCFO1HXc2r4wAsJE0FDQ%3D\u0026sid=e11707d5-02a7-43ef-b45e-2cf4d2036f7d\u0026ts=1779238720"}],"max_age":3600}
1 < reporting-endpoints: heroku-nel="https://nel.heroku.com/reports?s=1TJK7LY9IOlmtKHtBPLS3yjrCFO1HXc2r4wAsJE0FDQ%3D&sid=e11707d5-02a7-43ef-b45e-2cf4d2036f7d&ts=1779238720"
1 < Server: cloudflare
1 < vary: Origin, Accept-Encoding
1 < via: 2.0 heroku-router
1 < x-content-type-options: nosniff
1 < x-powered-by: Express
1 < x-ratelimit-limit: 1000
1 < x-ratelimit-remaining: 999
1 < x-ratelimit-reset: 1779238736
1 < Age: 10605
1 < cf-cache-status: HIT
1 < Server-Timing: cfCacheStatus;desc="HIT"
1 < Server-Timing: cfEdge;dur=2,cfOrigin;dur=0
1 < CF-RAY: a011b9c17b713d70-MRS
1 < alt-svc: h3=":443"; ma=86400
[
  {
    "userId": 1,
    "id": 1,
    "title": "sunt aut facere repellat provident occaecati excepturi optio reprehenderit",
    "body": "quia et suscipit\nsuscipit recusandae consequuntur expedita et cum\nreprehenderit molestiae ut ut quas totam\nnostrum rerum est autem sunt rem eveniet architecto"
  },
  {
    "userId": 1,
    "id": 2,
    "title": "qui est esse",
    "body": "est rerum tempore vitae\nsequi sint nihil reprehenderit dolor beatae ea dolores neque\nfugiat blanditiis voluptate porro vel nihil molestiae ut reiciendis\nqui aperiam non debitis possimus qui neque nisi nulla"
  },
  {
    "userId": 1,
    "id": 3,
    "title": "ea molestias quasi exercitationem repellat qui ipsa sit aut",
    "body": "et iusto sed quo iure\nvoluptatem occaecati omnis eligendi aut ad\nvoluptatem doloribus vel accusantium quis pariatur\nmolestiae porro eius odio et labore et velit aut"
  },
  {
    "userId": 1,
    "id": 4,
    "title": "eum et est occaecati",
    "body": "ullam et saepe reiciendis voluptatem adipisci\nsit amet autem assumenda provident rerum culpa\nquis hic commodi nesciunt rem tenetur doloremque ipsam iure\nquis sunt voluptatem rerum illo velit"
  },
  {
    "userId": 1,
    "id": 5,
    "title": "nesciunt quas odio",
    "body": "repudiandae veniam quaerat sunt sed\nalias aut fugiat sit autem sed est\nvoluptatem omnis possimus esse voluptatibus quis\nest aut tenetur dolor neque"
  },
  {
    "userId": 1,
    "id": 6,
    "title": "dolorem eum magni eos aperiam quia",
    "body": "ut aspernatur corporis harum nihil quis provident sequi\nmollitia nobis aliquid molestiae\nperspiciatis et ea nemo ab reprehenderit accusantium quas\nvoluptate dolores velit et doloremque molestiae"
  },
  {
    "userId": 1,
    "id": 7,
    "title": "magnam facilis autem",
    "body": "dolore placeat quibusdam ea quo vitae\nmagni quis enim qui quis quo nemo aut saepe\nquidem repellat excepturi ut quia\nsunt ut sequi eos ea sed quas"
  },
  {
    "userId": 1,
    "id": 8,
    "title": "dolorem dolore est ipsam",
    "body": "dignissimos aperiam dolorem qui eum\nfacilis quibusdam animi sint suscipit qui sint possimus cum\nquaerat magni maiores excepturi\nipsam ut commodi dolor voluptatum modi aut vitae"
  },
  {
    "userId": 1,
    "id": 9,
    "title": "nesciunt iure omnis dolorem tempora et accusantium",
    "body": "consectetur animi nesciunt iure dolore\nenim quia ad\nveniam autem ut quam aut nobis\net est aut quod aut provident voluptas autem voluptas"
  },
  {
    "userId": 1,
    "id": 10,
    "title": "optio molestias id quia eum",
    "body": "quo et expedita modi cum officia vel magni\ndoloribus qui repudiandae\nvero nisi sit\nquos veniam quod sed accusamus veritatis error"
  },
  {
    "userId": 2,
    "id": 11,
    "title": "et ea vero quia laudantium autem",
    "body": "delectus reiciendis molestiae occaecati non minima eveniet qui voluptatibus\naccusamus in eum beatae sit\nvel qui neque voluptates ut commodi qui incidunt\nut animi commodi"
  },
  {
    "userId": 2,
    "id": 12,
    "title": "in quibusdam tempore odit est dolorem",
    "body": "itaque id aut magnam\npraesentium quia et ea odit et ea voluptas et\nsapiente quia nihil amet occaecati quia id voluptatem\nincidunt ea est distinctio odio"
  },
  {
    "userId": 2,
    "id": 13,
    "title": "dolorum ut in voluptas mollitia et saepe quo animi",
    "body": "aut dicta possimus sint mollitia voluptas commodi quo doloremque\niste corrupti reiciendis voluptatem eius rerum\nsit cumque quod eligendi laborum minima\nperferendis recusandae assumenda consectetur porro architecto ipsum ipsam"
  },
  {
    "userId": 2,
    "id": 14,
    "title": "voluptatem eligendi optio",
    "body": "fuga et accusamus dolorum perferendis illo voluptas\nnon doloremque neque facere\nad qui dolorum molestiae beatae\nsed aut voluptas totam sit illum"
  },
  {
    "userId": 2,
    "id": 15,
    "title": "eveniet quod temporibus",
    "body": "reprehenderit quos placeat\nvelit minima officia dolores impedit repudiandae molestiae nam\nvoluptas recusandae quis delectus\nofficiis harum fugiat vitae"
  },
  {
    "userId": 2,
    "id": 16,
    "title": "sint suscipit perspiciatis velit dolorum rerum ipsa laboriosam odio",
    "body": "suscipit nam nisi quo aperiam aut\nasperiores eos fugit maiores voluptatibus quia\nvoluptatem quis ullam qui in alias quia est\nconsequatur magni mollitia accusamus ea nisi voluptate dicta"
  },
  {
    "userId": 2,
    "id": 17,
    "title": "fugit voluptas sed molestias voluptatem provident",
    "body": "eos voluptas et aut odit natus earum\naspernatur fuga molestiae ullam\ndeserunt ratione qui eos\nqui nihil ratione nemo velit ut aut id quo"
  },
  {
    "userId": 2,
    "id": 18,
    "title": "voluptate et itaque vero tempora molestiae",
    "body": "eveniet quo quis\nlaborum totam consequatur non dolor\nut et est repudiandae\nest voluptatem vel debitis et magnam"
  },
  {
    "userId": 2,
    "id": 19,
    "title": "adipisci placeat illum aut reiciendis qui",
    "body": "illum quis cupiditate provident sit magnam\nea sed aut omnis\nveniam maiores ullam consequatur atque\nadipisci quo iste expedita sit quos voluptas"
  },
  {
    "userId": 2,
    "id": 20,
    "title": "doloribus ad provident suscipit at",
    "body": "qui consequuntur ducimus possimus quisquam amet similique\nsuscipit porro ipsam amet\neos veritatis officiis exercitationem vel fugit aut necessitatibus totam\nomnis rerum consequatur expedita quidem cumque explicabo"
  },
  {
    "userId": 3,
    "id": 21,
    "title": "asperiores ea ipsam voluptatibus modi minima quia sint",
    "body": "repellat aliquid praesentium dolorem quo\nsed totam minus non itaque\nnihil labore molestiae sunt dolor eveniet hic recusandae veniam\ntempora et tenetur expedita sunt"
  },
  {
    "userId": 3,
    "id": 22,
    "title": "dolor sint quo a velit explicabo quia nam",
    "body": "eos qui et ipsum ipsam suscipit aut\nsed omnis non odio\nexpedita earum mollitia molestiae aut atque rem suscipit\nnam impedit esse"
  },
  {
    "userId": 3,
    "id": 23,
    "title": "maxime id vitae nihil numquam",
    "body": "veritatis unde neque eligendi\nquae quod architecto quo neque vitae\nest illo sit tempora doloremque fugit quod\net et vel beatae sequi ullam sed tenetur perspiciatis"
  },
  {
    "userId": 3,
    "id": 24,
    "title": "autem hic labore sunt dolores incidunt",
    "body": "enim et ex nulla\nomnis voluptas quia qui\nvoluptatem consequatur numquam aliquam sunt\ntotam recusandae id dignissimos aut sed asperiores deserunt"
  },
  {
    "userId": 3,
    "id": 25,
    "title": "rem alias distinctio quo quis",
    "body": "ullam consequatur ut\nomnis quis sit vel consequuntur\nipsa eligendi ipsum molestiae et omnis error nostrum\nmolestiae illo tempore quia et distinctio"
  },
  {
    "userId": 3,
    "id": 26,
    "title": "est et quae odit qui non",
    "body": "similique esse doloribus nihil accusamus\nomnis dolorem fuga consequuntur reprehenderit fugit recusandae temporibus\nperspiciatis cum ut laudantium\nomnis aut molestiae vel vero"
  },
  {
    "userId": 3,
    "id": 27,
    "title": "quasi id et eos tenetur aut quo autem",
    "body": "eum sed dolores ipsam sint possimus debitis occaecati\ndebitis qui qui et\nut placeat enim earum aut odit facilis\nconsequatur suscipit necessitatibus rerum sed inventore temporibus consequatur"
  },
  {
    "userId": 3,
    "id": 28,
    "title": "delectus ullam et corporis nulla voluptas sequi",
    "body": "non et quaerat ex quae ad maiores\nmaiores recusandae totam aut blanditiis mollitia quas illo\nut voluptatibus voluptatem\nsimilique nostrum eum"
  },
  {
    "userId": 3,
    "id": 29,
    "title": "iusto eius quod necessitatibus culpa ea",
    "body": "odit magnam ut saepe sed non qui\ntempora atque nihil\naccusamus illum doloribus illo dolor\neligendi repudiandae odit magni similique sed cum maiores"
  },
  {
    "userId": 3,
    "id": 30,
    "title": "a quo magni similique perferendis",
    "body": "alias dolor cumque\nimpedit blanditiis non eveniet odio maxime\nblanditiis amet eius quis tempora quia autem rem\na provident perspiciatis quia"
  },
  {
    "userId": 4,
    "id": 31,
    "title": "ullam ut quidem id aut vel consequuntur",
    "body": "debitis eius sed quibusdam non quis consectetur vitae\nimpedit ut qui consequatur sed aut in\nquidem sit nostrum et maiores adipisci atque\nquaerat voluptatem adipisci repudiandae"
  },
  {
    "userId": 4,
    "id": 32,
    "title": "doloremque illum aliquid sunt",
    "body": "deserunt eos nobis asperiores et hic\nest debitis repellat molestiae optio\nnihil ratione ut eos beatae quibusdam distinctio maiores\nearum voluptates et aut adipisci ea maiores voluptas maxime"
  },
  {
    "userId": 4,
    "id": 33,
    "title": "qui explicabo molestiae dolorem",
    "body": "rerum ut et numquam laborum odit est sit\nid qui sint in\nquasi tenetur tempore aperiam et quaerat qui in\nrerum officiis sequi cumque quod"
  },
  {
    "userId": 4,
    "id": 34,
    "title": "magnam ut rerum iure",
    "body": "ea velit perferendis earum ut voluptatem voluptate itaque iusto\ntotam pariatur in\nnemo voluptatem voluptatem autem magni tempora minima in\nest distinctio qui assumenda accusamus dignissimos officia nesciunt nobis"
  },
  {
    "userId": 4,
    "id": 35,
    "title": "id nihil consequatur molestias animi provident",
    "body": "nisi error delectus possimus ut eligendi vitae\nplaceat eos harum cupiditate facilis reprehenderit voluptatem beatae\nmodi ducimus quo illum voluptas eligendi\net nobis quia fugit"
  },
  {
    "userId": 4,
    "id": 36,
    "title": "fuga nam accusamus voluptas reiciendis itaque",
    "body": "ad mollitia et omnis minus architecto odit\nvoluptas doloremque maxime aut non ipsa qui alias veniam\nblanditiis culpa aut quia nihil cumque facere et occaecati\nqui aspernatur quia eaque ut aperiam inventore"
  },
  {
    "userId": 4,
    "id": 37,
    "title": "provident vel ut sit ratione est",
    "body": "debitis et eaque non officia sed nesciunt pariatur vel\nvoluptatem iste vero et ea\nnumquam aut expedita ipsum nulla in\nvoluptates omnis consequatur aut enim officiis in quam qui"
  },
  {
    "userId": 4,
    "id": 38,
    "title": "explicabo et eos deleniti nostrum ab id repellendus",
    "body": "animi esse sit aut sit nesciunt assumenda eum voluptas\nquia voluptatibus provident quia necessitatibus ea\nrerum repudiandae quia voluptatem delectus fugit aut id quia\nratione optio eos iusto veniam iure"
  },
  {
    "userId": 4,
    "id": 39,
    "title": "eos dolorem iste accusantium est eaque quam",
    "body": "corporis rerum ducimus vel eum accusantium\nmaxime aspernatur a porro possimus iste omnis\nest in deleniti asperiores fuga aut\nvoluptas sapiente vel dolore minus voluptatem incidunt ex"
  },
  {
    "userId": 4,
    "id": 40,
    "title": "enim quo cumque",
    "body": "ut voluptatum aliquid illo tenetur nemo sequi quo facilis\nipsum rem optio mollitia quas\nvoluptatem eum voluptas qui\nunde omnis voluptatem iure quasi maxime voluptas nam"
  },
  {
    "userId": 5,
    "id": 41,
    "title": "non est facere",
    "body": "molestias id nostrum\nexcepturi molestiae dolore omnis repellendus quaerat saepe\nconsectetur iste quaerat tenetur asperiores accusamus ex ut\nnam quidem est ducimus sunt debitis saepe"
  },
  {
    "userId": 5,
    "id": 42,
    "title": "commodi ullam sint et excepturi error explicabo praesentium voluptas",
    "body": "odio fugit voluptatum ducimus earum autem est incidunt voluptatem\nodit reiciendis aliquam sunt sequi nulla dolorem\nnon facere repellendus voluptates quia\nratione harum vitae ut"
  },
  {
    "userId": 5,
    "id": 43,
    "title": "eligendi iste nostrum consequuntur adipisci praesentium sit beatae perferendis",
    "body": "similique fugit est\nillum et dolorum harum et voluptate eaque quidem\nexercitationem quos nam commodi possimus cum odio nihil nulla\ndolorum exercitationem magnam ex et a et distinctio debitis"
  },
  {
    "userId": 5,
    "id": 44,
    "title": "optio dolor molestias sit",
    "body": "temporibus est consectetur dolore\net libero debitis vel velit laboriosam quia\nipsum quibusdam qui itaque fuga rem aut\nea et iure quam sed maxime ut distinctio quae"
  },
  {
    "userId": 5,
    "id": 45,
    "title": "ut numquam possimus omnis eius suscipit laudantium iure",
    "body": "est natus reiciendis nihil possimus aut provident\nex et dolor\nrepellat pariatur est\nnobis rerum repellendus dolorem autem"
  },
  {
    "userId": 5,
    "id": 46,
    "title": "aut quo modi neque nostrum ducimus",
    "body": "voluptatem quisquam iste\nvoluptatibus natus officiis facilis dolorem\nquis quas ipsam\nvel et voluptatum in aliquid"
  },
  {
    "userId": 5,
    "id": 47,
    "title": "quibusdam cumque rem aut deserunt",
    "body": "voluptatem assumenda ut qui ut cupiditate aut impedit veniam\noccaecati nemo illum voluptatem laudantium\nmolestiae beatae rerum ea iure soluta nostrum\neligendi et voluptate"
  },
  {
    "userId": 5,
    "id": 48,
    "title": "ut voluptatem illum ea doloribus itaque eos",
    "body": "voluptates quo voluptatem facilis iure occaecati\nvel assumenda rerum officia et\nillum perspiciatis ab deleniti\nlaudantium repellat ad ut et autem reprehenderit"
  },
  {
    "userId": 5,
    "id": 49,
    "title": "laborum non sunt aut ut assumenda perspiciatis voluptas",
    "body": "inventore ab sint\nnatus fugit id nulla sequi architecto nihil quaerat\neos tenetur in in eum veritatis non\nquibusdam officiis aspernatur cumque aut commodi aut"
  },
  {
    "userId": 5,
    "id": 50,
    "title": "repellendus qui recusandae incidunt voluptates tenetur qui omnis exercitationem",
    "body": "error suscipit maxime adipisci consequuntur recusandae\nvoluptas eligendi et est et voluptates\nquia distinctio ab amet quaerat molestiae et vitae\nadipisci impedit sequi nesciunt quis consectetur"
  },
  {
    "userId": 6,
    "id": 51,
    "title": "soluta aliquam aperiam consequatur illo quis voluptas",
    "body": "sunt dolores aut doloribus\ndolore doloribus voluptates tempora et\ndoloremque et quo\ncum asperiores sit consectetur dolorem"
  },
  {
    "userId": 6,
    "id": 52,
    "title": "qui enim et consequuntur quia animi quis voluptate quibusdam",
    "body": "iusto est quibusdam fuga quas quaerat molestias\na enim ut sit accusamus enim\ntemporibus iusto accusantium provident architecto\nsoluta esse reprehenderit qui laborum"
  },
  {
    "userId": 6,
    "id": 53,
    "title": "ut quo aut ducimus alias",
    "body": "minima harum praesentium eum rerum illo dolore\nquasi exercitationem rerum nam\nporro quis neque quo\nconsequatur minus dolor quidem veritatis sunt non explicabo similique"
  },
  {
    "userId": 6,
    "id": 54,
    "title": "sit asperiores ipsam eveniet odio non quia",
    "body": "totam corporis dignissimos\nvitae dolorem ut occaecati accusamus\nex velit deserunt\net exercitationem vero incidunt corrupti mollitia"
  },
  {
    "userId": 6,
    "id": 55,
    "title": "sit vel voluptatem et non libero",
    "body": "debitis excepturi ea perferendis harum libero optio\neos accusamus cum fuga ut sapiente repudiandae\net ut incidunt omnis molestiae\nnihil ut eum odit"
  },
  {
    "userId": 6,
    "id": 56,
    "title": "qui et at rerum necessitatibus",
    "body": "aut est omnis dolores\nneque rerum quod ea rerum velit pariatur beatae excepturi\net provident voluptas corrupti\ncorporis harum reprehenderit dolores eligendi"
  },
  {
    "userId": 6,
    "id": 57,
    "title": "sed ab est est",
    "body": "at pariatur consequuntur earum quidem\nquo est laudantium soluta voluptatem\nqui ullam et est\net cum voluptas voluptatum repellat est"
  },
  {
    "userId": 6,
    "id": 58,
    "title": "voluptatum itaque dolores nisi et quasi",
    "body": "veniam voluptatum quae adipisci id\net id quia eos ad et dolorem\naliquam quo nisi sunt eos impedit error\nad similique veniam"
  },
  {
    "userId": 6,
    "id": 59,
    "title": "qui commodi dolor at maiores et quis id accusantium",
    "body": "perspiciatis et quam ea autem temporibus non voluptatibus qui\nbeatae a earum officia nesciunt dolores suscipit voluptas et\nanimi doloribus cum rerum quas et magni\net hic ut ut commodi expedita sunt"
  },
  {
    "userId": 6,
    "id": 60,
    "title": "consequatur placeat omnis quisquam quia reprehenderit fugit veritatis facere",
    "body": "asperiores sunt ab assumenda cumque modi velit\nqui esse omnis\nvoluptate et fuga perferendis voluptas\nillo ratione amet aut et omnis"
  },
  {
    "userId": 7,
    "id": 61,
    "title": "voluptatem doloribus consectetur est ut ducimus",
    "body": "ab nemo optio odio\ndelectus tenetur corporis similique nobis repellendus rerum omnis facilis\nvero blanditiis debitis in nesciunt doloribus dicta dolores\nmagnam minus velit"
  },
  {
    "userId": 7,
    "id": 62,
    "title": "beatae enim quia vel",
    "body": "enim aspernatur illo distinctio quae praesentium\nbeatae alias amet delectus qui voluptate distinctio\nodit sint accusantium autem omnis\nquo molestiae omnis ea eveniet optio"
  },
  {
    "userId": 7,
    "id": 63,
    "title": "voluptas blanditiis repellendus animi ducimus error sapiente et suscipit",
    "body": "enim adipisci aspernatur nemo\nnumquam omnis facere dolorem dolor ex quis temporibus incidunt\nab delectus culpa quo reprehenderit blanditiis asperiores\naccusantium ut quam in voluptatibus voluptas ipsam dicta"
  },
  {
    "userId": 7,
    "id": 64,
    "title": "et fugit quas eum in in aperiam quod",
    "body": "id velit blanditiis\neum ea voluptatem\nmolestiae sint occaecati est eos perspiciatis\nincidunt a error provident eaque aut aut qui"
  },
  {
    "userId": 7,
    "id": 65,
    "title": "consequatur id enim sunt et et",
    "body": "voluptatibus ex esse\nsint explicabo est aliquid cumque adipisci fuga repellat labore\nmolestiae corrupti ex saepe at asperiores et perferendis\nnatus id esse incidunt pariatur"
  },
  {
    "userId": 7,
    "id": 66,
    "title": "repudiandae ea animi iusto",
    "body": "officia veritatis tenetur vero qui itaque\nsint non ratione\nsed et ut asperiores iusto eos molestiae nostrum\nveritatis quibusdam et nemo iusto saepe"
  },
  {
    "userId": 7,
    "id": 67,
    "title": "aliquid eos sed fuga est maxime repellendus",
    "body": "reprehenderit id nostrum\nvoluptas doloremque pariatur sint et accusantium quia quod aspernatur\net fugiat amet\nnon sapiente et consequatur necessitatibus molestiae"
  },
  {
    "userId": 7,
    "id": 68,
    "title": "odio quis facere architecto reiciendis optio",
    "body": "magnam molestiae perferendis quisquam\nqui cum reiciendis\nquaerat animi amet hic inventore\nea quia deleniti quidem saepe porro velit"
  },
  {
    "userId": 7,
    "id": 69,
    "title": "fugiat quod pariatur odit minima",
    "body": "officiis error culpa consequatur modi asperiores et\ndolorum assumenda voluptas et vel qui aut vel rerum\nvoluptatum quisquam perspiciatis quia rerum consequatur totam quas\nsequi commodi repudiandae asperiores et saepe a"
  },
  {
    "userId": 7,
    "id": 70,
    "title": "voluptatem laborum magni",
    "body": "sunt repellendus quae\nest asperiores aut deleniti esse accusamus repellendus quia aut\nquia dolorem unde\neum tempora esse dolore"
  },
  {
    "userId": 8,
    "id": 71,
    "title": "et iusto veniam et illum aut fuga",
    "body": "occaecati a doloribus\niste saepe consectetur placeat eum voluptate dolorem et\nqui quo quia voluptas\nrerum ut id enim velit est perferendis"
  },
  {
    "userId": 8,
    "id": 72,
    "title": "sint hic doloribus consequatur eos non id",
    "body": "quam occaecati qui deleniti consectetur\nconsequatur aut facere quas exercitationem aliquam hic voluptas\nneque id sunt ut aut accusamus\nsunt consectetur expedita inventore velit"
  },
  {
    "userId": 8,
    "id": 73,
    "title": "consequuntur deleniti eos quia temporibus ab aliquid at",
    "body": "voluptatem cumque tenetur consequatur expedita ipsum nemo quia explicabo\naut eum minima consequatur\ntempore cumque quae est et\net in consequuntur voluptatem voluptates aut"
  },
  {
    "userId": 8,
    "id": 74,
    "title": "enim unde ratione doloribus quas enim ut sit sapiente",
    "body": "odit qui et et necessitatibus sint veniam\nmollitia amet doloremque molestiae commodi similique magnam et quam\nblanditiis est itaque\nquo et tenetur ratione occaecati molestiae tempora"
  },
  {
    "userId": 8,
    "id": 75,
    "title": "dignissimos eum dolor ut enim et delectus in",
    "body": "commodi non non omnis et voluptas sit\nautem aut nobis magnam et sapiente voluptatem\net laborum repellat qui delectus facilis temporibus\nrerum amet et nemo voluptate expedita adipisci error dolorem"
  },
  {
    "userId": 8,
    "id": 76,
    "title": "doloremque officiis ad et non perferendis",
    "body": "ut animi facere\ntotam iusto tempore\nmolestiae eum aut et dolorem aperiam\nquaerat recusandae totam odio"
  },
  {
    "userId": 8,
    "id": 77,
    "title": "necessitatibus quasi exercitationem odio",
    "body": "modi ut in nulla repudiandae dolorum nostrum eos\naut consequatur omnis\nut incidunt est omnis iste et quam\nvoluptates sapiente aliquam asperiores nobis amet corrupti repudiandae provident"
  },
  {
    "userId": 8,
    "id": 78,
    "title": "quam voluptatibus rerum veritatis",
    "body": "nobis facilis odit tempore cupiditate quia\nassumenda doloribus rerum qui ea\nillum et qui totam\naut veniam repellendus"
  },
  {
    "userId": 8,
    "id": 79,
    "title": "pariatur consequatur quia magnam autem omnis non amet",
    "body": "libero accusantium et et facere incidunt sit dolorem\nnon excepturi qui quia sed laudantium\nquisquam molestiae ducimus est\nofficiis esse molestiae iste et quos"
  },
  {
    "userId": 8,
    "id": 80,
    "title": "labore in ex et explicabo corporis aut quas",
    "body": "ex quod dolorem ea eum iure qui provident amet\nquia qui facere excepturi et repudiandae\nasperiores molestias provident\nminus incidunt vero fugit rerum sint sunt excepturi provident"
  },
  {
    "userId": 9,
    "id": 81,
    "title": "tempora rem veritatis voluptas quo dolores vero",
    "body": "facere qui nesciunt est voluptatum voluptatem nisi\nsequi eligendi necessitatibus ea at rerum itaque\nharum non ratione velit laboriosam quis consequuntur\nex officiis minima doloremque voluptas ut aut"
  },
  {
    "userId": 9,
    "id": 82,
    "title": "laudantium voluptate suscipit sunt enim enim",
    "body": "ut libero sit aut totam inventore sunt\nporro sint qui sunt molestiae\nconsequatur cupiditate qui iste ducimus adipisci\ndolor enim assumenda soluta laboriosam amet iste delectus hic"
  },
  {
    "userId": 9,
    "id": 83,
    "title": "odit et voluptates doloribus alias odio et",
    "body": "est molestiae facilis quis tempora numquam nihil qui\nvoluptate sapiente consequatur est qui\nnecessitatibus autem aut ipsa aperiam modi dolore numquam\nreprehenderit eius rem quibusdam"
  },
  {
    "userId": 9,
    "id": 84,
    "title": "optio ipsam molestias necessitatibus occaecati facilis veritatis dolores aut",
    "body": "sint molestiae magni a et quos\neaque et quasi\nut rerum debitis similique veniam\nrecusandae dignissimos dolor incidunt consequatur odio"
  },
  {
    "userId": 9,
    "id": 85,
    "title": "dolore veritatis porro provident adipisci blanditiis et sunt",
    "body": "similique sed nisi voluptas iusto omnis\nmollitia et quo\nassumenda suscipit officia magnam sint sed tempora\nenim provident pariatur praesentium atque animi amet ratione"
  },
  {
    "userId": 9,
    "id": 86,
    "title": "placeat quia et porro iste",
    "body": "quasi excepturi consequatur iste autem temporibus sed molestiae beatae\net quaerat et esse ut\nvoluptatem occaecati et vel explicabo autem\nasperiores pariatur deserunt optio"
  },
  {
    "userId": 9,
    "id": 87,
    "title": "nostrum quis quasi placeat",
    "body": "eos et molestiae\nnesciunt ut a\ndolores perspiciatis repellendus repellat aliquid\nmagnam sint rem ipsum est"
  },
  {
    "userId": 9,
    "id": 88,
    "title": "sapiente omnis fugit eos",
    "body": "consequatur omnis est praesentium\nducimus non iste\nneque hic deserunt\nvoluptatibus veniam cum et rerum sed"
  },
  {
    "userId": 9,
    "id": 89,
    "title": "sint soluta et vel magnam aut ut sed qui",
    "body": "repellat aut aperiam totam temporibus autem et\narchitecto magnam ut\nconsequatur qui cupiditate rerum quia soluta dignissimos nihil iure\ntempore quas est"
  },
  {
    "userId": 9,
    "id": 90,
    "title": "ad iusto omnis odit dolor voluptatibus",
    "body": "minus omnis soluta quia\nqui sed adipisci voluptates illum ipsam voluptatem\neligendi officia ut in\neos soluta similique molestias praesentium blanditiis"
  },
  {
    "userId": 10,
    "id": 91,
    "title": "aut amet sed",
    "body": "libero voluptate eveniet aperiam sed\nsunt placeat suscipit molestias\nsimilique fugit nam natus\nexpedita consequatur consequatur dolores quia eos et placeat"
  },
  {
    "userId": 10,
    "id": 92,
    "title": "ratione ex tenetur perferendis",
    "body": "aut et excepturi dicta laudantium sint rerum nihil\nlaudantium et at\na neque minima officia et similique libero et\ncommodi voluptate qui"
  },
  {
    "userId": 10,
    "id": 93,
    "title": "beatae soluta recusandae",
    "body": "dolorem quibusdam ducimus consequuntur dicta aut quo laboriosam\nvoluptatem quis enim recusandae ut sed sunt\nnostrum est odit totam\nsit error sed sunt eveniet provident qui nulla"
  },
  {
    "userId": 10,
    "id": 94,
    "title": "qui qui voluptates illo iste minima",
    "body": "aspernatur expedita soluta quo ab ut similique\nexpedita dolores amet\nsed temporibus distinctio magnam saepe deleniti\nomnis facilis nam ipsum natus sint similique omnis"
  },
  {
    "userId": 10,
    "id": 95,
    "title": "id minus libero illum nam ad officiis",
    "body": "earum voluptatem facere provident blanditiis velit laboriosam\npariatur accusamus odio saepe\ncumque dolor qui a dicta ab doloribus consequatur omnis\ncorporis cupiditate eaque assumenda ad nesciunt"
  },
  {
    "userId": 10,
    "id": 96,
    "title": "quaerat velit veniam amet cupiditate aut numquam ut sequi",
    "body": "in non odio excepturi sint eum\nlabore voluptates vitae quia qui et\ninventore itaque rerum\nveniam non exercitationem delectus aut"
  },
  {
    "userId": 10,
    "id": 97,
    "title": "quas fugiat ut perspiciatis vero provident",
    "body": "eum non blanditiis soluta porro quibusdam voluptas\nvel voluptatem qui placeat dolores qui velit aut\nvel inventore aut cumque culpa explicabo aliquid at\nperspiciatis est et voluptatem dignissimos dolor itaque sit nam"
  },
  {
    "userId": 10,
    "id": 98,
    "title": "laboriosam dolor voluptates",
    "body": "doloremque ex facilis sit sint culpa\nsoluta assumenda eligendi non ut eius\nsequi ducimus vel quasi\nveritatis est dolores"
  },
  {
    "userId": 10,
    "id": 99,
    "title": "temporibus sit alias delectus eligendi possimus magni",
    "body": "quo deleniti praesentium dicta non quod\naut est molestias\nmolestias et officia quis nihil\nitaque dolorem quia"
  },
  {
    "userId": 10,
    "id": 100,
    "title": "at nam consequatur ea labore ea harum",
    "body": "cupiditate quo est a modi nesciunt soluta\nipsa voluptas error itaque dicta in\nautem qui minus magnam et distinctio eum\naccusamus ratione error aut"
  }
]

09:46:36.468 [main] DEBUG com.intuit.karate - write to file: target\assignment\apiResponse.csv
09:46:36.485 [main] ERROR c.intuit.karate.core.FeatureParser - not a valid feature file: examples/features/assignment/readCsv.feature - mismatched input 'r' expecting <EOF>
09:46:36.508 [main] ERROR com.intuit.karate - classpath:examples/features/assignment/assignment3.feature:41
* call read('classpath:examples/features/assignment/readCsv.feature') input
js failed:
>>>>
01: read('classpath:examples/features/assignment/readCsv.feature')
<<<<
org.graalvm.polyglot.PolyglotException: mismatched input 'r' expecting <EOF>
- com.intuit.karate.core.FeatureParser.parse(FeatureParser.java:74)
- com.intuit.karate.core.Feature.read(Feature.java:63)
- com.intuit.karate.core.ScenarioFileReader.readFile(ScenarioFileReader.java:65)
- com.intuit.karate.core.ScenarioEngine.lambda$new$0(ScenarioEngine.java:124)
- <js>.:program(Unnamed:1)

classpath:examples/features/assignment/assignment3.feature:41
09:46:37.219 [main] INFO  com.intuit.karate.Suite - <<fail>> feature 1 of 1 (0 remaining) classpath:examples/features/assignment/assignment3.feature
09:49:41.110 [main] INFO  com.intuit.karate.Runner - using system property 'karate.options': classpath:examples/features/assignment/assignment3.feature
09:49:41.946 [main] DEBUG com.intuit.karate.Suite - [config] classpath:karate-config.js
09:49:41.952 [main] INFO  com.intuit.karate.Suite - backed up existing 'target\karate-reports' dir to: target\karate-reports_1779682781949
09:49:43.206 [main] INFO  com.intuit.karate - karate.env system property was: null 
09:49:43.265 [main] INFO  com.intuit.karate - Loaded API Key: free_user_3DvGOP3388gqq71IAt6bHhQ6DDZ 
09:49:43.660 [main] DEBUG com.intuit.karate - request:
1 > GET https://jsonplaceholder.typicode.com/posts
1 > Host: jsonplaceholder.typicode.com
1 > Connection: Keep-Alive
1 > User-Agent: Apache-HttpClient/4.5.14 (Java/17.0.9)
1 > Accept-Encoding: gzip,deflate


09:49:44.479 [main] DEBUG com.intuit.karate - response time in milliseconds: 813
1 < 200
1 < Date: Mon, 25 May 2026 04:19:44 GMT
1 < Content-Type: application/json; charset=utf-8
1 < Transfer-Encoding: chunked
1 < Connection: keep-alive
1 < access-control-allow-credentials: true
1 < Cache-Control: max-age=43200
1 < etag: W/"6b80-Ybsq/K6GwwqrYkAsFxqDXGC7DoM"
1 < expires: -1
1 < nel: {"report_to":"heroku-nel","response_headers":["Via"],"max_age":3600,"success_fraction":0.01,"failure_fraction":0.1}
1 < pragma: no-cache
1 < report-to: {"group":"heroku-nel","endpoints":[{"url":"https://nel.heroku.com/reports?s=1TJK7LY9IOlmtKHtBPLS3yjrCFO1HXc2r4wAsJE0FDQ%3D\u0026sid=e11707d5-02a7-43ef-b45e-2cf4d2036f7d\u0026ts=1779238720"}],"max_age":3600}
1 < reporting-endpoints: heroku-nel="https://nel.heroku.com/reports?s=1TJK7LY9IOlmtKHtBPLS3yjrCFO1HXc2r4wAsJE0FDQ%3D&sid=e11707d5-02a7-43ef-b45e-2cf4d2036f7d&ts=1779238720"
1 < Server: cloudflare
1 < vary: Origin, Accept-Encoding
1 < via: 2.0 heroku-router
1 < x-content-type-options: nosniff
1 < x-powered-by: Express
1 < x-ratelimit-limit: 1000
1 < x-ratelimit-remaining: 999
1 < x-ratelimit-reset: 1779238736
1 < Age: 10794
1 < cf-cache-status: HIT
1 < Server-Timing: cfCacheStatus;desc="HIT"
1 < Server-Timing: cfEdge;dur=3,cfOrigin;dur=0
1 < CF-RAY: a011be5a4cbe3391-MRS
1 < alt-svc: h3=":443"; ma=86400
[
  {
    "userId": 1,
    "id": 1,
    "title": "sunt aut facere repellat provident occaecati excepturi optio reprehenderit",
    "body": "quia et suscipit\nsuscipit recusandae consequuntur expedita et cum\nreprehenderit molestiae ut ut quas totam\nnostrum rerum est autem sunt rem eveniet architecto"
  },
  {
    "userId": 1,
    "id": 2,
    "title": "qui est esse",
    "body": "est rerum tempore vitae\nsequi sint nihil reprehenderit dolor beatae ea dolores neque\nfugiat blanditiis voluptate porro vel nihil molestiae ut reiciendis\nqui aperiam non debitis possimus qui neque nisi nulla"
  },
  {
    "userId": 1,
    "id": 3,
    "title": "ea molestias quasi exercitationem repellat qui ipsa sit aut",
    "body": "et iusto sed quo iure\nvoluptatem occaecati omnis eligendi aut ad\nvoluptatem doloribus vel accusantium quis pariatur\nmolestiae porro eius odio et labore et velit aut"
  },
  {
    "userId": 1,
    "id": 4,
    "title": "eum et est occaecati",
    "body": "ullam et saepe reiciendis voluptatem adipisci\nsit amet autem assumenda provident rerum culpa\nquis hic commodi nesciunt rem tenetur doloremque ipsam iure\nquis sunt voluptatem rerum illo velit"
  },
  {
    "userId": 1,
    "id": 5,
    "title": "nesciunt quas odio",
    "body": "repudiandae veniam quaerat sunt sed\nalias aut fugiat sit autem sed est\nvoluptatem omnis possimus esse voluptatibus quis\nest aut tenetur dolor neque"
  },
  {
    "userId": 1,
    "id": 6,
    "title": "dolorem eum magni eos aperiam quia",
    "body": "ut aspernatur corporis harum nihil quis provident sequi\nmollitia nobis aliquid molestiae\nperspiciatis et ea nemo ab reprehenderit accusantium quas\nvoluptate dolores velit et doloremque molestiae"
  },
  {
    "userId": 1,
    "id": 7,
    "title": "magnam facilis autem",
    "body": "dolore placeat quibusdam ea quo vitae\nmagni quis enim qui quis quo nemo aut saepe\nquidem repellat excepturi ut quia\nsunt ut sequi eos ea sed quas"
  },
  {
    "userId": 1,
    "id": 8,
    "title": "dolorem dolore est ipsam",
    "body": "dignissimos aperiam dolorem qui eum\nfacilis quibusdam animi sint suscipit qui sint possimus cum\nquaerat magni maiores excepturi\nipsam ut commodi dolor voluptatum modi aut vitae"
  },
  {
    "userId": 1,
    "id": 9,
    "title": "nesciunt iure omnis dolorem tempora et accusantium",
    "body": "consectetur animi nesciunt iure dolore\nenim quia ad\nveniam autem ut quam aut nobis\net est aut quod aut provident voluptas autem voluptas"
  },
  {
    "userId": 1,
    "id": 10,
    "title": "optio molestias id quia eum",
    "body": "quo et expedita modi cum officia vel magni\ndoloribus qui repudiandae\nvero nisi sit\nquos veniam quod sed accusamus veritatis error"
  },
  {
    "userId": 2,
    "id": 11,
    "title": "et ea vero quia laudantium autem",
    "body": "delectus reiciendis molestiae occaecati non minima eveniet qui voluptatibus\naccusamus in eum beatae sit\nvel qui neque voluptates ut commodi qui incidunt\nut animi commodi"
  },
  {
    "userId": 2,
    "id": 12,
    "title": "in quibusdam tempore odit est dolorem",
    "body": "itaque id aut magnam\npraesentium quia et ea odit et ea voluptas et\nsapiente quia nihil amet occaecati quia id voluptatem\nincidunt ea est distinctio odio"
  },
  {
    "userId": 2,
    "id": 13,
    "title": "dolorum ut in voluptas mollitia et saepe quo animi",
    "body": "aut dicta possimus sint mollitia voluptas commodi quo doloremque\niste corrupti reiciendis voluptatem eius rerum\nsit cumque quod eligendi laborum minima\nperferendis recusandae assumenda consectetur porro architecto ipsum ipsam"
  },
  {
    "userId": 2,
    "id": 14,
    "title": "voluptatem eligendi optio",
    "body": "fuga et accusamus dolorum perferendis illo voluptas\nnon doloremque neque facere\nad qui dolorum molestiae beatae\nsed aut voluptas totam sit illum"
  },
  {
    "userId": 2,
    "id": 15,
    "title": "eveniet quod temporibus",
    "body": "reprehenderit quos placeat\nvelit minima officia dolores impedit repudiandae molestiae nam\nvoluptas recusandae quis delectus\nofficiis harum fugiat vitae"
  },
  {
    "userId": 2,
    "id": 16,
    "title": "sint suscipit perspiciatis velit dolorum rerum ipsa laboriosam odio",
    "body": "suscipit nam nisi quo aperiam aut\nasperiores eos fugit maiores voluptatibus quia\nvoluptatem quis ullam qui in alias quia est\nconsequatur magni mollitia accusamus ea nisi voluptate dicta"
  },
  {
    "userId": 2,
    "id": 17,
    "title": "fugit voluptas sed molestias voluptatem provident",
    "body": "eos voluptas et aut odit natus earum\naspernatur fuga molestiae ullam\ndeserunt ratione qui eos\nqui nihil ratione nemo velit ut aut id quo"
  },
  {
    "userId": 2,
    "id": 18,
    "title": "voluptate et itaque vero tempora molestiae",
    "body": "eveniet quo quis\nlaborum totam consequatur non dolor\nut et est repudiandae\nest voluptatem vel debitis et magnam"
  },
  {
    "userId": 2,
    "id": 19,
    "title": "adipisci placeat illum aut reiciendis qui",
    "body": "illum quis cupiditate provident sit magnam\nea sed aut omnis\nveniam maiores ullam consequatur atque\nadipisci quo iste expedita sit quos voluptas"
  },
  {
    "userId": 2,
    "id": 20,
    "title": "doloribus ad provident suscipit at",
    "body": "qui consequuntur ducimus possimus quisquam amet similique\nsuscipit porro ipsam amet\neos veritatis officiis exercitationem vel fugit aut necessitatibus totam\nomnis rerum consequatur expedita quidem cumque explicabo"
  },
  {
    "userId": 3,
    "id": 21,
    "title": "asperiores ea ipsam voluptatibus modi minima quia sint",
    "body": "repellat aliquid praesentium dolorem quo\nsed totam minus non itaque\nnihil labore molestiae sunt dolor eveniet hic recusandae veniam\ntempora et tenetur expedita sunt"
  },
  {
    "userId": 3,
    "id": 22,
    "title": "dolor sint quo a velit explicabo quia nam",
    "body": "eos qui et ipsum ipsam suscipit aut\nsed omnis non odio\nexpedita earum mollitia molestiae aut atque rem suscipit\nnam impedit esse"
  },
  {
    "userId": 3,
    "id": 23,
    "title": "maxime id vitae nihil numquam",
    "body": "veritatis unde neque eligendi\nquae quod architecto quo neque vitae\nest illo sit tempora doloremque fugit quod\net et vel beatae sequi ullam sed tenetur perspiciatis"
  },
  {
    "userId": 3,
    "id": 24,
    "title": "autem hic labore sunt dolores incidunt",
    "body": "enim et ex nulla\nomnis voluptas quia qui\nvoluptatem consequatur numquam aliquam sunt\ntotam recusandae id dignissimos aut sed asperiores deserunt"
  },
  {
    "userId": 3,
    "id": 25,
    "title": "rem alias distinctio quo quis",
    "body": "ullam consequatur ut\nomnis quis sit vel consequuntur\nipsa eligendi ipsum molestiae et omnis error nostrum\nmolestiae illo tempore quia et distinctio"
  },
  {
    "userId": 3,
    "id": 26,
    "title": "est et quae odit qui non",
    "body": "similique esse doloribus nihil accusamus\nomnis dolorem fuga consequuntur reprehenderit fugit recusandae temporibus\nperspiciatis cum ut laudantium\nomnis aut molestiae vel vero"
  },
  {
    "userId": 3,
    "id": 27,
    "title": "quasi id et eos tenetur aut quo autem",
    "body": "eum sed dolores ipsam sint possimus debitis occaecati\ndebitis qui qui et\nut placeat enim earum aut odit facilis\nconsequatur suscipit necessitatibus rerum sed inventore temporibus consequatur"
  },
  {
    "userId": 3,
    "id": 28,
    "title": "delectus ullam et corporis nulla voluptas sequi",
    "body": "non et quaerat ex quae ad maiores\nmaiores recusandae totam aut blanditiis mollitia quas illo\nut voluptatibus voluptatem\nsimilique nostrum eum"
  },
  {
    "userId": 3,
    "id": 29,
    "title": "iusto eius quod necessitatibus culpa ea",
    "body": "odit magnam ut saepe sed non qui\ntempora atque nihil\naccusamus illum doloribus illo dolor\neligendi repudiandae odit magni similique sed cum maiores"
  },
  {
    "userId": 3,
    "id": 30,
    "title": "a quo magni similique perferendis",
    "body": "alias dolor cumque\nimpedit blanditiis non eveniet odio maxime\nblanditiis amet eius quis tempora quia autem rem\na provident perspiciatis quia"
  },
  {
    "userId": 4,
    "id": 31,
    "title": "ullam ut quidem id aut vel consequuntur",
    "body": "debitis eius sed quibusdam non quis consectetur vitae\nimpedit ut qui consequatur sed aut in\nquidem sit nostrum et maiores adipisci atque\nquaerat voluptatem adipisci repudiandae"
  },
  {
    "userId": 4,
    "id": 32,
    "title": "doloremque illum aliquid sunt",
    "body": "deserunt eos nobis asperiores et hic\nest debitis repellat molestiae optio\nnihil ratione ut eos beatae quibusdam distinctio maiores\nearum voluptates et aut adipisci ea maiores voluptas maxime"
  },
  {
    "userId": 4,
    "id": 33,
    "title": "qui explicabo molestiae dolorem",
    "body": "rerum ut et numquam laborum odit est sit\nid qui sint in\nquasi tenetur tempore aperiam et quaerat qui in\nrerum officiis sequi cumque quod"
  },
  {
    "userId": 4,
    "id": 34,
    "title": "magnam ut rerum iure",
    "body": "ea velit perferendis earum ut voluptatem voluptate itaque iusto\ntotam pariatur in\nnemo voluptatem voluptatem autem magni tempora minima in\nest distinctio qui assumenda accusamus dignissimos officia nesciunt nobis"
  },
  {
    "userId": 4,
    "id": 35,
    "title": "id nihil consequatur molestias animi provident",
    "body": "nisi error delectus possimus ut eligendi vitae\nplaceat eos harum cupiditate facilis reprehenderit voluptatem beatae\nmodi ducimus quo illum voluptas eligendi\net nobis quia fugit"
  },
  {
    "userId": 4,
    "id": 36,
    "title": "fuga nam accusamus voluptas reiciendis itaque",
    "body": "ad mollitia et omnis minus architecto odit\nvoluptas doloremque maxime aut non ipsa qui alias veniam\nblanditiis culpa aut quia nihil cumque facere et occaecati\nqui aspernatur quia eaque ut aperiam inventore"
  },
  {
    "userId": 4,
    "id": 37,
    "title": "provident vel ut sit ratione est",
    "body": "debitis et eaque non officia sed nesciunt pariatur vel\nvoluptatem iste vero et ea\nnumquam aut expedita ipsum nulla in\nvoluptates omnis consequatur aut enim officiis in quam qui"
  },
  {
    "userId": 4,
    "id": 38,
    "title": "explicabo et eos deleniti nostrum ab id repellendus",
    "body": "animi esse sit aut sit nesciunt assumenda eum voluptas\nquia voluptatibus provident quia necessitatibus ea\nrerum repudiandae quia voluptatem delectus fugit aut id quia\nratione optio eos iusto veniam iure"
  },
  {
    "userId": 4,
    "id": 39,
    "title": "eos dolorem iste accusantium est eaque quam",
    "body": "corporis rerum ducimus vel eum accusantium\nmaxime aspernatur a porro possimus iste omnis\nest in deleniti asperiores fuga aut\nvoluptas sapiente vel dolore minus voluptatem incidunt ex"
  },
  {
    "userId": 4,
    "id": 40,
    "title": "enim quo cumque",
    "body": "ut voluptatum aliquid illo tenetur nemo sequi quo facilis\nipsum rem optio mollitia quas\nvoluptatem eum voluptas qui\nunde omnis voluptatem iure quasi maxime voluptas nam"
  },
  {
    "userId": 5,
    "id": 41,
    "title": "non est facere",
    "body": "molestias id nostrum\nexcepturi molestiae dolore omnis repellendus quaerat saepe\nconsectetur iste quaerat tenetur asperiores accusamus ex ut\nnam quidem est ducimus sunt debitis saepe"
  },
  {
    "userId": 5,
    "id": 42,
    "title": "commodi ullam sint et excepturi error explicabo praesentium voluptas",
    "body": "odio fugit voluptatum ducimus earum autem est incidunt voluptatem\nodit reiciendis aliquam sunt sequi nulla dolorem\nnon facere repellendus voluptates quia\nratione harum vitae ut"
  },
  {
    "userId": 5,
    "id": 43,
    "title": "eligendi iste nostrum consequuntur adipisci praesentium sit beatae perferendis",
    "body": "similique fugit est\nillum et dolorum harum et voluptate eaque quidem\nexercitationem quos nam commodi possimus cum odio nihil nulla\ndolorum exercitationem magnam ex et a et distinctio debitis"
  },
  {
    "userId": 5,
    "id": 44,
    "title": "optio dolor molestias sit",
    "body": "temporibus est consectetur dolore\net libero debitis vel velit laboriosam quia\nipsum quibusdam qui itaque fuga rem aut\nea et iure quam sed maxime ut distinctio quae"
  },
  {
    "userId": 5,
    "id": 45,
    "title": "ut numquam possimus omnis eius suscipit laudantium iure",
    "body": "est natus reiciendis nihil possimus aut provident\nex et dolor\nrepellat pariatur est\nnobis rerum repellendus dolorem autem"
  },
  {
    "userId": 5,
    "id": 46,
    "title": "aut quo modi neque nostrum ducimus",
    "body": "voluptatem quisquam iste\nvoluptatibus natus officiis facilis dolorem\nquis quas ipsam\nvel et voluptatum in aliquid"
  },
  {
    "userId": 5,
    "id": 47,
    "title": "quibusdam cumque rem aut deserunt",
    "body": "voluptatem assumenda ut qui ut cupiditate aut impedit veniam\noccaecati nemo illum voluptatem laudantium\nmolestiae beatae rerum ea iure soluta nostrum\neligendi et voluptate"
  },
  {
    "userId": 5,
    "id": 48,
    "title": "ut voluptatem illum ea doloribus itaque eos",
    "body": "voluptates quo voluptatem facilis iure occaecati\nvel assumenda rerum officia et\nillum perspiciatis ab deleniti\nlaudantium repellat ad ut et autem reprehenderit"
  },
  {
    "userId": 5,
    "id": 49,
    "title": "laborum non sunt aut ut assumenda perspiciatis voluptas",
    "body": "inventore ab sint\nnatus fugit id nulla sequi architecto nihil quaerat\neos tenetur in in eum veritatis non\nquibusdam officiis aspernatur cumque aut commodi aut"
  },
  {
    "userId": 5,
    "id": 50,
    "title": "repellendus qui recusandae incidunt voluptates tenetur qui omnis exercitationem",
    "body": "error suscipit maxime adipisci consequuntur recusandae\nvoluptas eligendi et est et voluptates\nquia distinctio ab amet quaerat molestiae et vitae\nadipisci impedit sequi nesciunt quis consectetur"
  },
  {
    "userId": 6,
    "id": 51,
    "title": "soluta aliquam aperiam consequatur illo quis voluptas",
    "body": "sunt dolores aut doloribus\ndolore doloribus voluptates tempora et\ndoloremque et quo\ncum asperiores sit consectetur dolorem"
  },
  {
    "userId": 6,
    "id": 52,
    "title": "qui enim et consequuntur quia animi quis voluptate quibusdam",
    "body": "iusto est quibusdam fuga quas quaerat molestias\na enim ut sit accusamus enim\ntemporibus iusto accusantium provident architecto\nsoluta esse reprehenderit qui laborum"
  },
  {
    "userId": 6,
    "id": 53,
    "title": "ut quo aut ducimus alias",
    "body": "minima harum praesentium eum rerum illo dolore\nquasi exercitationem rerum nam\nporro quis neque quo\nconsequatur minus dolor quidem veritatis sunt non explicabo similique"
  },
  {
    "userId": 6,
    "id": 54,
    "title": "sit asperiores ipsam eveniet odio non quia",
    "body": "totam corporis dignissimos\nvitae dolorem ut occaecati accusamus\nex velit deserunt\net exercitationem vero incidunt corrupti mollitia"
  },
  {
    "userId": 6,
    "id": 55,
    "title": "sit vel voluptatem et non libero",
    "body": "debitis excepturi ea perferendis harum libero optio\neos accusamus cum fuga ut sapiente repudiandae\net ut incidunt omnis molestiae\nnihil ut eum odit"
  },
  {
    "userId": 6,
    "id": 56,
    "title": "qui et at rerum necessitatibus",
    "body": "aut est omnis dolores\nneque rerum quod ea rerum velit pariatur beatae excepturi\net provident voluptas corrupti\ncorporis harum reprehenderit dolores eligendi"
  },
  {
    "userId": 6,
    "id": 57,
    "title": "sed ab est est",
    "body": "at pariatur consequuntur earum quidem\nquo est laudantium soluta voluptatem\nqui ullam et est\net cum voluptas voluptatum repellat est"
  },
  {
    "userId": 6,
    "id": 58,
    "title": "voluptatum itaque dolores nisi et quasi",
    "body": "veniam voluptatum quae adipisci id\net id quia eos ad et dolorem\naliquam quo nisi sunt eos impedit error\nad similique veniam"
  },
  {
    "userId": 6,
    "id": 59,
    "title": "qui commodi dolor at maiores et quis id accusantium",
    "body": "perspiciatis et quam ea autem temporibus non voluptatibus qui\nbeatae a earum officia nesciunt dolores suscipit voluptas et\nanimi doloribus cum rerum quas et magni\net hic ut ut commodi expedita sunt"
  },
  {
    "userId": 6,
    "id": 60,
    "title": "consequatur placeat omnis quisquam quia reprehenderit fugit veritatis facere",
    "body": "asperiores sunt ab assumenda cumque modi velit\nqui esse omnis\nvoluptate et fuga perferendis voluptas\nillo ratione amet aut et omnis"
  },
  {
    "userId": 7,
    "id": 61,
    "title": "voluptatem doloribus consectetur est ut ducimus",
    "body": "ab nemo optio odio\ndelectus tenetur corporis similique nobis repellendus rerum omnis facilis\nvero blanditiis debitis in nesciunt doloribus dicta dolores\nmagnam minus velit"
  },
  {
    "userId": 7,
    "id": 62,
    "title": "beatae enim quia vel",
    "body": "enim aspernatur illo distinctio quae praesentium\nbeatae alias amet delectus qui voluptate distinctio\nodit sint accusantium autem omnis\nquo molestiae omnis ea eveniet optio"
  },
  {
    "userId": 7,
    "id": 63,
    "title": "voluptas blanditiis repellendus animi ducimus error sapiente et suscipit",
    "body": "enim adipisci aspernatur nemo\nnumquam omnis facere dolorem dolor ex quis temporibus incidunt\nab delectus culpa quo reprehenderit blanditiis asperiores\naccusantium ut quam in voluptatibus voluptas ipsam dicta"
  },
  {
    "userId": 7,
    "id": 64,
    "title": "et fugit quas eum in in aperiam quod",
    "body": "id velit blanditiis\neum ea voluptatem\nmolestiae sint occaecati est eos perspiciatis\nincidunt a error provident eaque aut aut qui"
  },
  {
    "userId": 7,
    "id": 65,
    "title": "consequatur id enim sunt et et",
    "body": "voluptatibus ex esse\nsint explicabo est aliquid cumque adipisci fuga repellat labore\nmolestiae corrupti ex saepe at asperiores et perferendis\nnatus id esse incidunt pariatur"
  },
  {
    "userId": 7,
    "id": 66,
    "title": "repudiandae ea animi iusto",
    "body": "officia veritatis tenetur vero qui itaque\nsint non ratione\nsed et ut asperiores iusto eos molestiae nostrum\nveritatis quibusdam et nemo iusto saepe"
  },
  {
    "userId": 7,
    "id": 67,
    "title": "aliquid eos sed fuga est maxime repellendus",
    "body": "reprehenderit id nostrum\nvoluptas doloremque pariatur sint et accusantium quia quod aspernatur\net fugiat amet\nnon sapiente et consequatur necessitatibus molestiae"
  },
  {
    "userId": 7,
    "id": 68,
    "title": "odio quis facere architecto reiciendis optio",
    "body": "magnam molestiae perferendis quisquam\nqui cum reiciendis\nquaerat animi amet hic inventore\nea quia deleniti quidem saepe porro velit"
  },
  {
    "userId": 7,
    "id": 69,
    "title": "fugiat quod pariatur odit minima",
    "body": "officiis error culpa consequatur modi asperiores et\ndolorum assumenda voluptas et vel qui aut vel rerum\nvoluptatum quisquam perspiciatis quia rerum consequatur totam quas\nsequi commodi repudiandae asperiores et saepe a"
  },
  {
    "userId": 7,
    "id": 70,
    "title": "voluptatem laborum magni",
    "body": "sunt repellendus quae\nest asperiores aut deleniti esse accusamus repellendus quia aut\nquia dolorem unde\neum tempora esse dolore"
  },
  {
    "userId": 8,
    "id": 71,
    "title": "et iusto veniam et illum aut fuga",
    "body": "occaecati a doloribus\niste saepe consectetur placeat eum voluptate dolorem et\nqui quo quia voluptas\nrerum ut id enim velit est perferendis"
  },
  {
    "userId": 8,
    "id": 72,
    "title": "sint hic doloribus consequatur eos non id",
    "body": "quam occaecati qui deleniti consectetur\nconsequatur aut facere quas exercitationem aliquam hic voluptas\nneque id sunt ut aut accusamus\nsunt consectetur expedita inventore velit"
  },
  {
    "userId": 8,
    "id": 73,
    "title": "consequuntur deleniti eos quia temporibus ab aliquid at",
    "body": "voluptatem cumque tenetur consequatur expedita ipsum nemo quia explicabo\naut eum minima consequatur\ntempore cumque quae est et\net in consequuntur voluptatem voluptates aut"
  },
  {
    "userId": 8,
    "id": 74,
    "title": "enim unde ratione doloribus quas enim ut sit sapiente",
    "body": "odit qui et et necessitatibus sint veniam\nmollitia amet doloremque molestiae commodi similique magnam et quam\nblanditiis est itaque\nquo et tenetur ratione occaecati molestiae tempora"
  },
  {
    "userId": 8,
    "id": 75,
    "title": "dignissimos eum dolor ut enim et delectus in",
    "body": "commodi non non omnis et voluptas sit\nautem aut nobis magnam et sapiente voluptatem\net laborum repellat qui delectus facilis temporibus\nrerum amet et nemo voluptate expedita adipisci error dolorem"
  },
  {
    "userId": 8,
    "id": 76,
    "title": "doloremque officiis ad et non perferendis",
    "body": "ut animi facere\ntotam iusto tempore\nmolestiae eum aut et dolorem aperiam\nquaerat recusandae totam odio"
  },
  {
    "userId": 8,
    "id": 77,
    "title": "necessitatibus quasi exercitationem odio",
    "body": "modi ut in nulla repudiandae dolorum nostrum eos\naut consequatur omnis\nut incidunt est omnis iste et quam\nvoluptates sapiente aliquam asperiores nobis amet corrupti repudiandae provident"
  },
  {
    "userId": 8,
    "id": 78,
    "title": "quam voluptatibus rerum veritatis",
    "body": "nobis facilis odit tempore cupiditate quia\nassumenda doloribus rerum qui ea\nillum et qui totam\naut veniam repellendus"
  },
  {
    "userId": 8,
    "id": 79,
    "title": "pariatur consequatur quia magnam autem omnis non amet",
    "body": "libero accusantium et et facere incidunt sit dolorem\nnon excepturi qui quia sed laudantium\nquisquam molestiae ducimus est\nofficiis esse molestiae iste et quos"
  },
  {
    "userId": 8,
    "id": 80,
    "title": "labore in ex et explicabo corporis aut quas",
    "body": "ex quod dolorem ea eum iure qui provident amet\nquia qui facere excepturi et repudiandae\nasperiores molestias provident\nminus incidunt vero fugit rerum sint sunt excepturi provident"
  },
  {
    "userId": 9,
    "id": 81,
    "title": "tempora rem veritatis voluptas quo dolores vero",
    "body": "facere qui nesciunt est voluptatum voluptatem nisi\nsequi eligendi necessitatibus ea at rerum itaque\nharum non ratione velit laboriosam quis consequuntur\nex officiis minima doloremque voluptas ut aut"
  },
  {
    "userId": 9,
    "id": 82,
    "title": "laudantium voluptate suscipit sunt enim enim",
    "body": "ut libero sit aut totam inventore sunt\nporro sint qui sunt molestiae\nconsequatur cupiditate qui iste ducimus adipisci\ndolor enim assumenda soluta laboriosam amet iste delectus hic"
  },
  {
    "userId": 9,
    "id": 83,
    "title": "odit et voluptates doloribus alias odio et",
    "body": "est molestiae facilis quis tempora numquam nihil qui\nvoluptate sapiente consequatur est qui\nnecessitatibus autem aut ipsa aperiam modi dolore numquam\nreprehenderit eius rem quibusdam"
  },
  {
    "userId": 9,
    "id": 84,
    "title": "optio ipsam molestias necessitatibus occaecati facilis veritatis dolores aut",
    "body": "sint molestiae magni a et quos\neaque et quasi\nut rerum debitis similique veniam\nrecusandae dignissimos dolor incidunt consequatur odio"
  },
  {
    "userId": 9,
    "id": 85,
    "title": "dolore veritatis porro provident adipisci blanditiis et sunt",
    "body": "similique sed nisi voluptas iusto omnis\nmollitia et quo\nassumenda suscipit officia magnam sint sed tempora\nenim provident pariatur praesentium atque animi amet ratione"
  },
  {
    "userId": 9,
    "id": 86,
    "title": "placeat quia et porro iste",
    "body": "quasi excepturi consequatur iste autem temporibus sed molestiae beatae\net quaerat et esse ut\nvoluptatem occaecati et vel explicabo autem\nasperiores pariatur deserunt optio"
  },
  {
    "userId": 9,
    "id": 87,
    "title": "nostrum quis quasi placeat",
    "body": "eos et molestiae\nnesciunt ut a\ndolores perspiciatis repellendus repellat aliquid\nmagnam sint rem ipsum est"
  },
  {
    "userId": 9,
    "id": 88,
    "title": "sapiente omnis fugit eos",
    "body": "consequatur omnis est praesentium\nducimus non iste\nneque hic deserunt\nvoluptatibus veniam cum et rerum sed"
  },
  {
    "userId": 9,
    "id": 89,
    "title": "sint soluta et vel magnam aut ut sed qui",
    "body": "repellat aut aperiam totam temporibus autem et\narchitecto magnam ut\nconsequatur qui cupiditate rerum quia soluta dignissimos nihil iure\ntempore quas est"
  },
  {
    "userId": 9,
    "id": 90,
    "title": "ad iusto omnis odit dolor voluptatibus",
    "body": "minus omnis soluta quia\nqui sed adipisci voluptates illum ipsam voluptatem\neligendi officia ut in\neos soluta similique molestias praesentium blanditiis"
  },
  {
    "userId": 10,
    "id": 91,
    "title": "aut amet sed",
    "body": "libero voluptate eveniet aperiam sed\nsunt placeat suscipit molestias\nsimilique fugit nam natus\nexpedita consequatur consequatur dolores quia eos et placeat"
  },
  {
    "userId": 10,
    "id": 92,
    "title": "ratione ex tenetur perferendis",
    "body": "aut et excepturi dicta laudantium sint rerum nihil\nlaudantium et at\na neque minima officia et similique libero et\ncommodi voluptate qui"
  },
  {
    "userId": 10,
    "id": 93,
    "title": "beatae soluta recusandae",
    "body": "dolorem quibusdam ducimus consequuntur dicta aut quo laboriosam\nvoluptatem quis enim recusandae ut sed sunt\nnostrum est odit totam\nsit error sed sunt eveniet provident qui nulla"
  },
  {
    "userId": 10,
    "id": 94,
    "title": "qui qui voluptates illo iste minima",
    "body": "aspernatur expedita soluta quo ab ut similique\nexpedita dolores amet\nsed temporibus distinctio magnam saepe deleniti\nomnis facilis nam ipsum natus sint similique omnis"
  },
  {
    "userId": 10,
    "id": 95,
    "title": "id minus libero illum nam ad officiis",
    "body": "earum voluptatem facere provident blanditiis velit laboriosam\npariatur accusamus odio saepe\ncumque dolor qui a dicta ab doloribus consequatur omnis\ncorporis cupiditate eaque assumenda ad nesciunt"
  },
  {
    "userId": 10,
    "id": 96,
    "title": "quaerat velit veniam amet cupiditate aut numquam ut sequi",
    "body": "in non odio excepturi sint eum\nlabore voluptates vitae quia qui et\ninventore itaque rerum\nveniam non exercitationem delectus aut"
  },
  {
    "userId": 10,
    "id": 97,
    "title": "quas fugiat ut perspiciatis vero provident",
    "body": "eum non blanditiis soluta porro quibusdam voluptas\nvel voluptatem qui placeat dolores qui velit aut\nvel inventore aut cumque culpa explicabo aliquid at\nperspiciatis est et voluptatem dignissimos dolor itaque sit nam"
  },
  {
    "userId": 10,
    "id": 98,
    "title": "laboriosam dolor voluptates",
    "body": "doloremque ex facilis sit sint culpa\nsoluta assumenda eligendi non ut eius\nsequi ducimus vel quasi\nveritatis est dolores"
  },
  {
    "userId": 10,
    "id": 99,
    "title": "temporibus sit alias delectus eligendi possimus magni",
    "body": "quo deleniti praesentium dicta non quod\naut est molestias\nmolestias et officia quis nihil\nitaque dolorem quia"
  },
  {
    "userId": 10,
    "id": 100,
    "title": "at nam consequatur ea labore ea harum",
    "body": "cupiditate quo est a modi nesciunt soluta\nipsa voluptas error itaque dicta in\nautem qui minus magnam et distinctio eum\naccusamus ratione error aut"
  }
]

09:49:44.618 [main] DEBUG com.intuit.karate - write to file: target\assignment\apiResponse.csv
09:49:44.627 [main] ERROR c.intuit.karate.core.FeatureParser - not a valid feature file: examples/features/assignment/readCsv.feature - mismatched input 'r' expecting <EOF>
09:49:44.639 [main] ERROR com.intuit.karate - classpath:examples/features/assignment/assignment3.feature:37
* call read('classpath:examples/features/assignment/readCsv.feature') input
js failed:
>>>>
01: read('classpath:examples/features/assignment/readCsv.feature')
<<<<
org.graalvm.polyglot.PolyglotException: mismatched input 'r' expecting <EOF>
- com.intuit.karate.core.FeatureParser.parse(FeatureParser.java:74)
- com.intuit.karate.core.Feature.read(Feature.java:63)
- com.intuit.karate.core.ScenarioFileReader.readFile(ScenarioFileReader.java:65)
- com.intuit.karate.core.ScenarioEngine.lambda$new$0(ScenarioEngine.java:124)
- <js>.:program(Unnamed:1)

classpath:examples/features/assignment/assignment3.feature:37
09:49:45.365 [main] INFO  com.intuit.karate.Suite - <<fail>> feature 1 of 1 (0 remaining) classpath:examples/features/assignment/assignment3.feature
14:50:20.105 [main] INFO  com.intuit.karate.Runner - using system property 'karate.options': classpath:examples/features/assignment/assignment4.feature
14:50:20.828 [main] DEBUG com.intuit.karate.Suite - [config] classpath:karate-config.js
14:50:20.828 [main] INFO  com.intuit.karate.Suite - backed up existing 'target\karate-reports' dir to: target\karate-reports_1779700820828
14:50:22.158 [main] INFO  com.intuit.karate - karate.env system property was: null 
14:50:22.208 [main] INFO  com.intuit.karate - Loaded API Key: free_user_3DvGOP3388gqq71IAt6bHhQ6DDZ 
14:50:22.570 [main] DEBUG com.intuit.karate - request:
1 > GET https://jsonplaceholder.typicode.com/posts
1 > Host: jsonplaceholder.typicode.com
1 > Connection: Keep-Alive
1 > User-Agent: Apache-HttpClient/4.5.14 (Java/17.0.9)
1 > Accept-Encoding: gzip,deflate


14:50:23.342 [main] DEBUG com.intuit.karate - response time in milliseconds: 772
1 < 200
1 < Date: Mon, 25 May 2026 09:20:23 GMT
1 < Content-Type: application/json; charset=utf-8
1 < Transfer-Encoding: chunked
1 < Connection: keep-alive
1 < access-control-allow-credentials: true
1 < Cache-Control: max-age=43200
1 < etag: W/"6b80-Ybsq/K6GwwqrYkAsFxqDXGC7DoM"
1 < expires: -1
1 < nel: {"report_to":"heroku-nel","response_headers":["Via"],"max_age":3600,"success_fraction":0.01,"failure_fraction":0.1}
1 < pragma: no-cache
1 < report-to: {"group":"heroku-nel","endpoints":[{"url":"https://nel.heroku.com/reports?s=1TJK7LY9IOlmtKHtBPLS3yjrCFO1HXc2r4wAsJE0FDQ%3D\u0026sid=e11707d5-02a7-43ef-b45e-2cf4d2036f7d\u0026ts=1779238720"}],"max_age":3600}
1 < reporting-endpoints: heroku-nel="https://nel.heroku.com/reports?s=1TJK7LY9IOlmtKHtBPLS3yjrCFO1HXc2r4wAsJE0FDQ%3D&sid=e11707d5-02a7-43ef-b45e-2cf4d2036f7d&ts=1779238720"
1 < Server: cloudflare
1 < vary: Origin, Accept-Encoding
1 < via: 2.0 heroku-router
1 < x-content-type-options: nosniff
1 < x-powered-by: Express
1 < x-ratelimit-limit: 1000
1 < x-ratelimit-remaining: 999
1 < x-ratelimit-reset: 1779238736
1 < Age: 11
1 < cf-cache-status: HIT
1 < Server-Timing: cfCacheStatus;desc="HIT"
1 < Server-Timing: cfEdge;dur=4,cfOrigin;dur=0
1 < CF-RAY: a01376c21d0bfb98-MRS
1 < alt-svc: h3=":443"; ma=86400
[
  {
    "userId": 1,
    "id": 1,
    "title": "sunt aut facere repellat provident occaecati excepturi optio reprehenderit",
    "body": "quia et suscipit\nsuscipit recusandae consequuntur expedita et cum\nreprehenderit molestiae ut ut quas totam\nnostrum rerum est autem sunt rem eveniet architecto"
  },
  {
    "userId": 1,
    "id": 2,
    "title": "qui est esse",
    "body": "est rerum tempore vitae\nsequi sint nihil reprehenderit dolor beatae ea dolores neque\nfugiat blanditiis voluptate porro vel nihil molestiae ut reiciendis\nqui aperiam non debitis possimus qui neque nisi nulla"
  },
  {
    "userId": 1,
    "id": 3,
    "title": "ea molestias quasi exercitationem repellat qui ipsa sit aut",
    "body": "et iusto sed quo iure\nvoluptatem occaecati omnis eligendi aut ad\nvoluptatem doloribus vel accusantium quis pariatur\nmolestiae porro eius odio et labore et velit aut"
  },
  {
    "userId": 1,
    "id": 4,
    "title": "eum et est occaecati",
    "body": "ullam et saepe reiciendis voluptatem adipisci\nsit amet autem assumenda provident rerum culpa\nquis hic commodi nesciunt rem tenetur doloremque ipsam iure\nquis sunt voluptatem rerum illo velit"
  },
  {
    "userId": 1,
    "id": 5,
    "title": "nesciunt quas odio",
    "body": "repudiandae veniam quaerat sunt sed\nalias aut fugiat sit autem sed est\nvoluptatem omnis possimus esse voluptatibus quis\nest aut tenetur dolor neque"
  },
  {
    "userId": 1,
    "id": 6,
    "title": "dolorem eum magni eos aperiam quia",
    "body": "ut aspernatur corporis harum nihil quis provident sequi\nmollitia nobis aliquid molestiae\nperspiciatis et ea nemo ab reprehenderit accusantium quas\nvoluptate dolores velit et doloremque molestiae"
  },
  {
    "userId": 1,
    "id": 7,
    "title": "magnam facilis autem",
    "body": "dolore placeat quibusdam ea quo vitae\nmagni quis enim qui quis quo nemo aut saepe\nquidem repellat excepturi ut quia\nsunt ut sequi eos ea sed quas"
  },
  {
    "userId": 1,
    "id": 8,
    "title": "dolorem dolore est ipsam",
    "body": "dignissimos aperiam dolorem qui eum\nfacilis quibusdam animi sint suscipit qui sint possimus cum\nquaerat magni maiores excepturi\nipsam ut commodi dolor voluptatum modi aut vitae"
  },
  {
    "userId": 1,
    "id": 9,
    "title": "nesciunt iure omnis dolorem tempora et accusantium",
    "body": "consectetur animi nesciunt iure dolore\nenim quia ad\nveniam autem ut quam aut nobis\net est aut quod aut provident voluptas autem voluptas"
  },
  {
    "userId": 1,
    "id": 10,
    "title": "optio molestias id quia eum",
    "body": "quo et expedita modi cum officia vel magni\ndoloribus qui repudiandae\nvero nisi sit\nquos veniam quod sed accusamus veritatis error"
  },
  {
    "userId": 2,
    "id": 11,
    "title": "et ea vero quia laudantium autem",
    "body": "delectus reiciendis molestiae occaecati non minima eveniet qui voluptatibus\naccusamus in eum beatae sit\nvel qui neque voluptates ut commodi qui incidunt\nut animi commodi"
  },
  {
    "userId": 2,
    "id": 12,
    "title": "in quibusdam tempore odit est dolorem",
    "body": "itaque id aut magnam\npraesentium quia et ea odit et ea voluptas et\nsapiente quia nihil amet occaecati quia id voluptatem\nincidunt ea est distinctio odio"
  },
  {
    "userId": 2,
    "id": 13,
    "title": "dolorum ut in voluptas mollitia et saepe quo animi",
    "body": "aut dicta possimus sint mollitia voluptas commodi quo doloremque\niste corrupti reiciendis voluptatem eius rerum\nsit cumque quod eligendi laborum minima\nperferendis recusandae assumenda consectetur porro architecto ipsum ipsam"
  },
  {
    "userId": 2,
    "id": 14,
    "title": "voluptatem eligendi optio",
    "body": "fuga et accusamus dolorum perferendis illo voluptas\nnon doloremque neque facere\nad qui dolorum molestiae beatae\nsed aut voluptas totam sit illum"
  },
  {
    "userId": 2,
    "id": 15,
    "title": "eveniet quod temporibus",
    "body": "reprehenderit quos placeat\nvelit minima officia dolores impedit repudiandae molestiae nam\nvoluptas recusandae quis delectus\nofficiis harum fugiat vitae"
  },
  {
    "userId": 2,
    "id": 16,
    "title": "sint suscipit perspiciatis velit dolorum rerum ipsa laboriosam odio",
    "body": "suscipit nam nisi quo aperiam aut\nasperiores eos fugit maiores voluptatibus quia\nvoluptatem quis ullam qui in alias quia est\nconsequatur magni mollitia accusamus ea nisi voluptate dicta"
  },
  {
    "userId": 2,
    "id": 17,
    "title": "fugit voluptas sed molestias voluptatem provident",
    "body": "eos voluptas et aut odit natus earum\naspernatur fuga molestiae ullam\ndeserunt ratione qui eos\nqui nihil ratione nemo velit ut aut id quo"
  },
  {
    "userId": 2,
    "id": 18,
    "title": "voluptate et itaque vero tempora molestiae",
    "body": "eveniet quo quis\nlaborum totam consequatur non dolor\nut et est repudiandae\nest voluptatem vel debitis et magnam"
  },
  {
    "userId": 2,
    "id": 19,
    "title": "adipisci placeat illum aut reiciendis qui",
    "body": "illum quis cupiditate provident sit magnam\nea sed aut omnis\nveniam maiores ullam consequatur atque\nadipisci quo iste expedita sit quos voluptas"
  },
  {
    "userId": 2,
    "id": 20,
    "title": "doloribus ad provident suscipit at",
    "body": "qui consequuntur ducimus possimus quisquam amet similique\nsuscipit porro ipsam amet\neos veritatis officiis exercitationem vel fugit aut necessitatibus totam\nomnis rerum consequatur expedita quidem cumque explicabo"
  },
  {
    "userId": 3,
    "id": 21,
    "title": "asperiores ea ipsam voluptatibus modi minima quia sint",
    "body": "repellat aliquid praesentium dolorem quo\nsed totam minus non itaque\nnihil labore molestiae sunt dolor eveniet hic recusandae veniam\ntempora et tenetur expedita sunt"
  },
  {
    "userId": 3,
    "id": 22,
    "title": "dolor sint quo a velit explicabo quia nam",
    "body": "eos qui et ipsum ipsam suscipit aut\nsed omnis non odio\nexpedita earum mollitia molestiae aut atque rem suscipit\nnam impedit esse"
  },
  {
    "userId": 3,
    "id": 23,
    "title": "maxime id vitae nihil numquam",
    "body": "veritatis unde neque eligendi\nquae quod architecto quo neque vitae\nest illo sit tempora doloremque fugit quod\net et vel beatae sequi ullam sed tenetur perspiciatis"
  },
  {
    "userId": 3,
    "id": 24,
    "title": "autem hic labore sunt dolores incidunt",
    "body": "enim et ex nulla\nomnis voluptas quia qui\nvoluptatem consequatur numquam aliquam sunt\ntotam recusandae id dignissimos aut sed asperiores deserunt"
  },
  {
    "userId": 3,
    "id": 25,
    "title": "rem alias distinctio quo quis",
    "body": "ullam consequatur ut\nomnis quis sit vel consequuntur\nipsa eligendi ipsum molestiae et omnis error nostrum\nmolestiae illo tempore quia et distinctio"
  },
  {
    "userId": 3,
    "id": 26,
    "title": "est et quae odit qui non",
    "body": "similique esse doloribus nihil accusamus\nomnis dolorem fuga consequuntur reprehenderit fugit recusandae temporibus\nperspiciatis cum ut laudantium\nomnis aut molestiae vel vero"
  },
  {
    "userId": 3,
    "id": 27,
    "title": "quasi id et eos tenetur aut quo autem",
    "body": "eum sed dolores ipsam sint possimus debitis occaecati\ndebitis qui qui et\nut placeat enim earum aut odit facilis\nconsequatur suscipit necessitatibus rerum sed inventore temporibus consequatur"
  },
  {
    "userId": 3,
    "id": 28,
    "title": "delectus ullam et corporis nulla voluptas sequi",
    "body": "non et quaerat ex quae ad maiores\nmaiores recusandae totam aut blanditiis mollitia quas illo\nut voluptatibus voluptatem\nsimilique nostrum eum"
  },
  {
    "userId": 3,
    "id": 29,
    "title": "iusto eius quod necessitatibus culpa ea",
    "body": "odit magnam ut saepe sed non qui\ntempora atque nihil\naccusamus illum doloribus illo dolor\neligendi repudiandae odit magni similique sed cum maiores"
  },
  {
    "userId": 3,
    "id": 30,
    "title": "a quo magni similique perferendis",
    "body": "alias dolor cumque\nimpedit blanditiis non eveniet odio maxime\nblanditiis amet eius quis tempora quia autem rem\na provident perspiciatis quia"
  },
  {
    "userId": 4,
    "id": 31,
    "title": "ullam ut quidem id aut vel consequuntur",
    "body": "debitis eius sed quibusdam non quis consectetur vitae\nimpedit ut qui consequatur sed aut in\nquidem sit nostrum et maiores adipisci atque\nquaerat voluptatem adipisci repudiandae"
  },
  {
    "userId": 4,
    "id": 32,
    "title": "doloremque illum aliquid sunt",
    "body": "deserunt eos nobis asperiores et hic\nest debitis repellat molestiae optio\nnihil ratione ut eos beatae quibusdam distinctio maiores\nearum voluptates et aut adipisci ea maiores voluptas maxime"
  },
  {
    "userId": 4,
    "id": 33,
    "title": "qui explicabo molestiae dolorem",
    "body": "rerum ut et numquam laborum odit est sit\nid qui sint in\nquasi tenetur tempore aperiam et quaerat qui in\nrerum officiis sequi cumque quod"
  },
  {
    "userId": 4,
    "id": 34,
    "title": "magnam ut rerum iure",
    "body": "ea velit perferendis earum ut voluptatem voluptate itaque iusto\ntotam pariatur in\nnemo voluptatem voluptatem autem magni tempora minima in\nest distinctio qui assumenda accusamus dignissimos officia nesciunt nobis"
  },
  {
    "userId": 4,
    "id": 35,
    "title": "id nihil consequatur molestias animi provident",
    "body": "nisi error delectus possimus ut eligendi vitae\nplaceat eos harum cupiditate facilis reprehenderit voluptatem beatae\nmodi ducimus quo illum voluptas eligendi\net nobis quia fugit"
  },
  {
    "userId": 4,
    "id": 36,
    "title": "fuga nam accusamus voluptas reiciendis itaque",
    "body": "ad mollitia et omnis minus architecto odit\nvoluptas doloremque maxime aut non ipsa qui alias veniam\nblanditiis culpa aut quia nihil cumque facere et occaecati\nqui aspernatur quia eaque ut aperiam inventore"
  },
  {
    "userId": 4,
    "id": 37,
    "title": "provident vel ut sit ratione est",
    "body": "debitis et eaque non officia sed nesciunt pariatur vel\nvoluptatem iste vero et ea\nnumquam aut expedita ipsum nulla in\nvoluptates omnis consequatur aut enim officiis in quam qui"
  },
  {
    "userId": 4,
    "id": 38,
    "title": "explicabo et eos deleniti nostrum ab id repellendus",
    "body": "animi esse sit aut sit nesciunt assumenda eum voluptas\nquia voluptatibus provident quia necessitatibus ea\nrerum repudiandae quia voluptatem delectus fugit aut id quia\nratione optio eos iusto veniam iure"
  },
  {
    "userId": 4,
    "id": 39,
    "title": "eos dolorem iste accusantium est eaque quam",
    "body": "corporis rerum ducimus vel eum accusantium\nmaxime aspernatur a porro possimus iste omnis\nest in deleniti asperiores fuga aut\nvoluptas sapiente vel dolore minus voluptatem incidunt ex"
  },
  {
    "userId": 4,
    "id": 40,
    "title": "enim quo cumque",
    "body": "ut voluptatum aliquid illo tenetur nemo sequi quo facilis\nipsum rem optio mollitia quas\nvoluptatem eum voluptas qui\nunde omnis voluptatem iure quasi maxime voluptas nam"
  },
  {
    "userId": 5,
    "id": 41,
    "title": "non est facere",
    "body": "molestias id nostrum\nexcepturi molestiae dolore omnis repellendus quaerat saepe\nconsectetur iste quaerat tenetur asperiores accusamus ex ut\nnam quidem est ducimus sunt debitis saepe"
  },
  {
    "userId": 5,
    "id": 42,
    "title": "commodi ullam sint et excepturi error explicabo praesentium voluptas",
    "body": "odio fugit voluptatum ducimus earum autem est incidunt voluptatem\nodit reiciendis aliquam sunt sequi nulla dolorem\nnon facere repellendus voluptates quia\nratione harum vitae ut"
  },
  {
    "userId": 5,
    "id": 43,
    "title": "eligendi iste nostrum consequuntur adipisci praesentium sit beatae perferendis",
    "body": "similique fugit est\nillum et dolorum harum et voluptate eaque quidem\nexercitationem quos nam commodi possimus cum odio nihil nulla\ndolorum exercitationem magnam ex et a et distinctio debitis"
  },
  {
    "userId": 5,
    "id": 44,
    "title": "optio dolor molestias sit",
    "body": "temporibus est consectetur dolore\net libero debitis vel velit laboriosam quia\nipsum quibusdam qui itaque fuga rem aut\nea et iure quam sed maxime ut distinctio quae"
  },
  {
    "userId": 5,
    "id": 45,
    "title": "ut numquam possimus omnis eius suscipit laudantium iure",
    "body": "est natus reiciendis nihil possimus aut provident\nex et dolor\nrepellat pariatur est\nnobis rerum repellendus dolorem autem"
  },
  {
    "userId": 5,
    "id": 46,
    "title": "aut quo modi neque nostrum ducimus",
    "body": "voluptatem quisquam iste\nvoluptatibus natus officiis facilis dolorem\nquis quas ipsam\nvel et voluptatum in aliquid"
  },
  {
    "userId": 5,
    "id": 47,
    "title": "quibusdam cumque rem aut deserunt",
    "body": "voluptatem assumenda ut qui ut cupiditate aut impedit veniam\noccaecati nemo illum voluptatem laudantium\nmolestiae beatae rerum ea iure soluta nostrum\neligendi et voluptate"
  },
  {
    "userId": 5,
    "id": 48,
    "title": "ut voluptatem illum ea doloribus itaque eos",
    "body": "voluptates quo voluptatem facilis iure occaecati\nvel assumenda rerum officia et\nillum perspiciatis ab deleniti\nlaudantium repellat ad ut et autem reprehenderit"
  },
  {
    "userId": 5,
    "id": 49,
    "title": "laborum non sunt aut ut assumenda perspiciatis voluptas",
    "body": "inventore ab sint\nnatus fugit id nulla sequi architecto nihil quaerat\neos tenetur in in eum veritatis non\nquibusdam officiis aspernatur cumque aut commodi aut"
  },
  {
    "userId": 5,
    "id": 50,
    "title": "repellendus qui recusandae incidunt voluptates tenetur qui omnis exercitationem",
    "body": "error suscipit maxime adipisci consequuntur recusandae\nvoluptas eligendi et est et voluptates\nquia distinctio ab amet quaerat molestiae et vitae\nadipisci impedit sequi nesciunt quis consectetur"
  },
  {
    "userId": 6,
    "id": 51,
    "title": "soluta aliquam aperiam consequatur illo quis voluptas",
    "body": "sunt dolores aut doloribus\ndolore doloribus voluptates tempora et\ndoloremque et quo\ncum asperiores sit consectetur dolorem"
  },
  {
    "userId": 6,
    "id": 52,
    "title": "qui enim et consequuntur quia animi quis voluptate quibusdam",
    "body": "iusto est quibusdam fuga quas quaerat molestias\na enim ut sit accusamus enim\ntemporibus iusto accusantium provident architecto\nsoluta esse reprehenderit qui laborum"
  },
  {
    "userId": 6,
    "id": 53,
    "title": "ut quo aut ducimus alias",
    "body": "minima harum praesentium eum rerum illo dolore\nquasi exercitationem rerum nam\nporro quis neque quo\nconsequatur minus dolor quidem veritatis sunt non explicabo similique"
  },
  {
    "userId": 6,
    "id": 54,
    "title": "sit asperiores ipsam eveniet odio non quia",
    "body": "totam corporis dignissimos\nvitae dolorem ut occaecati accusamus\nex velit deserunt\net exercitationem vero incidunt corrupti mollitia"
  },
  {
    "userId": 6,
    "id": 55,
    "title": "sit vel voluptatem et non libero",
    "body": "debitis excepturi ea perferendis harum libero optio\neos accusamus cum fuga ut sapiente repudiandae\net ut incidunt omnis molestiae\nnihil ut eum odit"
  },
  {
    "userId": 6,
    "id": 56,
    "title": "qui et at rerum necessitatibus",
    "body": "aut est omnis dolores\nneque rerum quod ea rerum velit pariatur beatae excepturi\net provident voluptas corrupti\ncorporis harum reprehenderit dolores eligendi"
  },
  {
    "userId": 6,
    "id": 57,
    "title": "sed ab est est",
    "body": "at pariatur consequuntur earum quidem\nquo est laudantium soluta voluptatem\nqui ullam et est\net cum voluptas voluptatum repellat est"
  },
  {
    "userId": 6,
    "id": 58,
    "title": "voluptatum itaque dolores nisi et quasi",
    "body": "veniam voluptatum quae adipisci id\net id quia eos ad et dolorem\naliquam quo nisi sunt eos impedit error\nad similique veniam"
  },
  {
    "userId": 6,
    "id": 59,
    "title": "qui commodi dolor at maiores et quis id accusantium",
    "body": "perspiciatis et quam ea autem temporibus non voluptatibus qui\nbeatae a earum officia nesciunt dolores suscipit voluptas et\nanimi doloribus cum rerum quas et magni\net hic ut ut commodi expedita sunt"
  },
  {
    "userId": 6,
    "id": 60,
    "title": "consequatur placeat omnis quisquam quia reprehenderit fugit veritatis facere",
    "body": "asperiores sunt ab assumenda cumque modi velit\nqui esse omnis\nvoluptate et fuga perferendis voluptas\nillo ratione amet aut et omnis"
  },
  {
    "userId": 7,
    "id": 61,
    "title": "voluptatem doloribus consectetur est ut ducimus",
    "body": "ab nemo optio odio\ndelectus tenetur corporis similique nobis repellendus rerum omnis facilis\nvero blanditiis debitis in nesciunt doloribus dicta dolores\nmagnam minus velit"
  },
  {
    "userId": 7,
    "id": 62,
    "title": "beatae enim quia vel",
    "body": "enim aspernatur illo distinctio quae praesentium\nbeatae alias amet delectus qui voluptate distinctio\nodit sint accusantium autem omnis\nquo molestiae omnis ea eveniet optio"
  },
  {
    "userId": 7,
    "id": 63,
    "title": "voluptas blanditiis repellendus animi ducimus error sapiente et suscipit",
    "body": "enim adipisci aspernatur nemo\nnumquam omnis facere dolorem dolor ex quis temporibus incidunt\nab delectus culpa quo reprehenderit blanditiis asperiores\naccusantium ut quam in voluptatibus voluptas ipsam dicta"
  },
  {
    "userId": 7,
    "id": 64,
    "title": "et fugit quas eum in in aperiam quod",
    "body": "id velit blanditiis\neum ea voluptatem\nmolestiae sint occaecati est eos perspiciatis\nincidunt a error provident eaque aut aut qui"
  },
  {
    "userId": 7,
    "id": 65,
    "title": "consequatur id enim sunt et et",
    "body": "voluptatibus ex esse\nsint explicabo est aliquid cumque adipisci fuga repellat labore\nmolestiae corrupti ex saepe at asperiores et perferendis\nnatus id esse incidunt pariatur"
  },
  {
    "userId": 7,
    "id": 66,
    "title": "repudiandae ea animi iusto",
    "body": "officia veritatis tenetur vero qui itaque\nsint non ratione\nsed et ut asperiores iusto eos molestiae nostrum\nveritatis quibusdam et nemo iusto saepe"
  },
  {
    "userId": 7,
    "id": 67,
    "title": "aliquid eos sed fuga est maxime repellendus",
    "body": "reprehenderit id nostrum\nvoluptas doloremque pariatur sint et accusantium quia quod aspernatur\net fugiat amet\nnon sapiente et consequatur necessitatibus molestiae"
  },
  {
    "userId": 7,
    "id": 68,
    "title": "odio quis facere architecto reiciendis optio",
    "body": "magnam molestiae perferendis quisquam\nqui cum reiciendis\nquaerat animi amet hic inventore\nea quia deleniti quidem saepe porro velit"
  },
  {
    "userId": 7,
    "id": 69,
    "title": "fugiat quod pariatur odit minima",
    "body": "officiis error culpa consequatur modi asperiores et\ndolorum assumenda voluptas et vel qui aut vel rerum\nvoluptatum quisquam perspiciatis quia rerum consequatur totam quas\nsequi commodi repudiandae asperiores et saepe a"
  },
  {
    "userId": 7,
    "id": 70,
    "title": "voluptatem laborum magni",
    "body": "sunt repellendus quae\nest asperiores aut deleniti esse accusamus repellendus quia aut\nquia dolorem unde\neum tempora esse dolore"
  },
  {
    "userId": 8,
    "id": 71,
    "title": "et iusto veniam et illum aut fuga",
    "body": "occaecati a doloribus\niste saepe consectetur placeat eum voluptate dolorem et\nqui quo quia voluptas\nrerum ut id enim velit est perferendis"
  },
  {
    "userId": 8,
    "id": 72,
    "title": "sint hic doloribus consequatur eos non id",
    "body": "quam occaecati qui deleniti consectetur\nconsequatur aut facere quas exercitationem aliquam hic voluptas\nneque id sunt ut aut accusamus\nsunt consectetur expedita inventore velit"
  },
  {
    "userId": 8,
    "id": 73,
    "title": "consequuntur deleniti eos quia temporibus ab aliquid at",
    "body": "voluptatem cumque tenetur consequatur expedita ipsum nemo quia explicabo\naut eum minima consequatur\ntempore cumque quae est et\net in consequuntur voluptatem voluptates aut"
  },
  {
    "userId": 8,
    "id": 74,
    "title": "enim unde ratione doloribus quas enim ut sit sapiente",
    "body": "odit qui et et necessitatibus sint veniam\nmollitia amet doloremque molestiae commodi similique magnam et quam\nblanditiis est itaque\nquo et tenetur ratione occaecati molestiae tempora"
  },
  {
    "userId": 8,
    "id": 75,
    "title": "dignissimos eum dolor ut enim et delectus in",
    "body": "commodi non non omnis et voluptas sit\nautem aut nobis magnam et sapiente voluptatem\net laborum repellat qui delectus facilis temporibus\nrerum amet et nemo voluptate expedita adipisci error dolorem"
  },
  {
    "userId": 8,
    "id": 76,
    "title": "doloremque officiis ad et non perferendis",
    "body": "ut animi facere\ntotam iusto tempore\nmolestiae eum aut et dolorem aperiam\nquaerat recusandae totam odio"
  },
  {
    "userId": 8,
    "id": 77,
    "title": "necessitatibus quasi exercitationem odio",
    "body": "modi ut in nulla repudiandae dolorum nostrum eos\naut consequatur omnis\nut incidunt est omnis iste et quam\nvoluptates sapiente aliquam asperiores nobis amet corrupti repudiandae provident"
  },
  {
    "userId": 8,
    "id": 78,
    "title": "quam voluptatibus rerum veritatis",
    "body": "nobis facilis odit tempore cupiditate quia\nassumenda doloribus rerum qui ea\nillum et qui totam\naut veniam repellendus"
  },
  {
    "userId": 8,
    "id": 79,
    "title": "pariatur consequatur quia magnam autem omnis non amet",
    "body": "libero accusantium et et facere incidunt sit dolorem\nnon excepturi qui quia sed laudantium\nquisquam molestiae ducimus est\nofficiis esse molestiae iste et quos"
  },
  {
    "userId": 8,
    "id": 80,
    "title": "labore in ex et explicabo corporis aut quas",
    "body": "ex quod dolorem ea eum iure qui provident amet\nquia qui facere excepturi et repudiandae\nasperiores molestias provident\nminus incidunt vero fugit rerum sint sunt excepturi provident"
  },
  {
    "userId": 9,
    "id": 81,
    "title": "tempora rem veritatis voluptas quo dolores vero",
    "body": "facere qui nesciunt est voluptatum voluptatem nisi\nsequi eligendi necessitatibus ea at rerum itaque\nharum non ratione velit laboriosam quis consequuntur\nex officiis minima doloremque voluptas ut aut"
  },
  {
    "userId": 9,
    "id": 82,
    "title": "laudantium voluptate suscipit sunt enim enim",
    "body": "ut libero sit aut totam inventore sunt\nporro sint qui sunt molestiae\nconsequatur cupiditate qui iste ducimus adipisci\ndolor enim assumenda soluta laboriosam amet iste delectus hic"
  },
  {
    "userId": 9,
    "id": 83,
    "title": "odit et voluptates doloribus alias odio et",
    "body": "est molestiae facilis quis tempora numquam nihil qui\nvoluptate sapiente consequatur est qui\nnecessitatibus autem aut ipsa aperiam modi dolore numquam\nreprehenderit eius rem quibusdam"
  },
  {
    "userId": 9,
    "id": 84,
    "title": "optio ipsam molestias necessitatibus occaecati facilis veritatis dolores aut",
    "body": "sint molestiae magni a et quos\neaque et quasi\nut rerum debitis similique veniam\nrecusandae dignissimos dolor incidunt consequatur odio"
  },
  {
    "userId": 9,
    "id": 85,
    "title": "dolore veritatis porro provident adipisci blanditiis et sunt",
    "body": "similique sed nisi voluptas iusto omnis\nmollitia et quo\nassumenda suscipit officia magnam sint sed tempora\nenim provident pariatur praesentium atque animi amet ratione"
  },
  {
    "userId": 9,
    "id": 86,
    "title": "placeat quia et porro iste",
    "body": "quasi excepturi consequatur iste autem temporibus sed molestiae beatae\net quaerat et esse ut\nvoluptatem occaecati et vel explicabo autem\nasperiores pariatur deserunt optio"
  },
  {
    "userId": 9,
    "id": 87,
    "title": "nostrum quis quasi placeat",
    "body": "eos et molestiae\nnesciunt ut a\ndolores perspiciatis repellendus repellat aliquid\nmagnam sint rem ipsum est"
  },
  {
    "userId": 9,
    "id": 88,
    "title": "sapiente omnis fugit eos",
    "body": "consequatur omnis est praesentium\nducimus non iste\nneque hic deserunt\nvoluptatibus veniam cum et rerum sed"
  },
  {
    "userId": 9,
    "id": 89,
    "title": "sint soluta et vel magnam aut ut sed qui",
    "body": "repellat aut aperiam totam temporibus autem et\narchitecto magnam ut\nconsequatur qui cupiditate rerum quia soluta dignissimos nihil iure\ntempore quas est"
  },
  {
    "userId": 9,
    "id": 90,
    "title": "ad iusto omnis odit dolor voluptatibus",
    "body": "minus omnis soluta quia\nqui sed adipisci voluptates illum ipsam voluptatem\neligendi officia ut in\neos soluta similique molestias praesentium blanditiis"
  },
  {
    "userId": 10,
    "id": 91,
    "title": "aut amet sed",
    "body": "libero voluptate eveniet aperiam sed\nsunt placeat suscipit molestias\nsimilique fugit nam natus\nexpedita consequatur consequatur dolores quia eos et placeat"
  },
  {
    "userId": 10,
    "id": 92,
    "title": "ratione ex tenetur perferendis",
    "body": "aut et excepturi dicta laudantium sint rerum nihil\nlaudantium et at\na neque minima officia et similique libero et\ncommodi voluptate qui"
  },
  {
    "userId": 10,
    "id": 93,
    "title": "beatae soluta recusandae",
    "body": "dolorem quibusdam ducimus consequuntur dicta aut quo laboriosam\nvoluptatem quis enim recusandae ut sed sunt\nnostrum est odit totam\nsit error sed sunt eveniet provident qui nulla"
  },
  {
    "userId": 10,
    "id": 94,
    "title": "qui qui voluptates illo iste minima",
    "body": "aspernatur expedita soluta quo ab ut similique\nexpedita dolores amet\nsed temporibus distinctio magnam saepe deleniti\nomnis facilis nam ipsum natus sint similique omnis"
  },
  {
    "userId": 10,
    "id": 95,
    "title": "id minus libero illum nam ad officiis",
    "body": "earum voluptatem facere provident blanditiis velit laboriosam\npariatur accusamus odio saepe\ncumque dolor qui a dicta ab doloribus consequatur omnis\ncorporis cupiditate eaque assumenda ad nesciunt"
  },
  {
    "userId": 10,
    "id": 96,
    "title": "quaerat velit veniam amet cupiditate aut numquam ut sequi",
    "body": "in non odio excepturi sint eum\nlabore voluptates vitae quia qui et\ninventore itaque rerum\nveniam non exercitationem delectus aut"
  },
  {
    "userId": 10,
    "id": 97,
    "title": "quas fugiat ut perspiciatis vero provident",
    "body": "eum non blanditiis soluta porro quibusdam voluptas\nvel voluptatem qui placeat dolores qui velit aut\nvel inventore aut cumque culpa explicabo aliquid at\nperspiciatis est et voluptatem dignissimos dolor itaque sit nam"
  },
  {
    "userId": 10,
    "id": 98,
    "title": "laboriosam dolor voluptates",
    "body": "doloremque ex facilis sit sint culpa\nsoluta assumenda eligendi non ut eius\nsequi ducimus vel quasi\nveritatis est dolores"
  },
  {
    "userId": 10,
    "id": 99,
    "title": "temporibus sit alias delectus eligendi possimus magni",
    "body": "quo deleniti praesentium dicta non quod\naut est molestias\nmolestias et officia quis nihil\nitaque dolorem quia"
  },
  {
    "userId": 10,
    "id": 100,
    "title": "at nam consequatur ea labore ea harum",
    "body": "cupiditate quo est a modi nesciunt soluta\nipsa voluptas error itaque dicta in\nautem qui minus magnam et distinctio eum\naccusamus ratione error aut"
  }
]

14:50:23.371 [main] INFO  com.intuit.karate - [print] [
  {
    "userId": 1,
    "id": 1,
    "title": "sunt aut facere repellat provident occaecati excepturi optio reprehenderit"
  },
  {
    "userId": 1,
    "id": 2,
    "title": "qui est esse"
  },
  {
    "userId": 1,
    "id": 3,
    "title": "ea molestias quasi exercitationem repellat qui ipsa sit aut"
  },
  {
    "userId": 1,
    "id": 4,
    "title": "eum et est occaecati"
  },
  {
    "userId": 1,
    "id": 5,
    "title": "nesciunt quas odio"
  },
  {
    "userId": 1,
    "id": 6,
    "title": "dolorem eum magni eos aperiam quia"
  },
  {
    "userId": 1,
    "id": 7,
    "title": "magnam facilis autem"
  },
  {
    "userId": 1,
    "id": 8,
    "title": "dolorem dolore est ipsam"
  },
  {
    "userId": 1,
    "id": 9,
    "title": "nesciunt iure omnis dolorem tempora et accusantium"
  },
  {
    "userId": 1,
    "id": 10,
    "title": "optio molestias id quia eum"
  },
  {
    "userId": 2,
    "id": 11,
    "title": "et ea vero quia laudantium autem"
  },
  {
    "userId": 2,
    "id": 12,
    "title": "in quibusdam tempore odit est dolorem"
  },
  {
    "userId": 2,
    "id": 13,
    "title": "dolorum ut in voluptas mollitia et saepe quo animi"
  },
  {
    "userId": 2,
    "id": 14,
    "title": "voluptatem eligendi optio"
  },
  {
    "userId": 2,
    "id": 15,
    "title": "eveniet quod temporibus"
  },
  {
    "userId": 2,
    "id": 16,
    "title": "sint suscipit perspiciatis velit dolorum rerum ipsa laboriosam odio"
  },
  {
    "userId": 2,
    "id": 17,
    "title": "fugit voluptas sed molestias voluptatem provident"
  },
  {
    "userId": 2,
    "id": 18,
    "title": "voluptate et itaque vero tempora molestiae"
  },
  {
    "userId": 2,
    "id": 19,
    "title": "adipisci placeat illum aut reiciendis qui"
  },
  {
    "userId": 2,
    "id": 20,
    "title": "doloribus ad provident suscipit at"
  },
  {
    "userId": 3,
    "id": 21,
    "title": "asperiores ea ipsam voluptatibus modi minima quia sint"
  },
  {
    "userId": 3,
    "id": 22,
    "title": "dolor sint quo a velit explicabo quia nam"
  },
  {
    "userId": 3,
    "id": 23,
    "title": "maxime id vitae nihil numquam"
  },
  {
    "userId": 3,
    "id": 24,
    "title": "autem hic labore sunt dolores incidunt"
  },
  {
    "userId": 3,
    "id": 25,
    "title": "rem alias distinctio quo quis"
  },
  {
    "userId": 3,
    "id": 26,
    "title": "est et quae odit qui non"
  },
  {
    "userId": 3,
    "id": 27,
    "title": "quasi id et eos tenetur aut quo autem"
  },
  {
    "userId": 3,
    "id": 28,
    "title": "delectus ullam et corporis nulla voluptas sequi"
  },
  {
    "userId": 3,
    "id": 29,
    "title": "iusto eius quod necessitatibus culpa ea"
  },
  {
    "userId": 3,
    "id": 30,
    "title": "a quo magni similique perferendis"
  },
  {
    "userId": 4,
    "id": 31,
    "title": "ullam ut quidem id aut vel consequuntur"
  },
  {
    "userId": 4,
    "id": 32,
    "title": "doloremque illum aliquid sunt"
  },
  {
    "userId": 4,
    "id": 33,
    "title": "qui explicabo molestiae dolorem"
  },
  {
    "userId": 4,
    "id": 34,
    "title": "magnam ut rerum iure"
  },
  {
    "userId": 4,
    "id": 35,
    "title": "id nihil consequatur molestias animi provident"
  },
  {
    "userId": 4,
    "id": 36,
    "title": "fuga nam accusamus voluptas reiciendis itaque"
  },
  {
    "userId": 4,
    "id": 37,
    "title": "provident vel ut sit ratione est"
  },
  {
    "userId": 4,
    "id": 38,
    "title": "explicabo et eos deleniti nostrum ab id repellendus"
  },
  {
    "userId": 4,
    "id": 39,
    "title": "eos dolorem iste accusantium est eaque quam"
  },
  {
    "userId": 4,
    "id": 40,
    "title": "enim quo cumque"
  },
  {
    "userId": 5,
    "id": 41,
    "title": "non est facere"
  },
  {
    "userId": 5,
    "id": 42,
    "title": "commodi ullam sint et excepturi error explicabo praesentium voluptas"
  },
  {
    "userId": 5,
    "id": 43,
    "title": "eligendi iste nostrum consequuntur adipisci praesentium sit beatae perferendis"
  },
  {
    "userId": 5,
    "id": 44,
    "title": "optio dolor molestias sit"
  },
  {
    "userId": 5,
    "id": 45,
    "title": "ut numquam possimus omnis eius suscipit laudantium iure"
  },
  {
    "userId": 5,
    "id": 46,
    "title": "aut quo modi neque nostrum ducimus"
  },
  {
    "userId": 5,
    "id": 47,
    "title": "quibusdam cumque rem aut deserunt"
  },
  {
    "userId": 5,
    "id": 48,
    "title": "ut voluptatem illum ea doloribus itaque eos"
  },
  {
    "userId": 5,
    "id": 49,
    "title": "laborum non sunt aut ut assumenda perspiciatis voluptas"
  },
  {
    "userId": 5,
    "id": 50,
    "title": "repellendus qui recusandae incidunt voluptates tenetur qui omnis exercitationem"
  },
  {
    "userId": 6,
    "id": 51,
    "title": "soluta aliquam aperiam consequatur illo quis voluptas"
  },
  {
    "userId": 6,
    "id": 52,
    "title": "qui enim et consequuntur quia animi quis voluptate quibusdam"
  },
  {
    "userId": 6,
    "id": 53,
    "title": "ut quo aut ducimus alias"
  },
  {
    "userId": 6,
    "id": 54,
    "title": "sit asperiores ipsam eveniet odio non quia"
  },
  {
    "userId": 6,
    "id": 55,
    "title": "sit vel voluptatem et non libero"
  },
  {
    "userId": 6,
    "id": 56,
    "title": "qui et at rerum necessitatibus"
  },
  {
    "userId": 6,
    "id": 57,
    "title": "sed ab est est"
  },
  {
    "userId": 6,
    "id": 58,
    "title": "voluptatum itaque dolores nisi et quasi"
  },
  {
    "userId": 6,
    "id": 59,
    "title": "qui commodi dolor at maiores et quis id accusantium"
  },
  {
    "userId": 6,
    "id": 60,
    "title": "consequatur placeat omnis quisquam quia reprehenderit fugit veritatis facere"
  },
  {
    "userId": 7,
    "id": 61,
    "title": "voluptatem doloribus consectetur est ut ducimus"
  },
  {
    "userId": 7,
    "id": 62,
    "title": "beatae enim quia vel"
  },
  {
    "userId": 7,
    "id": 63,
    "title": "voluptas blanditiis repellendus animi ducimus error sapiente et suscipit"
  },
  {
    "userId": 7,
    "id": 64,
    "title": "et fugit quas eum in in aperiam quod"
  },
  {
    "userId": 7,
    "id": 65,
    "title": "consequatur id enim sunt et et"
  },
  {
    "userId": 7,
    "id": 66,
    "title": "repudiandae ea animi iusto"
  },
  {
    "userId": 7,
    "id": 67,
    "title": "aliquid eos sed fuga est maxime repellendus"
  },
  {
    "userId": 7,
    "id": 68,
    "title": "odio quis facere architecto reiciendis optio"
  },
  {
    "userId": 7,
    "id": 69,
    "title": "fugiat quod pariatur odit minima"
  },
  {
    "userId": 7,
    "id": 70,
    "title": "voluptatem laborum magni"
  },
  {
    "userId": 8,
    "id": 71,
    "title": "et iusto veniam et illum aut fuga"
  },
  {
    "userId": 8,
    "id": 72,
    "title": "sint hic doloribus consequatur eos non id"
  },
  {
    "userId": 8,
    "id": 73,
    "title": "consequuntur deleniti eos quia temporibus ab aliquid at"
  },
  {
    "userId": 8,
    "id": 74,
    "title": "enim unde ratione doloribus quas enim ut sit sapiente"
  },
  {
    "userId": 8,
    "id": 75,
    "title": "dignissimos eum dolor ut enim et delectus in"
  },
  {
    "userId": 8,
    "id": 76,
    "title": "doloremque officiis ad et non perferendis"
  },
  {
    "userId": 8,
    "id": 77,
    "title": "necessitatibus quasi exercitationem odio"
  },
  {
    "userId": 8,
    "id": 78,
    "title": "quam voluptatibus rerum veritatis"
  },
  {
    "userId": 8,
    "id": 79,
    "title": "pariatur consequatur quia magnam autem omnis non amet"
  },
  {
    "userId": 8,
    "id": 80,
    "title": "labore in ex et explicabo corporis aut quas"
  },
  {
    "userId": 9,
    "id": 81,
    "title": "tempora rem veritatis voluptas quo dolores vero"
  },
  {
    "userId": 9,
    "id": 82,
    "title": "laudantium voluptate suscipit sunt enim enim"
  },
  {
    "userId": 9,
    "id": 83,
    "title": "odit et voluptates doloribus alias odio et"
  },
  {
    "userId": 9,
    "id": 84,
    "title": "optio ipsam molestias necessitatibus occaecati facilis veritatis dolores aut"
  },
  {
    "userId": 9,
    "id": 85,
    "title": "dolore veritatis porro provident adipisci blanditiis et sunt"
  },
  {
    "userId": 9,
    "id": 86,
    "title": "placeat quia et porro iste"
  },
  {
    "userId": 9,
    "id": 87,
    "title": "nostrum quis quasi placeat"
  },
  {
    "userId": 9,
    "id": 88,
    "title": "sapiente omnis fugit eos"
  },
  {
    "userId": 9,
    "id": 89,
    "title": "sint soluta et vel magnam aut ut sed qui"
  },
  {
    "userId": 9,
    "id": 90,
    "title": "ad iusto omnis odit dolor voluptatibus"
  },
  {
    "userId": 10,
    "id": 91,
    "title": "aut amet sed"
  },
  {
    "userId": 10,
    "id": 92,
    "title": "ratione ex tenetur perferendis"
  },
  {
    "userId": 10,
    "id": 93,
    "title": "beatae soluta recusandae"
  },
  {
    "userId": 10,
    "id": 94,
    "title": "qui qui voluptates illo iste minima"
  },
  {
    "userId": 10,
    "id": 95,
    "title": "id minus libero illum nam ad officiis"
  },
  {
    "userId": 10,
    "id": 96,
    "title": "quaerat velit veniam amet cupiditate aut numquam ut sequi"
  },
  {
    "userId": 10,
    "id": 97,
    "title": "quas fugiat ut perspiciatis vero provident"
  },
  {
    "userId": 10,
    "id": 98,
    "title": "laboriosam dolor voluptates"
  },
  {
    "userId": 10,
    "id": 99,
    "title": "temporibus sit alias delectus eligendi possimus magni"
  },
  {
    "userId": 10,
    "id": 100,
    "title": "at nam consequatur ea labore ea harum"
  }
]
 
14:50:24.073 [main] INFO  com.intuit.karate.Suite - <<pass>> feature 1 of 1 (0 remaining) classpath:examples/features/assignment/assignment4.feature
14:59:12.091 [main] INFO  com.intuit.karate.Runner - using system property 'karate.options': classpath:examples/features/assignment/assignment5.feature
14:59:12.809 [main] DEBUG com.intuit.karate.Suite - [config] classpath:karate-config.js
14:59:12.809 [main] INFO  com.intuit.karate.Suite - backed up existing 'target\karate-reports' dir to: target\karate-reports_1779701352809
14:59:13.967 [main] INFO  com.intuit.karate - karate.env system property was: null 
14:59:14.037 [main] INFO  com.intuit.karate - Loaded API Key: free_user_3DvGOP3388gqq71IAt6bHhQ6DDZ 
14:59:14.378 [main] DEBUG com.intuit.karate - request:
1 > GET https://jsonplaceholder.typicode.com/posts
1 > Host: jsonplaceholder.typicode.com
1 > Connection: Keep-Alive
1 > User-Agent: Apache-HttpClient/4.5.14 (Java/17.0.9)
1 > Accept-Encoding: gzip,deflate


14:59:15.300 [main] DEBUG com.intuit.karate - response time in milliseconds: 913
1 < 200
1 < Date: Mon, 25 May 2026 09:29:15 GMT
1 < Content-Type: application/json; charset=utf-8
1 < Transfer-Encoding: chunked
1 < Connection: keep-alive
1 < access-control-allow-credentials: true
1 < Cache-Control: max-age=43200
1 < etag: W/"6b80-Ybsq/K6GwwqrYkAsFxqDXGC7DoM"
1 < expires: -1
1 < nel: {"report_to":"heroku-nel","response_headers":["Via"],"max_age":3600,"success_fraction":0.01,"failure_fraction":0.1}
1 < pragma: no-cache
1 < report-to: {"group":"heroku-nel","endpoints":[{"url":"https://nel.heroku.com/reports?s=1TJK7LY9IOlmtKHtBPLS3yjrCFO1HXc2r4wAsJE0FDQ%3D\u0026sid=e11707d5-02a7-43ef-b45e-2cf4d2036f7d\u0026ts=1779238720"}],"max_age":3600}
1 < reporting-endpoints: heroku-nel="https://nel.heroku.com/reports?s=1TJK7LY9IOlmtKHtBPLS3yjrCFO1HXc2r4wAsJE0FDQ%3D&sid=e11707d5-02a7-43ef-b45e-2cf4d2036f7d&ts=1779238720"
1 < Server: cloudflare
1 < vary: Origin, Accept-Encoding
1 < via: 2.0 heroku-router
1 < x-content-type-options: nosniff
1 < x-powered-by: Express
1 < x-ratelimit-limit: 1000
1 < x-ratelimit-remaining: 999
1 < x-ratelimit-reset: 1779238736
1 < Age: 543
1 < cf-cache-status: HIT
1 < Server-Timing: cfCacheStatus;desc="HIT"
1 < Server-Timing: cfEdge;dur=5,cfOrigin;dur=0
1 < CF-RAY: a01383be488e18a0-MRS
1 < alt-svc: h3=":443"; ma=86400
[
  {
    "userId": 1,
    "id": 1,
    "title": "sunt aut facere repellat provident occaecati excepturi optio reprehenderit",
    "body": "quia et suscipit\nsuscipit recusandae consequuntur expedita et cum\nreprehenderit molestiae ut ut quas totam\nnostrum rerum est autem sunt rem eveniet architecto"
  },
  {
    "userId": 1,
    "id": 2,
    "title": "qui est esse",
    "body": "est rerum tempore vitae\nsequi sint nihil reprehenderit dolor beatae ea dolores neque\nfugiat blanditiis voluptate porro vel nihil molestiae ut reiciendis\nqui aperiam non debitis possimus qui neque nisi nulla"
  },
  {
    "userId": 1,
    "id": 3,
    "title": "ea molestias quasi exercitationem repellat qui ipsa sit aut",
    "body": "et iusto sed quo iure\nvoluptatem occaecati omnis eligendi aut ad\nvoluptatem doloribus vel accusantium quis pariatur\nmolestiae porro eius odio et labore et velit aut"
  },
  {
    "userId": 1,
    "id": 4,
    "title": "eum et est occaecati",
    "body": "ullam et saepe reiciendis voluptatem adipisci\nsit amet autem assumenda provident rerum culpa\nquis hic commodi nesciunt rem tenetur doloremque ipsam iure\nquis sunt voluptatem rerum illo velit"
  },
  {
    "userId": 1,
    "id": 5,
    "title": "nesciunt quas odio",
    "body": "repudiandae veniam quaerat sunt sed\nalias aut fugiat sit autem sed est\nvoluptatem omnis possimus esse voluptatibus quis\nest aut tenetur dolor neque"
  },
  {
    "userId": 1,
    "id": 6,
    "title": "dolorem eum magni eos aperiam quia",
    "body": "ut aspernatur corporis harum nihil quis provident sequi\nmollitia nobis aliquid molestiae\nperspiciatis et ea nemo ab reprehenderit accusantium quas\nvoluptate dolores velit et doloremque molestiae"
  },
  {
    "userId": 1,
    "id": 7,
    "title": "magnam facilis autem",
    "body": "dolore placeat quibusdam ea quo vitae\nmagni quis enim qui quis quo nemo aut saepe\nquidem repellat excepturi ut quia\nsunt ut sequi eos ea sed quas"
  },
  {
    "userId": 1,
    "id": 8,
    "title": "dolorem dolore est ipsam",
    "body": "dignissimos aperiam dolorem qui eum\nfacilis quibusdam animi sint suscipit qui sint possimus cum\nquaerat magni maiores excepturi\nipsam ut commodi dolor voluptatum modi aut vitae"
  },
  {
    "userId": 1,
    "id": 9,
    "title": "nesciunt iure omnis dolorem tempora et accusantium",
    "body": "consectetur animi nesciunt iure dolore\nenim quia ad\nveniam autem ut quam aut nobis\net est aut quod aut provident voluptas autem voluptas"
  },
  {
    "userId": 1,
    "id": 10,
    "title": "optio molestias id quia eum",
    "body": "quo et expedita modi cum officia vel magni\ndoloribus qui repudiandae\nvero nisi sit\nquos veniam quod sed accusamus veritatis error"
  },
  {
    "userId": 2,
    "id": 11,
    "title": "et ea vero quia laudantium autem",
    "body": "delectus reiciendis molestiae occaecati non minima eveniet qui voluptatibus\naccusamus in eum beatae sit\nvel qui neque voluptates ut commodi qui incidunt\nut animi commodi"
  },
  {
    "userId": 2,
    "id": 12,
    "title": "in quibusdam tempore odit est dolorem",
    "body": "itaque id aut magnam\npraesentium quia et ea odit et ea voluptas et\nsapiente quia nihil amet occaecati quia id voluptatem\nincidunt ea est distinctio odio"
  },
  {
    "userId": 2,
    "id": 13,
    "title": "dolorum ut in voluptas mollitia et saepe quo animi",
    "body": "aut dicta possimus sint mollitia voluptas commodi quo doloremque\niste corrupti reiciendis voluptatem eius rerum\nsit cumque quod eligendi laborum minima\nperferendis recusandae assumenda consectetur porro architecto ipsum ipsam"
  },
  {
    "userId": 2,
    "id": 14,
    "title": "voluptatem eligendi optio",
    "body": "fuga et accusamus dolorum perferendis illo voluptas\nnon doloremque neque facere\nad qui dolorum molestiae beatae\nsed aut voluptas totam sit illum"
  },
  {
    "userId": 2,
    "id": 15,
    "title": "eveniet quod temporibus",
    "body": "reprehenderit quos placeat\nvelit minima officia dolores impedit repudiandae molestiae nam\nvoluptas recusandae quis delectus\nofficiis harum fugiat vitae"
  },
  {
    "userId": 2,
    "id": 16,
    "title": "sint suscipit perspiciatis velit dolorum rerum ipsa laboriosam odio",
    "body": "suscipit nam nisi quo aperiam aut\nasperiores eos fugit maiores voluptatibus quia\nvoluptatem quis ullam qui in alias quia est\nconsequatur magni mollitia accusamus ea nisi voluptate dicta"
  },
  {
    "userId": 2,
    "id": 17,
    "title": "fugit voluptas sed molestias voluptatem provident",
    "body": "eos voluptas et aut odit natus earum\naspernatur fuga molestiae ullam\ndeserunt ratione qui eos\nqui nihil ratione nemo velit ut aut id quo"
  },
  {
    "userId": 2,
    "id": 18,
    "title": "voluptate et itaque vero tempora molestiae",
    "body": "eveniet quo quis\nlaborum totam consequatur non dolor\nut et est repudiandae\nest voluptatem vel debitis et magnam"
  },
  {
    "userId": 2,
    "id": 19,
    "title": "adipisci placeat illum aut reiciendis qui",
    "body": "illum quis cupiditate provident sit magnam\nea sed aut omnis\nveniam maiores ullam consequatur atque\nadipisci quo iste expedita sit quos voluptas"
  },
  {
    "userId": 2,
    "id": 20,
    "title": "doloribus ad provident suscipit at",
    "body": "qui consequuntur ducimus possimus quisquam amet similique\nsuscipit porro ipsam amet\neos veritatis officiis exercitationem vel fugit aut necessitatibus totam\nomnis rerum consequatur expedita quidem cumque explicabo"
  },
  {
    "userId": 3,
    "id": 21,
    "title": "asperiores ea ipsam voluptatibus modi minima quia sint",
    "body": "repellat aliquid praesentium dolorem quo\nsed totam minus non itaque\nnihil labore molestiae sunt dolor eveniet hic recusandae veniam\ntempora et tenetur expedita sunt"
  },
  {
    "userId": 3,
    "id": 22,
    "title": "dolor sint quo a velit explicabo quia nam",
    "body": "eos qui et ipsum ipsam suscipit aut\nsed omnis non odio\nexpedita earum mollitia molestiae aut atque rem suscipit\nnam impedit esse"
  },
  {
    "userId": 3,
    "id": 23,
    "title": "maxime id vitae nihil numquam",
    "body": "veritatis unde neque eligendi\nquae quod architecto quo neque vitae\nest illo sit tempora doloremque fugit quod\net et vel beatae sequi ullam sed tenetur perspiciatis"
  },
  {
    "userId": 3,
    "id": 24,
    "title": "autem hic labore sunt dolores incidunt",
    "body": "enim et ex nulla\nomnis voluptas quia qui\nvoluptatem consequatur numquam aliquam sunt\ntotam recusandae id dignissimos aut sed asperiores deserunt"
  },
  {
    "userId": 3,
    "id": 25,
    "title": "rem alias distinctio quo quis",
    "body": "ullam consequatur ut\nomnis quis sit vel consequuntur\nipsa eligendi ipsum molestiae et omnis error nostrum\nmolestiae illo tempore quia et distinctio"
  },
  {
    "userId": 3,
    "id": 26,
    "title": "est et quae odit qui non",
    "body": "similique esse doloribus nihil accusamus\nomnis dolorem fuga consequuntur reprehenderit fugit recusandae temporibus\nperspiciatis cum ut laudantium\nomnis aut molestiae vel vero"
  },
  {
    "userId": 3,
    "id": 27,
    "title": "quasi id et eos tenetur aut quo autem",
    "body": "eum sed dolores ipsam sint possimus debitis occaecati\ndebitis qui qui et\nut placeat enim earum aut odit facilis\nconsequatur suscipit necessitatibus rerum sed inventore temporibus consequatur"
  },
  {
    "userId": 3,
    "id": 28,
    "title": "delectus ullam et corporis nulla voluptas sequi",
    "body": "non et quaerat ex quae ad maiores\nmaiores recusandae totam aut blanditiis mollitia quas illo\nut voluptatibus voluptatem\nsimilique nostrum eum"
  },
  {
    "userId": 3,
    "id": 29,
    "title": "iusto eius quod necessitatibus culpa ea",
    "body": "odit magnam ut saepe sed non qui\ntempora atque nihil\naccusamus illum doloribus illo dolor\neligendi repudiandae odit magni similique sed cum maiores"
  },
  {
    "userId": 3,
    "id": 30,
    "title": "a quo magni similique perferendis",
    "body": "alias dolor cumque\nimpedit blanditiis non eveniet odio maxime\nblanditiis amet eius quis tempora quia autem rem\na provident perspiciatis quia"
  },
  {
    "userId": 4,
    "id": 31,
    "title": "ullam ut quidem id aut vel consequuntur",
    "body": "debitis eius sed quibusdam non quis consectetur vitae\nimpedit ut qui consequatur sed aut in\nquidem sit nostrum et maiores adipisci atque\nquaerat voluptatem adipisci repudiandae"
  },
  {
    "userId": 4,
    "id": 32,
    "title": "doloremque illum aliquid sunt",
    "body": "deserunt eos nobis asperiores et hic\nest debitis repellat molestiae optio\nnihil ratione ut eos beatae quibusdam distinctio maiores\nearum voluptates et aut adipisci ea maiores voluptas maxime"
  },
  {
    "userId": 4,
    "id": 33,
    "title": "qui explicabo molestiae dolorem",
    "body": "rerum ut et numquam laborum odit est sit\nid qui sint in\nquasi tenetur tempore aperiam et quaerat qui in\nrerum officiis sequi cumque quod"
  },
  {
    "userId": 4,
    "id": 34,
    "title": "magnam ut rerum iure",
    "body": "ea velit perferendis earum ut voluptatem voluptate itaque iusto\ntotam pariatur in\nnemo voluptatem voluptatem autem magni tempora minima in\nest distinctio qui assumenda accusamus dignissimos officia nesciunt nobis"
  },
  {
    "userId": 4,
    "id": 35,
    "title": "id nihil consequatur molestias animi provident",
    "body": "nisi error delectus possimus ut eligendi vitae\nplaceat eos harum cupiditate facilis reprehenderit voluptatem beatae\nmodi ducimus quo illum voluptas eligendi\net nobis quia fugit"
  },
  {
    "userId": 4,
    "id": 36,
    "title": "fuga nam accusamus voluptas reiciendis itaque",
    "body": "ad mollitia et omnis minus architecto odit\nvoluptas doloremque maxime aut non ipsa qui alias veniam\nblanditiis culpa aut quia nihil cumque facere et occaecati\nqui aspernatur quia eaque ut aperiam inventore"
  },
  {
    "userId": 4,
    "id": 37,
    "title": "provident vel ut sit ratione est",
    "body": "debitis et eaque non officia sed nesciunt pariatur vel\nvoluptatem iste vero et ea\nnumquam aut expedita ipsum nulla in\nvoluptates omnis consequatur aut enim officiis in quam qui"
  },
  {
    "userId": 4,
    "id": 38,
    "title": "explicabo et eos deleniti nostrum ab id repellendus",
    "body": "animi esse sit aut sit nesciunt assumenda eum voluptas\nquia voluptatibus provident quia necessitatibus ea\nrerum repudiandae quia voluptatem delectus fugit aut id quia\nratione optio eos iusto veniam iure"
  },
  {
    "userId": 4,
    "id": 39,
    "title": "eos dolorem iste accusantium est eaque quam",
    "body": "corporis rerum ducimus vel eum accusantium\nmaxime aspernatur a porro possimus iste omnis\nest in deleniti asperiores fuga aut\nvoluptas sapiente vel dolore minus voluptatem incidunt ex"
  },
  {
    "userId": 4,
    "id": 40,
    "title": "enim quo cumque",
    "body": "ut voluptatum aliquid illo tenetur nemo sequi quo facilis\nipsum rem optio mollitia quas\nvoluptatem eum voluptas qui\nunde omnis voluptatem iure quasi maxime voluptas nam"
  },
  {
    "userId": 5,
    "id": 41,
    "title": "non est facere",
    "body": "molestias id nostrum\nexcepturi molestiae dolore omnis repellendus quaerat saepe\nconsectetur iste quaerat tenetur asperiores accusamus ex ut\nnam quidem est ducimus sunt debitis saepe"
  },
  {
    "userId": 5,
    "id": 42,
    "title": "commodi ullam sint et excepturi error explicabo praesentium voluptas",
    "body": "odio fugit voluptatum ducimus earum autem est incidunt voluptatem\nodit reiciendis aliquam sunt sequi nulla dolorem\nnon facere repellendus voluptates quia\nratione harum vitae ut"
  },
  {
    "userId": 5,
    "id": 43,
    "title": "eligendi iste nostrum consequuntur adipisci praesentium sit beatae perferendis",
    "body": "similique fugit est\nillum et dolorum harum et voluptate eaque quidem\nexercitationem quos nam commodi possimus cum odio nihil nulla\ndolorum exercitationem magnam ex et a et distinctio debitis"
  },
  {
    "userId": 5,
    "id": 44,
    "title": "optio dolor molestias sit",
    "body": "temporibus est consectetur dolore\net libero debitis vel velit laboriosam quia\nipsum quibusdam qui itaque fuga rem aut\nea et iure quam sed maxime ut distinctio quae"
  },
  {
    "userId": 5,
    "id": 45,
    "title": "ut numquam possimus omnis eius suscipit laudantium iure",
    "body": "est natus reiciendis nihil possimus aut provident\nex et dolor\nrepellat pariatur est\nnobis rerum repellendus dolorem autem"
  },
  {
    "userId": 5,
    "id": 46,
    "title": "aut quo modi neque nostrum ducimus",
    "body": "voluptatem quisquam iste\nvoluptatibus natus officiis facilis dolorem\nquis quas ipsam\nvel et voluptatum in aliquid"
  },
  {
    "userId": 5,
    "id": 47,
    "title": "quibusdam cumque rem aut deserunt",
    "body": "voluptatem assumenda ut qui ut cupiditate aut impedit veniam\noccaecati nemo illum voluptatem laudantium\nmolestiae beatae rerum ea iure soluta nostrum\neligendi et voluptate"
  },
  {
    "userId": 5,
    "id": 48,
    "title": "ut voluptatem illum ea doloribus itaque eos",
    "body": "voluptates quo voluptatem facilis iure occaecati\nvel assumenda rerum officia et\nillum perspiciatis ab deleniti\nlaudantium repellat ad ut et autem reprehenderit"
  },
  {
    "userId": 5,
    "id": 49,
    "title": "laborum non sunt aut ut assumenda perspiciatis voluptas",
    "body": "inventore ab sint\nnatus fugit id nulla sequi architecto nihil quaerat\neos tenetur in in eum veritatis non\nquibusdam officiis aspernatur cumque aut commodi aut"
  },
  {
    "userId": 5,
    "id": 50,
    "title": "repellendus qui recusandae incidunt voluptates tenetur qui omnis exercitationem",
    "body": "error suscipit maxime adipisci consequuntur recusandae\nvoluptas eligendi et est et voluptates\nquia distinctio ab amet quaerat molestiae et vitae\nadipisci impedit sequi nesciunt quis consectetur"
  },
  {
    "userId": 6,
    "id": 51,
    "title": "soluta aliquam aperiam consequatur illo quis voluptas",
    "body": "sunt dolores aut doloribus\ndolore doloribus voluptates tempora et\ndoloremque et quo\ncum asperiores sit consectetur dolorem"
  },
  {
    "userId": 6,
    "id": 52,
    "title": "qui enim et consequuntur quia animi quis voluptate quibusdam",
    "body": "iusto est quibusdam fuga quas quaerat molestias\na enim ut sit accusamus enim\ntemporibus iusto accusantium provident architecto\nsoluta esse reprehenderit qui laborum"
  },
  {
    "userId": 6,
    "id": 53,
    "title": "ut quo aut ducimus alias",
    "body": "minima harum praesentium eum rerum illo dolore\nquasi exercitationem rerum nam\nporro quis neque quo\nconsequatur minus dolor quidem veritatis sunt non explicabo similique"
  },
  {
    "userId": 6,
    "id": 54,
    "title": "sit asperiores ipsam eveniet odio non quia",
    "body": "totam corporis dignissimos\nvitae dolorem ut occaecati accusamus\nex velit deserunt\net exercitationem vero incidunt corrupti mollitia"
  },
  {
    "userId": 6,
    "id": 55,
    "title": "sit vel voluptatem et non libero",
    "body": "debitis excepturi ea perferendis harum libero optio\neos accusamus cum fuga ut sapiente repudiandae\net ut incidunt omnis molestiae\nnihil ut eum odit"
  },
  {
    "userId": 6,
    "id": 56,
    "title": "qui et at rerum necessitatibus",
    "body": "aut est omnis dolores\nneque rerum quod ea rerum velit pariatur beatae excepturi\net provident voluptas corrupti\ncorporis harum reprehenderit dolores eligendi"
  },
  {
    "userId": 6,
    "id": 57,
    "title": "sed ab est est",
    "body": "at pariatur consequuntur earum quidem\nquo est laudantium soluta voluptatem\nqui ullam et est\net cum voluptas voluptatum repellat est"
  },
  {
    "userId": 6,
    "id": 58,
    "title": "voluptatum itaque dolores nisi et quasi",
    "body": "veniam voluptatum quae adipisci id\net id quia eos ad et dolorem\naliquam quo nisi sunt eos impedit error\nad similique veniam"
  },
  {
    "userId": 6,
    "id": 59,
    "title": "qui commodi dolor at maiores et quis id accusantium",
    "body": "perspiciatis et quam ea autem temporibus non voluptatibus qui\nbeatae a earum officia nesciunt dolores suscipit voluptas et\nanimi doloribus cum rerum quas et magni\net hic ut ut commodi expedita sunt"
  },
  {
    "userId": 6,
    "id": 60,
    "title": "consequatur placeat omnis quisquam quia reprehenderit fugit veritatis facere",
    "body": "asperiores sunt ab assumenda cumque modi velit\nqui esse omnis\nvoluptate et fuga perferendis voluptas\nillo ratione amet aut et omnis"
  },
  {
    "userId": 7,
    "id": 61,
    "title": "voluptatem doloribus consectetur est ut ducimus",
    "body": "ab nemo optio odio\ndelectus tenetur corporis similique nobis repellendus rerum omnis facilis\nvero blanditiis debitis in nesciunt doloribus dicta dolores\nmagnam minus velit"
  },
  {
    "userId": 7,
    "id": 62,
    "title": "beatae enim quia vel",
    "body": "enim aspernatur illo distinctio quae praesentium\nbeatae alias amet delectus qui voluptate distinctio\nodit sint accusantium autem omnis\nquo molestiae omnis ea eveniet optio"
  },
  {
    "userId": 7,
    "id": 63,
    "title": "voluptas blanditiis repellendus animi ducimus error sapiente et suscipit",
    "body": "enim adipisci aspernatur nemo\nnumquam omnis facere dolorem dolor ex quis temporibus incidunt\nab delectus culpa quo reprehenderit blanditiis asperiores\naccusantium ut quam in voluptatibus voluptas ipsam dicta"
  },
  {
    "userId": 7,
    "id": 64,
    "title": "et fugit quas eum in in aperiam quod",
    "body": "id velit blanditiis\neum ea voluptatem\nmolestiae sint occaecati est eos perspiciatis\nincidunt a error provident eaque aut aut qui"
  },
  {
    "userId": 7,
    "id": 65,
    "title": "consequatur id enim sunt et et",
    "body": "voluptatibus ex esse\nsint explicabo est aliquid cumque adipisci fuga repellat labore\nmolestiae corrupti ex saepe at asperiores et perferendis\nnatus id esse incidunt pariatur"
  },
  {
    "userId": 7,
    "id": 66,
    "title": "repudiandae ea animi iusto",
    "body": "officia veritatis tenetur vero qui itaque\nsint non ratione\nsed et ut asperiores iusto eos molestiae nostrum\nveritatis quibusdam et nemo iusto saepe"
  },
  {
    "userId": 7,
    "id": 67,
    "title": "aliquid eos sed fuga est maxime repellendus",
    "body": "reprehenderit id nostrum\nvoluptas doloremque pariatur sint et accusantium quia quod aspernatur\net fugiat amet\nnon sapiente et consequatur necessitatibus molestiae"
  },
  {
    "userId": 7,
    "id": 68,
    "title": "odio quis facere architecto reiciendis optio",
    "body": "magnam molestiae perferendis quisquam\nqui cum reiciendis\nquaerat animi amet hic inventore\nea quia deleniti quidem saepe porro velit"
  },
  {
    "userId": 7,
    "id": 69,
    "title": "fugiat quod pariatur odit minima",
    "body": "officiis error culpa consequatur modi asperiores et\ndolorum assumenda voluptas et vel qui aut vel rerum\nvoluptatum quisquam perspiciatis quia rerum consequatur totam quas\nsequi commodi repudiandae asperiores et saepe a"
  },
  {
    "userId": 7,
    "id": 70,
    "title": "voluptatem laborum magni",
    "body": "sunt repellendus quae\nest asperiores aut deleniti esse accusamus repellendus quia aut\nquia dolorem unde\neum tempora esse dolore"
  },
  {
    "userId": 8,
    "id": 71,
    "title": "et iusto veniam et illum aut fuga",
    "body": "occaecati a doloribus\niste saepe consectetur placeat eum voluptate dolorem et\nqui quo quia voluptas\nrerum ut id enim velit est perferendis"
  },
  {
    "userId": 8,
    "id": 72,
    "title": "sint hic doloribus consequatur eos non id",
    "body": "quam occaecati qui deleniti consectetur\nconsequatur aut facere quas exercitationem aliquam hic voluptas\nneque id sunt ut aut accusamus\nsunt consectetur expedita inventore velit"
  },
  {
    "userId": 8,
    "id": 73,
    "title": "consequuntur deleniti eos quia temporibus ab aliquid at",
    "body": "voluptatem cumque tenetur consequatur expedita ipsum nemo quia explicabo\naut eum minima consequatur\ntempore cumque quae est et\net in consequuntur voluptatem voluptates aut"
  },
  {
    "userId": 8,
    "id": 74,
    "title": "enim unde ratione doloribus quas enim ut sit sapiente",
    "body": "odit qui et et necessitatibus sint veniam\nmollitia amet doloremque molestiae commodi similique magnam et quam\nblanditiis est itaque\nquo et tenetur ratione occaecati molestiae tempora"
  },
  {
    "userId": 8,
    "id": 75,
    "title": "dignissimos eum dolor ut enim et delectus in",
    "body": "commodi non non omnis et voluptas sit\nautem aut nobis magnam et sapiente voluptatem\net laborum repellat qui delectus facilis temporibus\nrerum amet et nemo voluptate expedita adipisci error dolorem"
  },
  {
    "userId": 8,
    "id": 76,
    "title": "doloremque officiis ad et non perferendis",
    "body": "ut animi facere\ntotam iusto tempore\nmolestiae eum aut et dolorem aperiam\nquaerat recusandae totam odio"
  },
  {
    "userId": 8,
    "id": 77,
    "title": "necessitatibus quasi exercitationem odio",
    "body": "modi ut in nulla repudiandae dolorum nostrum eos\naut consequatur omnis\nut incidunt est omnis iste et quam\nvoluptates sapiente aliquam asperiores nobis amet corrupti repudiandae provident"
  },
  {
    "userId": 8,
    "id": 78,
    "title": "quam voluptatibus rerum veritatis",
    "body": "nobis facilis odit tempore cupiditate quia\nassumenda doloribus rerum qui ea\nillum et qui totam\naut veniam repellendus"
  },
  {
    "userId": 8,
    "id": 79,
    "title": "pariatur consequatur quia magnam autem omnis non amet",
    "body": "libero accusantium et et facere incidunt sit dolorem\nnon excepturi qui quia sed laudantium\nquisquam molestiae ducimus est\nofficiis esse molestiae iste et quos"
  },
  {
    "userId": 8,
    "id": 80,
    "title": "labore in ex et explicabo corporis aut quas",
    "body": "ex quod dolorem ea eum iure qui provident amet\nquia qui facere excepturi et repudiandae\nasperiores molestias provident\nminus incidunt vero fugit rerum sint sunt excepturi provident"
  },
  {
    "userId": 9,
    "id": 81,
    "title": "tempora rem veritatis voluptas quo dolores vero",
    "body": "facere qui nesciunt est voluptatum voluptatem nisi\nsequi eligendi necessitatibus ea at rerum itaque\nharum non ratione velit laboriosam quis consequuntur\nex officiis minima doloremque voluptas ut aut"
  },
  {
    "userId": 9,
    "id": 82,
    "title": "laudantium voluptate suscipit sunt enim enim",
    "body": "ut libero sit aut totam inventore sunt\nporro sint qui sunt molestiae\nconsequatur cupiditate qui iste ducimus adipisci\ndolor enim assumenda soluta laboriosam amet iste delectus hic"
  },
  {
    "userId": 9,
    "id": 83,
    "title": "odit et voluptates doloribus alias odio et",
    "body": "est molestiae facilis quis tempora numquam nihil qui\nvoluptate sapiente consequatur est qui\nnecessitatibus autem aut ipsa aperiam modi dolore numquam\nreprehenderit eius rem quibusdam"
  },
  {
    "userId": 9,
    "id": 84,
    "title": "optio ipsam molestias necessitatibus occaecati facilis veritatis dolores aut",
    "body": "sint molestiae magni a et quos\neaque et quasi\nut rerum debitis similique veniam\nrecusandae dignissimos dolor incidunt consequatur odio"
  },
  {
    "userId": 9,
    "id": 85,
    "title": "dolore veritatis porro provident adipisci blanditiis et sunt",
    "body": "similique sed nisi voluptas iusto omnis\nmollitia et quo\nassumenda suscipit officia magnam sint sed tempora\nenim provident pariatur praesentium atque animi amet ratione"
  },
  {
    "userId": 9,
    "id": 86,
    "title": "placeat quia et porro iste",
    "body": "quasi excepturi consequatur iste autem temporibus sed molestiae beatae\net quaerat et esse ut\nvoluptatem occaecati et vel explicabo autem\nasperiores pariatur deserunt optio"
  },
  {
    "userId": 9,
    "id": 87,
    "title": "nostrum quis quasi placeat",
    "body": "eos et molestiae\nnesciunt ut a\ndolores perspiciatis repellendus repellat aliquid\nmagnam sint rem ipsum est"
  },
  {
    "userId": 9,
    "id": 88,
    "title": "sapiente omnis fugit eos",
    "body": "consequatur omnis est praesentium\nducimus non iste\nneque hic deserunt\nvoluptatibus veniam cum et rerum sed"
  },
  {
    "userId": 9,
    "id": 89,
    "title": "sint soluta et vel magnam aut ut sed qui",
    "body": "repellat aut aperiam totam temporibus autem et\narchitecto magnam ut\nconsequatur qui cupiditate rerum quia soluta dignissimos nihil iure\ntempore quas est"
  },
  {
    "userId": 9,
    "id": 90,
    "title": "ad iusto omnis odit dolor voluptatibus",
    "body": "minus omnis soluta quia\nqui sed adipisci voluptates illum ipsam voluptatem\neligendi officia ut in\neos soluta similique molestias praesentium blanditiis"
  },
  {
    "userId": 10,
    "id": 91,
    "title": "aut amet sed",
    "body": "libero voluptate eveniet aperiam sed\nsunt placeat suscipit molestias\nsimilique fugit nam natus\nexpedita consequatur consequatur dolores quia eos et placeat"
  },
  {
    "userId": 10,
    "id": 92,
    "title": "ratione ex tenetur perferendis",
    "body": "aut et excepturi dicta laudantium sint rerum nihil\nlaudantium et at\na neque minima officia et similique libero et\ncommodi voluptate qui"
  },
  {
    "userId": 10,
    "id": 93,
    "title": "beatae soluta recusandae",
    "body": "dolorem quibusdam ducimus consequuntur dicta aut quo laboriosam\nvoluptatem quis enim recusandae ut sed sunt\nnostrum est odit totam\nsit error sed sunt eveniet provident qui nulla"
  },
  {
    "userId": 10,
    "id": 94,
    "title": "qui qui voluptates illo iste minima",
    "body": "aspernatur expedita soluta quo ab ut similique\nexpedita dolores amet\nsed temporibus distinctio magnam saepe deleniti\nomnis facilis nam ipsum natus sint similique omnis"
  },
  {
    "userId": 10,
    "id": 95,
    "title": "id minus libero illum nam ad officiis",
    "body": "earum voluptatem facere provident blanditiis velit laboriosam\npariatur accusamus odio saepe\ncumque dolor qui a dicta ab doloribus consequatur omnis\ncorporis cupiditate eaque assumenda ad nesciunt"
  },
  {
    "userId": 10,
    "id": 96,
    "title": "quaerat velit veniam amet cupiditate aut numquam ut sequi",
    "body": "in non odio excepturi sint eum\nlabore voluptates vitae quia qui et\ninventore itaque rerum\nveniam non exercitationem delectus aut"
  },
  {
    "userId": 10,
    "id": 97,
    "title": "quas fugiat ut perspiciatis vero provident",
    "body": "eum non blanditiis soluta porro quibusdam voluptas\nvel voluptatem qui placeat dolores qui velit aut\nvel inventore aut cumque culpa explicabo aliquid at\nperspiciatis est et voluptatem dignissimos dolor itaque sit nam"
  },
  {
    "userId": 10,
    "id": 98,
    "title": "laboriosam dolor voluptates",
    "body": "doloremque ex facilis sit sint culpa\nsoluta assumenda eligendi non ut eius\nsequi ducimus vel quasi\nveritatis est dolores"
  },
  {
    "userId": 10,
    "id": 99,
    "title": "temporibus sit alias delectus eligendi possimus magni",
    "body": "quo deleniti praesentium dicta non quod\naut est molestias\nmolestias et officia quis nihil\nitaque dolorem quia"
  },
  {
    "userId": 10,
    "id": 100,
    "title": "at nam consequatur ea labore ea harum",
    "body": "cupiditate quo est a modi nesciunt soluta\nipsa voluptas error itaque dicta in\nautem qui minus magnam et distinctio eum\naccusamus ratione error aut"
  }
]

14:59:15.332 [main] ERROR com.intuit.karate - classpath:examples/features/assignment/assignment5.feature:37
* def userIdArray =createArray(posts)
no step-definition method match found for: def userIdArray =createArray(posts)
classpath:examples/features/assignment/assignment5.feature:37
14:59:16.187 [main] INFO  com.intuit.karate.Suite - <<fail>> feature 1 of 1 (0 remaining) classpath:examples/features/assignment/assignment5.feature
15:01:58.019 [main] INFO  com.intuit.karate.Runner - using system property 'karate.options': classpath:examples/features/assignment/assignment5.feature
15:01:58.740 [main] DEBUG com.intuit.karate.Suite - [config] classpath:karate-config.js
15:01:58.745 [main] INFO  com.intuit.karate.Suite - backed up existing 'target\karate-reports' dir to: target\karate-reports_1779701518743
15:02:00.003 [main] INFO  com.intuit.karate - karate.env system property was: null 
15:02:00.066 [main] INFO  com.intuit.karate - Loaded API Key: free_user_3DvGOP3388gqq71IAt6bHhQ6DDZ 
15:02:00.507 [main] DEBUG com.intuit.karate - request:
1 > GET https://jsonplaceholder.typicode.com/posts
1 > Host: jsonplaceholder.typicode.com
1 > Connection: Keep-Alive
1 > User-Agent: Apache-HttpClient/4.5.14 (Java/17.0.9)
1 > Accept-Encoding: gzip,deflate


15:02:01.474 [main] DEBUG com.intuit.karate - response time in milliseconds: 958
1 < 200
1 < Date: Mon, 25 May 2026 09:32:01 GMT
1 < Content-Type: application/json; charset=utf-8
1 < Transfer-Encoding: chunked
1 < Connection: keep-alive
1 < access-control-allow-credentials: true
1 < Cache-Control: max-age=43200
1 < etag: W/"6b80-Ybsq/K6GwwqrYkAsFxqDXGC7DoM"
1 < expires: -1
1 < nel: {"report_to":"heroku-nel","response_headers":["Via"],"max_age":3600,"success_fraction":0.01,"failure_fraction":0.1}
1 < pragma: no-cache
1 < report-to: {"group":"heroku-nel","endpoints":[{"url":"https://nel.heroku.com/reports?s=1TJK7LY9IOlmtKHtBPLS3yjrCFO1HXc2r4wAsJE0FDQ%3D\u0026sid=e11707d5-02a7-43ef-b45e-2cf4d2036f7d\u0026ts=1779238720"}],"max_age":3600}
1 < reporting-endpoints: heroku-nel="https://nel.heroku.com/reports?s=1TJK7LY9IOlmtKHtBPLS3yjrCFO1HXc2r4wAsJE0FDQ%3D&sid=e11707d5-02a7-43ef-b45e-2cf4d2036f7d&ts=1779238720"
1 < Server: cloudflare
1 < vary: Origin, Accept-Encoding
1 < via: 2.0 heroku-router
1 < x-content-type-options: nosniff
1 < x-powered-by: Express
1 < x-ratelimit-limit: 1000
1 < x-ratelimit-remaining: 999
1 < x-ratelimit-reset: 1779238736
1 < Age: 709
1 < cf-cache-status: HIT
1 < Server-Timing: cfCacheStatus;desc="HIT"
1 < Server-Timing: cfEdge;dur=3,cfOrigin;dur=0
1 < CF-RAY: a01387cccc251d81-MRS
1 < alt-svc: h3=":443"; ma=86400
[
  {
    "userId": 1,
    "id": 1,
    "title": "sunt aut facere repellat provident occaecati excepturi optio reprehenderit",
    "body": "quia et suscipit\nsuscipit recusandae consequuntur expedita et cum\nreprehenderit molestiae ut ut quas totam\nnostrum rerum est autem sunt rem eveniet architecto"
  },
  {
    "userId": 1,
    "id": 2,
    "title": "qui est esse",
    "body": "est rerum tempore vitae\nsequi sint nihil reprehenderit dolor beatae ea dolores neque\nfugiat blanditiis voluptate porro vel nihil molestiae ut reiciendis\nqui aperiam non debitis possimus qui neque nisi nulla"
  },
  {
    "userId": 1,
    "id": 3,
    "title": "ea molestias quasi exercitationem repellat qui ipsa sit aut",
    "body": "et iusto sed quo iure\nvoluptatem occaecati omnis eligendi aut ad\nvoluptatem doloribus vel accusantium quis pariatur\nmolestiae porro eius odio et labore et velit aut"
  },
  {
    "userId": 1,
    "id": 4,
    "title": "eum et est occaecati",
    "body": "ullam et saepe reiciendis voluptatem adipisci\nsit amet autem assumenda provident rerum culpa\nquis hic commodi nesciunt rem tenetur doloremque ipsam iure\nquis sunt voluptatem rerum illo velit"
  },
  {
    "userId": 1,
    "id": 5,
    "title": "nesciunt quas odio",
    "body": "repudiandae veniam quaerat sunt sed\nalias aut fugiat sit autem sed est\nvoluptatem omnis possimus esse voluptatibus quis\nest aut tenetur dolor neque"
  },
  {
    "userId": 1,
    "id": 6,
    "title": "dolorem eum magni eos aperiam quia",
    "body": "ut aspernatur corporis harum nihil quis provident sequi\nmollitia nobis aliquid molestiae\nperspiciatis et ea nemo ab reprehenderit accusantium quas\nvoluptate dolores velit et doloremque molestiae"
  },
  {
    "userId": 1,
    "id": 7,
    "title": "magnam facilis autem",
    "body": "dolore placeat quibusdam ea quo vitae\nmagni quis enim qui quis quo nemo aut saepe\nquidem repellat excepturi ut quia\nsunt ut sequi eos ea sed quas"
  },
  {
    "userId": 1,
    "id": 8,
    "title": "dolorem dolore est ipsam",
    "body": "dignissimos aperiam dolorem qui eum\nfacilis quibusdam animi sint suscipit qui sint possimus cum\nquaerat magni maiores excepturi\nipsam ut commodi dolor voluptatum modi aut vitae"
  },
  {
    "userId": 1,
    "id": 9,
    "title": "nesciunt iure omnis dolorem tempora et accusantium",
    "body": "consectetur animi nesciunt iure dolore\nenim quia ad\nveniam autem ut quam aut nobis\net est aut quod aut provident voluptas autem voluptas"
  },
  {
    "userId": 1,
    "id": 10,
    "title": "optio molestias id quia eum",
    "body": "quo et expedita modi cum officia vel magni\ndoloribus qui repudiandae\nvero nisi sit\nquos veniam quod sed accusamus veritatis error"
  },
  {
    "userId": 2,
    "id": 11,
    "title": "et ea vero quia laudantium autem",
    "body": "delectus reiciendis molestiae occaecati non minima eveniet qui voluptatibus\naccusamus in eum beatae sit\nvel qui neque voluptates ut commodi qui incidunt\nut animi commodi"
  },
  {
    "userId": 2,
    "id": 12,
    "title": "in quibusdam tempore odit est dolorem",
    "body": "itaque id aut magnam\npraesentium quia et ea odit et ea voluptas et\nsapiente quia nihil amet occaecati quia id voluptatem\nincidunt ea est distinctio odio"
  },
  {
    "userId": 2,
    "id": 13,
    "title": "dolorum ut in voluptas mollitia et saepe quo animi",
    "body": "aut dicta possimus sint mollitia voluptas commodi quo doloremque\niste corrupti reiciendis voluptatem eius rerum\nsit cumque quod eligendi laborum minima\nperferendis recusandae assumenda consectetur porro architecto ipsum ipsam"
  },
  {
    "userId": 2,
    "id": 14,
    "title": "voluptatem eligendi optio",
    "body": "fuga et accusamus dolorum perferendis illo voluptas\nnon doloremque neque facere\nad qui dolorum molestiae beatae\nsed aut voluptas totam sit illum"
  },
  {
    "userId": 2,
    "id": 15,
    "title": "eveniet quod temporibus",
    "body": "reprehenderit quos placeat\nvelit minima officia dolores impedit repudiandae molestiae nam\nvoluptas recusandae quis delectus\nofficiis harum fugiat vitae"
  },
  {
    "userId": 2,
    "id": 16,
    "title": "sint suscipit perspiciatis velit dolorum rerum ipsa laboriosam odio",
    "body": "suscipit nam nisi quo aperiam aut\nasperiores eos fugit maiores voluptatibus quia\nvoluptatem quis ullam qui in alias quia est\nconsequatur magni mollitia accusamus ea nisi voluptate dicta"
  },
  {
    "userId": 2,
    "id": 17,
    "title": "fugit voluptas sed molestias voluptatem provident",
    "body": "eos voluptas et aut odit natus earum\naspernatur fuga molestiae ullam\ndeserunt ratione qui eos\nqui nihil ratione nemo velit ut aut id quo"
  },
  {
    "userId": 2,
    "id": 18,
    "title": "voluptate et itaque vero tempora molestiae",
    "body": "eveniet quo quis\nlaborum totam consequatur non dolor\nut et est repudiandae\nest voluptatem vel debitis et magnam"
  },
  {
    "userId": 2,
    "id": 19,
    "title": "adipisci placeat illum aut reiciendis qui",
    "body": "illum quis cupiditate provident sit magnam\nea sed aut omnis\nveniam maiores ullam consequatur atque\nadipisci quo iste expedita sit quos voluptas"
  },
  {
    "userId": 2,
    "id": 20,
    "title": "doloribus ad provident suscipit at",
    "body": "qui consequuntur ducimus possimus quisquam amet similique\nsuscipit porro ipsam amet\neos veritatis officiis exercitationem vel fugit aut necessitatibus totam\nomnis rerum consequatur expedita quidem cumque explicabo"
  },
  {
    "userId": 3,
    "id": 21,
    "title": "asperiores ea ipsam voluptatibus modi minima quia sint",
    "body": "repellat aliquid praesentium dolorem quo\nsed totam minus non itaque\nnihil labore molestiae sunt dolor eveniet hic recusandae veniam\ntempora et tenetur expedita sunt"
  },
  {
    "userId": 3,
    "id": 22,
    "title": "dolor sint quo a velit explicabo quia nam",
    "body": "eos qui et ipsum ipsam suscipit aut\nsed omnis non odio\nexpedita earum mollitia molestiae aut atque rem suscipit\nnam impedit esse"
  },
  {
    "userId": 3,
    "id": 23,
    "title": "maxime id vitae nihil numquam",
    "body": "veritatis unde neque eligendi\nquae quod architecto quo neque vitae\nest illo sit tempora doloremque fugit quod\net et vel beatae sequi ullam sed tenetur perspiciatis"
  },
  {
    "userId": 3,
    "id": 24,
    "title": "autem hic labore sunt dolores incidunt",
    "body": "enim et ex nulla\nomnis voluptas quia qui\nvoluptatem consequatur numquam aliquam sunt\ntotam recusandae id dignissimos aut sed asperiores deserunt"
  },
  {
    "userId": 3,
    "id": 25,
    "title": "rem alias distinctio quo quis",
    "body": "ullam consequatur ut\nomnis quis sit vel consequuntur\nipsa eligendi ipsum molestiae et omnis error nostrum\nmolestiae illo tempore quia et distinctio"
  },
  {
    "userId": 3,
    "id": 26,
    "title": "est et quae odit qui non",
    "body": "similique esse doloribus nihil accusamus\nomnis dolorem fuga consequuntur reprehenderit fugit recusandae temporibus\nperspiciatis cum ut laudantium\nomnis aut molestiae vel vero"
  },
  {
    "userId": 3,
    "id": 27,
    "title": "quasi id et eos tenetur aut quo autem",
    "body": "eum sed dolores ipsam sint possimus debitis occaecati\ndebitis qui qui et\nut placeat enim earum aut odit facilis\nconsequatur suscipit necessitatibus rerum sed inventore temporibus consequatur"
  },
  {
    "userId": 3,
    "id": 28,
    "title": "delectus ullam et corporis nulla voluptas sequi",
    "body": "non et quaerat ex quae ad maiores\nmaiores recusandae totam aut blanditiis mollitia quas illo\nut voluptatibus voluptatem\nsimilique nostrum eum"
  },
  {
    "userId": 3,
    "id": 29,
    "title": "iusto eius quod necessitatibus culpa ea",
    "body": "odit magnam ut saepe sed non qui\ntempora atque nihil\naccusamus illum doloribus illo dolor\neligendi repudiandae odit magni similique sed cum maiores"
  },
  {
    "userId": 3,
    "id": 30,
    "title": "a quo magni similique perferendis",
    "body": "alias dolor cumque\nimpedit blanditiis non eveniet odio maxime\nblanditiis amet eius quis tempora quia autem rem\na provident perspiciatis quia"
  },
  {
    "userId": 4,
    "id": 31,
    "title": "ullam ut quidem id aut vel consequuntur",
    "body": "debitis eius sed quibusdam non quis consectetur vitae\nimpedit ut qui consequatur sed aut in\nquidem sit nostrum et maiores adipisci atque\nquaerat voluptatem adipisci repudiandae"
  },
  {
    "userId": 4,
    "id": 32,
    "title": "doloremque illum aliquid sunt",
    "body": "deserunt eos nobis asperiores et hic\nest debitis repellat molestiae optio\nnihil ratione ut eos beatae quibusdam distinctio maiores\nearum voluptates et aut adipisci ea maiores voluptas maxime"
  },
  {
    "userId": 4,
    "id": 33,
    "title": "qui explicabo molestiae dolorem",
    "body": "rerum ut et numquam laborum odit est sit\nid qui sint in\nquasi tenetur tempore aperiam et quaerat qui in\nrerum officiis sequi cumque quod"
  },
  {
    "userId": 4,
    "id": 34,
    "title": "magnam ut rerum iure",
    "body": "ea velit perferendis earum ut voluptatem voluptate itaque iusto\ntotam pariatur in\nnemo voluptatem voluptatem autem magni tempora minima in\nest distinctio qui assumenda accusamus dignissimos officia nesciunt nobis"
  },
  {
    "userId": 4,
    "id": 35,
    "title": "id nihil consequatur molestias animi provident",
    "body": "nisi error delectus possimus ut eligendi vitae\nplaceat eos harum cupiditate facilis reprehenderit voluptatem beatae\nmodi ducimus quo illum voluptas eligendi\net nobis quia fugit"
  },
  {
    "userId": 4,
    "id": 36,
    "title": "fuga nam accusamus voluptas reiciendis itaque",
    "body": "ad mollitia et omnis minus architecto odit\nvoluptas doloremque maxime aut non ipsa qui alias veniam\nblanditiis culpa aut quia nihil cumque facere et occaecati\nqui aspernatur quia eaque ut aperiam inventore"
  },
  {
    "userId": 4,
    "id": 37,
    "title": "provident vel ut sit ratione est",
    "body": "debitis et eaque non officia sed nesciunt pariatur vel\nvoluptatem iste vero et ea\nnumquam aut expedita ipsum nulla in\nvoluptates omnis consequatur aut enim officiis in quam qui"
  },
  {
    "userId": 4,
    "id": 38,
    "title": "explicabo et eos deleniti nostrum ab id repellendus",
    "body": "animi esse sit aut sit nesciunt assumenda eum voluptas\nquia voluptatibus provident quia necessitatibus ea\nrerum repudiandae quia voluptatem delectus fugit aut id quia\nratione optio eos iusto veniam iure"
  },
  {
    "userId": 4,
    "id": 39,
    "title": "eos dolorem iste accusantium est eaque quam",
    "body": "corporis rerum ducimus vel eum accusantium\nmaxime aspernatur a porro possimus iste omnis\nest in deleniti asperiores fuga aut\nvoluptas sapiente vel dolore minus voluptatem incidunt ex"
  },
  {
    "userId": 4,
    "id": 40,
    "title": "enim quo cumque",
    "body": "ut voluptatum aliquid illo tenetur nemo sequi quo facilis\nipsum rem optio mollitia quas\nvoluptatem eum voluptas qui\nunde omnis voluptatem iure quasi maxime voluptas nam"
  },
  {
    "userId": 5,
    "id": 41,
    "title": "non est facere",
    "body": "molestias id nostrum\nexcepturi molestiae dolore omnis repellendus quaerat saepe\nconsectetur iste quaerat tenetur asperiores accusamus ex ut\nnam quidem est ducimus sunt debitis saepe"
  },
  {
    "userId": 5,
    "id": 42,
    "title": "commodi ullam sint et excepturi error explicabo praesentium voluptas",
    "body": "odio fugit voluptatum ducimus earum autem est incidunt voluptatem\nodit reiciendis aliquam sunt sequi nulla dolorem\nnon facere repellendus voluptates quia\nratione harum vitae ut"
  },
  {
    "userId": 5,
    "id": 43,
    "title": "eligendi iste nostrum consequuntur adipisci praesentium sit beatae perferendis",
    "body": "similique fugit est\nillum et dolorum harum et voluptate eaque quidem\nexercitationem quos nam commodi possimus cum odio nihil nulla\ndolorum exercitationem magnam ex et a et distinctio debitis"
  },
  {
    "userId": 5,
    "id": 44,
    "title": "optio dolor molestias sit",
    "body": "temporibus est consectetur dolore\net libero debitis vel velit laboriosam quia\nipsum quibusdam qui itaque fuga rem aut\nea et iure quam sed maxime ut distinctio quae"
  },
  {
    "userId": 5,
    "id": 45,
    "title": "ut numquam possimus omnis eius suscipit laudantium iure",
    "body": "est natus reiciendis nihil possimus aut provident\nex et dolor\nrepellat pariatur est\nnobis rerum repellendus dolorem autem"
  },
  {
    "userId": 5,
    "id": 46,
    "title": "aut quo modi neque nostrum ducimus",
    "body": "voluptatem quisquam iste\nvoluptatibus natus officiis facilis dolorem\nquis quas ipsam\nvel et voluptatum in aliquid"
  },
  {
    "userId": 5,
    "id": 47,
    "title": "quibusdam cumque rem aut deserunt",
    "body": "voluptatem assumenda ut qui ut cupiditate aut impedit veniam\noccaecati nemo illum voluptatem laudantium\nmolestiae beatae rerum ea iure soluta nostrum\neligendi et voluptate"
  },
  {
    "userId": 5,
    "id": 48,
    "title": "ut voluptatem illum ea doloribus itaque eos",
    "body": "voluptates quo voluptatem facilis iure occaecati\nvel assumenda rerum officia et\nillum perspiciatis ab deleniti\nlaudantium repellat ad ut et autem reprehenderit"
  },
  {
    "userId": 5,
    "id": 49,
    "title": "laborum non sunt aut ut assumenda perspiciatis voluptas",
    "body": "inventore ab sint\nnatus fugit id nulla sequi architecto nihil quaerat\neos tenetur in in eum veritatis non\nquibusdam officiis aspernatur cumque aut commodi aut"
  },
  {
    "userId": 5,
    "id": 50,
    "title": "repellendus qui recusandae incidunt voluptates tenetur qui omnis exercitationem",
    "body": "error suscipit maxime adipisci consequuntur recusandae\nvoluptas eligendi et est et voluptates\nquia distinctio ab amet quaerat molestiae et vitae\nadipisci impedit sequi nesciunt quis consectetur"
  },
  {
    "userId": 6,
    "id": 51,
    "title": "soluta aliquam aperiam consequatur illo quis voluptas",
    "body": "sunt dolores aut doloribus\ndolore doloribus voluptates tempora et\ndoloremque et quo\ncum asperiores sit consectetur dolorem"
  },
  {
    "userId": 6,
    "id": 52,
    "title": "qui enim et consequuntur quia animi quis voluptate quibusdam",
    "body": "iusto est quibusdam fuga quas quaerat molestias\na enim ut sit accusamus enim\ntemporibus iusto accusantium provident architecto\nsoluta esse reprehenderit qui laborum"
  },
  {
    "userId": 6,
    "id": 53,
    "title": "ut quo aut ducimus alias",
    "body": "minima harum praesentium eum rerum illo dolore\nquasi exercitationem rerum nam\nporro quis neque quo\nconsequatur minus dolor quidem veritatis sunt non explicabo similique"
  },
  {
    "userId": 6,
    "id": 54,
    "title": "sit asperiores ipsam eveniet odio non quia",
    "body": "totam corporis dignissimos\nvitae dolorem ut occaecati accusamus\nex velit deserunt\net exercitationem vero incidunt corrupti mollitia"
  },
  {
    "userId": 6,
    "id": 55,
    "title": "sit vel voluptatem et non libero",
    "body": "debitis excepturi ea perferendis harum libero optio\neos accusamus cum fuga ut sapiente repudiandae\net ut incidunt omnis molestiae\nnihil ut eum odit"
  },
  {
    "userId": 6,
    "id": 56,
    "title": "qui et at rerum necessitatibus",
    "body": "aut est omnis dolores\nneque rerum quod ea rerum velit pariatur beatae excepturi\net provident voluptas corrupti\ncorporis harum reprehenderit dolores eligendi"
  },
  {
    "userId": 6,
    "id": 57,
    "title": "sed ab est est",
    "body": "at pariatur consequuntur earum quidem\nquo est laudantium soluta voluptatem\nqui ullam et est\net cum voluptas voluptatum repellat est"
  },
  {
    "userId": 6,
    "id": 58,
    "title": "voluptatum itaque dolores nisi et quasi",
    "body": "veniam voluptatum quae adipisci id\net id quia eos ad et dolorem\naliquam quo nisi sunt eos impedit error\nad similique veniam"
  },
  {
    "userId": 6,
    "id": 59,
    "title": "qui commodi dolor at maiores et quis id accusantium",
    "body": "perspiciatis et quam ea autem temporibus non voluptatibus qui\nbeatae a earum officia nesciunt dolores suscipit voluptas et\nanimi doloribus cum rerum quas et magni\net hic ut ut commodi expedita sunt"
  },
  {
    "userId": 6,
    "id": 60,
    "title": "consequatur placeat omnis quisquam quia reprehenderit fugit veritatis facere",
    "body": "asperiores sunt ab assumenda cumque modi velit\nqui esse omnis\nvoluptate et fuga perferendis voluptas\nillo ratione amet aut et omnis"
  },
  {
    "userId": 7,
    "id": 61,
    "title": "voluptatem doloribus consectetur est ut ducimus",
    "body": "ab nemo optio odio\ndelectus tenetur corporis similique nobis repellendus rerum omnis facilis\nvero blanditiis debitis in nesciunt doloribus dicta dolores\nmagnam minus velit"
  },
  {
    "userId": 7,
    "id": 62,
    "title": "beatae enim quia vel",
    "body": "enim aspernatur illo distinctio quae praesentium\nbeatae alias amet delectus qui voluptate distinctio\nodit sint accusantium autem omnis\nquo molestiae omnis ea eveniet optio"
  },
  {
    "userId": 7,
    "id": 63,
    "title": "voluptas blanditiis repellendus animi ducimus error sapiente et suscipit",
    "body": "enim adipisci aspernatur nemo\nnumquam omnis facere dolorem dolor ex quis temporibus incidunt\nab delectus culpa quo reprehenderit blanditiis asperiores\naccusantium ut quam in voluptatibus voluptas ipsam dicta"
  },
  {
    "userId": 7,
    "id": 64,
    "title": "et fugit quas eum in in aperiam quod",
    "body": "id velit blanditiis\neum ea voluptatem\nmolestiae sint occaecati est eos perspiciatis\nincidunt a error provident eaque aut aut qui"
  },
  {
    "userId": 7,
    "id": 65,
    "title": "consequatur id enim sunt et et",
    "body": "voluptatibus ex esse\nsint explicabo est aliquid cumque adipisci fuga repellat labore\nmolestiae corrupti ex saepe at asperiores et perferendis\nnatus id esse incidunt pariatur"
  },
  {
    "userId": 7,
    "id": 66,
    "title": "repudiandae ea animi iusto",
    "body": "officia veritatis tenetur vero qui itaque\nsint non ratione\nsed et ut asperiores iusto eos molestiae nostrum\nveritatis quibusdam et nemo iusto saepe"
  },
  {
    "userId": 7,
    "id": 67,
    "title": "aliquid eos sed fuga est maxime repellendus",
    "body": "reprehenderit id nostrum\nvoluptas doloremque pariatur sint et accusantium quia quod aspernatur\net fugiat amet\nnon sapiente et consequatur necessitatibus molestiae"
  },
  {
    "userId": 7,
    "id": 68,
    "title": "odio quis facere architecto reiciendis optio",
    "body": "magnam molestiae perferendis quisquam\nqui cum reiciendis\nquaerat animi amet hic inventore\nea quia deleniti quidem saepe porro velit"
  },
  {
    "userId": 7,
    "id": 69,
    "title": "fugiat quod pariatur odit minima",
    "body": "officiis error culpa consequatur modi asperiores et\ndolorum assumenda voluptas et vel qui aut vel rerum\nvoluptatum quisquam perspiciatis quia rerum consequatur totam quas\nsequi commodi repudiandae asperiores et saepe a"
  },
  {
    "userId": 7,
    "id": 70,
    "title": "voluptatem laborum magni",
    "body": "sunt repellendus quae\nest asperiores aut deleniti esse accusamus repellendus quia aut\nquia dolorem unde\neum tempora esse dolore"
  },
  {
    "userId": 8,
    "id": 71,
    "title": "et iusto veniam et illum aut fuga",
    "body": "occaecati a doloribus\niste saepe consectetur placeat eum voluptate dolorem et\nqui quo quia voluptas\nrerum ut id enim velit est perferendis"
  },
  {
    "userId": 8,
    "id": 72,
    "title": "sint hic doloribus consequatur eos non id",
    "body": "quam occaecati qui deleniti consectetur\nconsequatur aut facere quas exercitationem aliquam hic voluptas\nneque id sunt ut aut accusamus\nsunt consectetur expedita inventore velit"
  },
  {
    "userId": 8,
    "id": 73,
    "title": "consequuntur deleniti eos quia temporibus ab aliquid at",
    "body": "voluptatem cumque tenetur consequatur expedita ipsum nemo quia explicabo\naut eum minima consequatur\ntempore cumque quae est et\net in consequuntur voluptatem voluptates aut"
  },
  {
    "userId": 8,
    "id": 74,
    "title": "enim unde ratione doloribus quas enim ut sit sapiente",
    "body": "odit qui et et necessitatibus sint veniam\nmollitia amet doloremque molestiae commodi similique magnam et quam\nblanditiis est itaque\nquo et tenetur ratione occaecati molestiae tempora"
  },
  {
    "userId": 8,
    "id": 75,
    "title": "dignissimos eum dolor ut enim et delectus in",
    "body": "commodi non non omnis et voluptas sit\nautem aut nobis magnam et sapiente voluptatem\net laborum repellat qui delectus facilis temporibus\nrerum amet et nemo voluptate expedita adipisci error dolorem"
  },
  {
    "userId": 8,
    "id": 76,
    "title": "doloremque officiis ad et non perferendis",
    "body": "ut animi facere\ntotam iusto tempore\nmolestiae eum aut et dolorem aperiam\nquaerat recusandae totam odio"
  },
  {
    "userId": 8,
    "id": 77,
    "title": "necessitatibus quasi exercitationem odio",
    "body": "modi ut in nulla repudiandae dolorum nostrum eos\naut consequatur omnis\nut incidunt est omnis iste et quam\nvoluptates sapiente aliquam asperiores nobis amet corrupti repudiandae provident"
  },
  {
    "userId": 8,
    "id": 78,
    "title": "quam voluptatibus rerum veritatis",
    "body": "nobis facilis odit tempore cupiditate quia\nassumenda doloribus rerum qui ea\nillum et qui totam\naut veniam repellendus"
  },
  {
    "userId": 8,
    "id": 79,
    "title": "pariatur consequatur quia magnam autem omnis non amet",
    "body": "libero accusantium et et facere incidunt sit dolorem\nnon excepturi qui quia sed laudantium\nquisquam molestiae ducimus est\nofficiis esse molestiae iste et quos"
  },
  {
    "userId": 8,
    "id": 80,
    "title": "labore in ex et explicabo corporis aut quas",
    "body": "ex quod dolorem ea eum iure qui provident amet\nquia qui facere excepturi et repudiandae\nasperiores molestias provident\nminus incidunt vero fugit rerum sint sunt excepturi provident"
  },
  {
    "userId": 9,
    "id": 81,
    "title": "tempora rem veritatis voluptas quo dolores vero",
    "body": "facere qui nesciunt est voluptatum voluptatem nisi\nsequi eligendi necessitatibus ea at rerum itaque\nharum non ratione velit laboriosam quis consequuntur\nex officiis minima doloremque voluptas ut aut"
  },
  {
    "userId": 9,
    "id": 82,
    "title": "laudantium voluptate suscipit sunt enim enim",
    "body": "ut libero sit aut totam inventore sunt\nporro sint qui sunt molestiae\nconsequatur cupiditate qui iste ducimus adipisci\ndolor enim assumenda soluta laboriosam amet iste delectus hic"
  },
  {
    "userId": 9,
    "id": 83,
    "title": "odit et voluptates doloribus alias odio et",
    "body": "est molestiae facilis quis tempora numquam nihil qui\nvoluptate sapiente consequatur est qui\nnecessitatibus autem aut ipsa aperiam modi dolore numquam\nreprehenderit eius rem quibusdam"
  },
  {
    "userId": 9,
    "id": 84,
    "title": "optio ipsam molestias necessitatibus occaecati facilis veritatis dolores aut",
    "body": "sint molestiae magni a et quos\neaque et quasi\nut rerum debitis similique veniam\nrecusandae dignissimos dolor incidunt consequatur odio"
  },
  {
    "userId": 9,
    "id": 85,
    "title": "dolore veritatis porro provident adipisci blanditiis et sunt",
    "body": "similique sed nisi voluptas iusto omnis\nmollitia et quo\nassumenda suscipit officia magnam sint sed tempora\nenim provident pariatur praesentium atque animi amet ratione"
  },
  {
    "userId": 9,
    "id": 86,
    "title": "placeat quia et porro iste",
    "body": "quasi excepturi consequatur iste autem temporibus sed molestiae beatae\net quaerat et esse ut\nvoluptatem occaecati et vel explicabo autem\nasperiores pariatur deserunt optio"
  },
  {
    "userId": 9,
    "id": 87,
    "title": "nostrum quis quasi placeat",
    "body": "eos et molestiae\nnesciunt ut a\ndolores perspiciatis repellendus repellat aliquid\nmagnam sint rem ipsum est"
  },
  {
    "userId": 9,
    "id": 88,
    "title": "sapiente omnis fugit eos",
    "body": "consequatur omnis est praesentium\nducimus non iste\nneque hic deserunt\nvoluptatibus veniam cum et rerum sed"
  },
  {
    "userId": 9,
    "id": 89,
    "title": "sint soluta et vel magnam aut ut sed qui",
    "body": "repellat aut aperiam totam temporibus autem et\narchitecto magnam ut\nconsequatur qui cupiditate rerum quia soluta dignissimos nihil iure\ntempore quas est"
  },
  {
    "userId": 9,
    "id": 90,
    "title": "ad iusto omnis odit dolor voluptatibus",
    "body": "minus omnis soluta quia\nqui sed adipisci voluptates illum ipsam voluptatem\neligendi officia ut in\neos soluta similique molestias praesentium blanditiis"
  },
  {
    "userId": 10,
    "id": 91,
    "title": "aut amet sed",
    "body": "libero voluptate eveniet aperiam sed\nsunt placeat suscipit molestias\nsimilique fugit nam natus\nexpedita consequatur consequatur dolores quia eos et placeat"
  },
  {
    "userId": 10,
    "id": 92,
    "title": "ratione ex tenetur perferendis",
    "body": "aut et excepturi dicta laudantium sint rerum nihil\nlaudantium et at\na neque minima officia et similique libero et\ncommodi voluptate qui"
  },
  {
    "userId": 10,
    "id": 93,
    "title": "beatae soluta recusandae",
    "body": "dolorem quibusdam ducimus consequuntur dicta aut quo laboriosam\nvoluptatem quis enim recusandae ut sed sunt\nnostrum est odit totam\nsit error sed sunt eveniet provident qui nulla"
  },
  {
    "userId": 10,
    "id": 94,
    "title": "qui qui voluptates illo iste minima",
    "body": "aspernatur expedita soluta quo ab ut similique\nexpedita dolores amet\nsed temporibus distinctio magnam saepe deleniti\nomnis facilis nam ipsum natus sint similique omnis"
  },
  {
    "userId": 10,
    "id": 95,
    "title": "id minus libero illum nam ad officiis",
    "body": "earum voluptatem facere provident blanditiis velit laboriosam\npariatur accusamus odio saepe\ncumque dolor qui a dicta ab doloribus consequatur omnis\ncorporis cupiditate eaque assumenda ad nesciunt"
  },
  {
    "userId": 10,
    "id": 96,
    "title": "quaerat velit veniam amet cupiditate aut numquam ut sequi",
    "body": "in non odio excepturi sint eum\nlabore voluptates vitae quia qui et\ninventore itaque rerum\nveniam non exercitationem delectus aut"
  },
  {
    "userId": 10,
    "id": 97,
    "title": "quas fugiat ut perspiciatis vero provident",
    "body": "eum non blanditiis soluta porro quibusdam voluptas\nvel voluptatem qui placeat dolores qui velit aut\nvel inventore aut cumque culpa explicabo aliquid at\nperspiciatis est et voluptatem dignissimos dolor itaque sit nam"
  },
  {
    "userId": 10,
    "id": 98,
    "title": "laboriosam dolor voluptates",
    "body": "doloremque ex facilis sit sint culpa\nsoluta assumenda eligendi non ut eius\nsequi ducimus vel quasi\nveritatis est dolores"
  },
  {
    "userId": 10,
    "id": 99,
    "title": "temporibus sit alias delectus eligendi possimus magni",
    "body": "quo deleniti praesentium dicta non quod\naut est molestias\nmolestias et officia quis nihil\nitaque dolorem quia"
  },
  {
    "userId": 10,
    "id": 100,
    "title": "at nam consequatur ea labore ea harum",
    "body": "cupiditate quo est a modi nesciunt soluta\nipsa voluptas error itaque dicta in\nautem qui minus magnam et distinctio eum\naccusamus ratione error aut"
  }
]

15:02:01.628 [main] INFO  com.intuit.karate - [print] [
  1,
  1,
  1,
  1,
  1,
  1,
  1,
  1,
  1,
  1,
  2,
  2,
  2,
  2,
  2,
  2,
  2,
  2,
  2,
  2,
  3,
  3,
  3,
  3,
  3,
  3,
  3,
  3,
  3,
  3,
  4,
  4,
  4,
  4,
  4,
  4,
  4,
  4,
  4,
  4,
  5,
  5,
  5,
  5,
  5,
  5,
  5,
  5,
  5,
  5,
  6,
  6,
  6,
  6,
  6,
  6,
  6,
  6,
  6,
  6,
  7,
  7,
  7,
  7,
  7,
  7,
  7,
  7,
  7,
  7,
  8,
  8,
  8,
  8,
  8,
  8,
  8,
  8,
  8,
  8,
  9,
  9,
  9,
  9,
  9,
  9,
  9,
  9,
  9,
  9,
  10,
  10,
  10,
  10,
  10,
  10,
  10,
  10,
  10,
  10
]
 
15:02:02.753 [main] INFO  com.intuit.karate.Suite - <<pass>> feature 1 of 1 (0 remaining) classpath:examples/features/assignment/assignment5.feature
15:09:07.301 [main] INFO  com.intuit.karate.Runner - using system property 'karate.options': classpath:examples/features/assignment/assignment3.feature
15:09:07.971 [main] ERROR c.intuit.karate.core.FeatureParser - not a valid feature file: examples/features/assignment/assignment3.feature - mismatched input '{' expecting <EOF>
15:10:26.725 [main] INFO  com.intuit.karate.Runner - using system property 'karate.options': classpath:examples/features/assignment/assignment3.feature
15:10:27.422 [main] DEBUG com.intuit.karate.Suite - [config] classpath:karate-config.js
15:10:27.430 [main] INFO  com.intuit.karate.Suite - backed up existing 'target\karate-reports' dir to: target\karate-reports_1779702027425
15:10:28.605 [main] INFO  com.intuit.karate - karate.env system property was: null 
15:10:28.682 [main] INFO  com.intuit.karate - Loaded API Key: free_user_3DvGOP3388gqq71IAt6bHhQ6DDZ 
15:10:29.073 [main] DEBUG com.intuit.karate - request:
1 > GET https://jsonplaceholder.typicode.com/posts
1 > Host: jsonplaceholder.typicode.com
1 > Connection: Keep-Alive
1 > User-Agent: Apache-HttpClient/4.5.14 (Java/17.0.9)
1 > Accept-Encoding: gzip,deflate


15:10:29.977 [main] DEBUG com.intuit.karate - response time in milliseconds: 898
1 < 200
1 < Date: Mon, 25 May 2026 09:40:29 GMT
1 < Content-Type: application/json; charset=utf-8
1 < Transfer-Encoding: chunked
1 < Connection: keep-alive
1 < access-control-allow-credentials: true
1 < Cache-Control: max-age=43200
1 < etag: W/"6b80-Ybsq/K6GwwqrYkAsFxqDXGC7DoM"
1 < expires: -1
1 < nel: {"report_to":"heroku-nel","response_headers":["Via"],"max_age":3600,"success_fraction":0.01,"failure_fraction":0.1}
1 < pragma: no-cache
1 < report-to: {"group":"heroku-nel","endpoints":[{"url":"https://nel.heroku.com/reports?s=1TJK7LY9IOlmtKHtBPLS3yjrCFO1HXc2r4wAsJE0FDQ%3D\u0026sid=e11707d5-02a7-43ef-b45e-2cf4d2036f7d\u0026ts=1779238720"}],"max_age":3600}
1 < reporting-endpoints: heroku-nel="https://nel.heroku.com/reports?s=1TJK7LY9IOlmtKHtBPLS3yjrCFO1HXc2r4wAsJE0FDQ%3D&sid=e11707d5-02a7-43ef-b45e-2cf4d2036f7d&ts=1779238720"
1 < Server: cloudflare
1 < vary: Origin, Accept-Encoding
1 < via: 2.0 heroku-router
1 < x-content-type-options: nosniff
1 < x-powered-by: Express
1 < x-ratelimit-limit: 1000
1 < x-ratelimit-remaining: 999
1 < x-ratelimit-reset: 1779238736
1 < Age: 1218
1 < cf-cache-status: HIT
1 < Server-Timing: cfCacheStatus;desc="HIT"
1 < Server-Timing: cfEdge;dur=3,cfOrigin;dur=0
1 < CF-RAY: a01394372b08e224-MRS
1 < alt-svc: h3=":443"; ma=86400
[
  {
    "userId": 1,
    "id": 1,
    "title": "sunt aut facere repellat provident occaecati excepturi optio reprehenderit",
    "body": "quia et suscipit\nsuscipit recusandae consequuntur expedita et cum\nreprehenderit molestiae ut ut quas totam\nnostrum rerum est autem sunt rem eveniet architecto"
  },
  {
    "userId": 1,
    "id": 2,
    "title": "qui est esse",
    "body": "est rerum tempore vitae\nsequi sint nihil reprehenderit dolor beatae ea dolores neque\nfugiat blanditiis voluptate porro vel nihil molestiae ut reiciendis\nqui aperiam non debitis possimus qui neque nisi nulla"
  },
  {
    "userId": 1,
    "id": 3,
    "title": "ea molestias quasi exercitationem repellat qui ipsa sit aut",
    "body": "et iusto sed quo iure\nvoluptatem occaecati omnis eligendi aut ad\nvoluptatem doloribus vel accusantium quis pariatur\nmolestiae porro eius odio et labore et velit aut"
  },
  {
    "userId": 1,
    "id": 4,
    "title": "eum et est occaecati",
    "body": "ullam et saepe reiciendis voluptatem adipisci\nsit amet autem assumenda provident rerum culpa\nquis hic commodi nesciunt rem tenetur doloremque ipsam iure\nquis sunt voluptatem rerum illo velit"
  },
  {
    "userId": 1,
    "id": 5,
    "title": "nesciunt quas odio",
    "body": "repudiandae veniam quaerat sunt sed\nalias aut fugiat sit autem sed est\nvoluptatem omnis possimus esse voluptatibus quis\nest aut tenetur dolor neque"
  },
  {
    "userId": 1,
    "id": 6,
    "title": "dolorem eum magni eos aperiam quia",
    "body": "ut aspernatur corporis harum nihil quis provident sequi\nmollitia nobis aliquid molestiae\nperspiciatis et ea nemo ab reprehenderit accusantium quas\nvoluptate dolores velit et doloremque molestiae"
  },
  {
    "userId": 1,
    "id": 7,
    "title": "magnam facilis autem",
    "body": "dolore placeat quibusdam ea quo vitae\nmagni quis enim qui quis quo nemo aut saepe\nquidem repellat excepturi ut quia\nsunt ut sequi eos ea sed quas"
  },
  {
    "userId": 1,
    "id": 8,
    "title": "dolorem dolore est ipsam",
    "body": "dignissimos aperiam dolorem qui eum\nfacilis quibusdam animi sint suscipit qui sint possimus cum\nquaerat magni maiores excepturi\nipsam ut commodi dolor voluptatum modi aut vitae"
  },
  {
    "userId": 1,
    "id": 9,
    "title": "nesciunt iure omnis dolorem tempora et accusantium",
    "body": "consectetur animi nesciunt iure dolore\nenim quia ad\nveniam autem ut quam aut nobis\net est aut quod aut provident voluptas autem voluptas"
  },
  {
    "userId": 1,
    "id": 10,
    "title": "optio molestias id quia eum",
    "body": "quo et expedita modi cum officia vel magni\ndoloribus qui repudiandae\nvero nisi sit\nquos veniam quod sed accusamus veritatis error"
  },
  {
    "userId": 2,
    "id": 11,
    "title": "et ea vero quia laudantium autem",
    "body": "delectus reiciendis molestiae occaecati non minima eveniet qui voluptatibus\naccusamus in eum beatae sit\nvel qui neque voluptates ut commodi qui incidunt\nut animi commodi"
  },
  {
    "userId": 2,
    "id": 12,
    "title": "in quibusdam tempore odit est dolorem",
    "body": "itaque id aut magnam\npraesentium quia et ea odit et ea voluptas et\nsapiente quia nihil amet occaecati quia id voluptatem\nincidunt ea est distinctio odio"
  },
  {
    "userId": 2,
    "id": 13,
    "title": "dolorum ut in voluptas mollitia et saepe quo animi",
    "body": "aut dicta possimus sint mollitia voluptas commodi quo doloremque\niste corrupti reiciendis voluptatem eius rerum\nsit cumque quod eligendi laborum minima\nperferendis recusandae assumenda consectetur porro architecto ipsum ipsam"
  },
  {
    "userId": 2,
    "id": 14,
    "title": "voluptatem eligendi optio",
    "body": "fuga et accusamus dolorum perferendis illo voluptas\nnon doloremque neque facere\nad qui dolorum molestiae beatae\nsed aut voluptas totam sit illum"
  },
  {
    "userId": 2,
    "id": 15,
    "title": "eveniet quod temporibus",
    "body": "reprehenderit quos placeat\nvelit minima officia dolores impedit repudiandae molestiae nam\nvoluptas recusandae quis delectus\nofficiis harum fugiat vitae"
  },
  {
    "userId": 2,
    "id": 16,
    "title": "sint suscipit perspiciatis velit dolorum rerum ipsa laboriosam odio",
    "body": "suscipit nam nisi quo aperiam aut\nasperiores eos fugit maiores voluptatibus quia\nvoluptatem quis ullam qui in alias quia est\nconsequatur magni mollitia accusamus ea nisi voluptate dicta"
  },
  {
    "userId": 2,
    "id": 17,
    "title": "fugit voluptas sed molestias voluptatem provident",
    "body": "eos voluptas et aut odit natus earum\naspernatur fuga molestiae ullam\ndeserunt ratione qui eos\nqui nihil ratione nemo velit ut aut id quo"
  },
  {
    "userId": 2,
    "id": 18,
    "title": "voluptate et itaque vero tempora molestiae",
    "body": "eveniet quo quis\nlaborum totam consequatur non dolor\nut et est repudiandae\nest voluptatem vel debitis et magnam"
  },
  {
    "userId": 2,
    "id": 19,
    "title": "adipisci placeat illum aut reiciendis qui",
    "body": "illum quis cupiditate provident sit magnam\nea sed aut omnis\nveniam maiores ullam consequatur atque\nadipisci quo iste expedita sit quos voluptas"
  },
  {
    "userId": 2,
    "id": 20,
    "title": "doloribus ad provident suscipit at",
    "body": "qui consequuntur ducimus possimus quisquam amet similique\nsuscipit porro ipsam amet\neos veritatis officiis exercitationem vel fugit aut necessitatibus totam\nomnis rerum consequatur expedita quidem cumque explicabo"
  },
  {
    "userId": 3,
    "id": 21,
    "title": "asperiores ea ipsam voluptatibus modi minima quia sint",
    "body": "repellat aliquid praesentium dolorem quo\nsed totam minus non itaque\nnihil labore molestiae sunt dolor eveniet hic recusandae veniam\ntempora et tenetur expedita sunt"
  },
  {
    "userId": 3,
    "id": 22,
    "title": "dolor sint quo a velit explicabo quia nam",
    "body": "eos qui et ipsum ipsam suscipit aut\nsed omnis non odio\nexpedita earum mollitia molestiae aut atque rem suscipit\nnam impedit esse"
  },
  {
    "userId": 3,
    "id": 23,
    "title": "maxime id vitae nihil numquam",
    "body": "veritatis unde neque eligendi\nquae quod architecto quo neque vitae\nest illo sit tempora doloremque fugit quod\net et vel beatae sequi ullam sed tenetur perspiciatis"
  },
  {
    "userId": 3,
    "id": 24,
    "title": "autem hic labore sunt dolores incidunt",
    "body": "enim et ex nulla\nomnis voluptas quia qui\nvoluptatem consequatur numquam aliquam sunt\ntotam recusandae id dignissimos aut sed asperiores deserunt"
  },
  {
    "userId": 3,
    "id": 25,
    "title": "rem alias distinctio quo quis",
    "body": "ullam consequatur ut\nomnis quis sit vel consequuntur\nipsa eligendi ipsum molestiae et omnis error nostrum\nmolestiae illo tempore quia et distinctio"
  },
  {
    "userId": 3,
    "id": 26,
    "title": "est et quae odit qui non",
    "body": "similique esse doloribus nihil accusamus\nomnis dolorem fuga consequuntur reprehenderit fugit recusandae temporibus\nperspiciatis cum ut laudantium\nomnis aut molestiae vel vero"
  },
  {
    "userId": 3,
    "id": 27,
    "title": "quasi id et eos tenetur aut quo autem",
    "body": "eum sed dolores ipsam sint possimus debitis occaecati\ndebitis qui qui et\nut placeat enim earum aut odit facilis\nconsequatur suscipit necessitatibus rerum sed inventore temporibus consequatur"
  },
  {
    "userId": 3,
    "id": 28,
    "title": "delectus ullam et corporis nulla voluptas sequi",
    "body": "non et quaerat ex quae ad maiores\nmaiores recusandae totam aut blanditiis mollitia quas illo\nut voluptatibus voluptatem\nsimilique nostrum eum"
  },
  {
    "userId": 3,
    "id": 29,
    "title": "iusto eius quod necessitatibus culpa ea",
    "body": "odit magnam ut saepe sed non qui\ntempora atque nihil\naccusamus illum doloribus illo dolor\neligendi repudiandae odit magni similique sed cum maiores"
  },
  {
    "userId": 3,
    "id": 30,
    "title": "a quo magni similique perferendis",
    "body": "alias dolor cumque\nimpedit blanditiis non eveniet odio maxime\nblanditiis amet eius quis tempora quia autem rem\na provident perspiciatis quia"
  },
  {
    "userId": 4,
    "id": 31,
    "title": "ullam ut quidem id aut vel consequuntur",
    "body": "debitis eius sed quibusdam non quis consectetur vitae\nimpedit ut qui consequatur sed aut in\nquidem sit nostrum et maiores adipisci atque\nquaerat voluptatem adipisci repudiandae"
  },
  {
    "userId": 4,
    "id": 32,
    "title": "doloremque illum aliquid sunt",
    "body": "deserunt eos nobis asperiores et hic\nest debitis repellat molestiae optio\nnihil ratione ut eos beatae quibusdam distinctio maiores\nearum voluptates et aut adipisci ea maiores voluptas maxime"
  },
  {
    "userId": 4,
    "id": 33,
    "title": "qui explicabo molestiae dolorem",
    "body": "rerum ut et numquam laborum odit est sit\nid qui sint in\nquasi tenetur tempore aperiam et quaerat qui in\nrerum officiis sequi cumque quod"
  },
  {
    "userId": 4,
    "id": 34,
    "title": "magnam ut rerum iure",
    "body": "ea velit perferendis earum ut voluptatem voluptate itaque iusto\ntotam pariatur in\nnemo voluptatem voluptatem autem magni tempora minima in\nest distinctio qui assumenda accusamus dignissimos officia nesciunt nobis"
  },
  {
    "userId": 4,
    "id": 35,
    "title": "id nihil consequatur molestias animi provident",
    "body": "nisi error delectus possimus ut eligendi vitae\nplaceat eos harum cupiditate facilis reprehenderit voluptatem beatae\nmodi ducimus quo illum voluptas eligendi\net nobis quia fugit"
  },
  {
    "userId": 4,
    "id": 36,
    "title": "fuga nam accusamus voluptas reiciendis itaque",
    "body": "ad mollitia et omnis minus architecto odit\nvoluptas doloremque maxime aut non ipsa qui alias veniam\nblanditiis culpa aut quia nihil cumque facere et occaecati\nqui aspernatur quia eaque ut aperiam inventore"
  },
  {
    "userId": 4,
    "id": 37,
    "title": "provident vel ut sit ratione est",
    "body": "debitis et eaque non officia sed nesciunt pariatur vel\nvoluptatem iste vero et ea\nnumquam aut expedita ipsum nulla in\nvoluptates omnis consequatur aut enim officiis in quam qui"
  },
  {
    "userId": 4,
    "id": 38,
    "title": "explicabo et eos deleniti nostrum ab id repellendus",
    "body": "animi esse sit aut sit nesciunt assumenda eum voluptas\nquia voluptatibus provident quia necessitatibus ea\nrerum repudiandae quia voluptatem delectus fugit aut id quia\nratione optio eos iusto veniam iure"
  },
  {
    "userId": 4,
    "id": 39,
    "title": "eos dolorem iste accusantium est eaque quam",
    "body": "corporis rerum ducimus vel eum accusantium\nmaxime aspernatur a porro possimus iste omnis\nest in deleniti asperiores fuga aut\nvoluptas sapiente vel dolore minus voluptatem incidunt ex"
  },
  {
    "userId": 4,
    "id": 40,
    "title": "enim quo cumque",
    "body": "ut voluptatum aliquid illo tenetur nemo sequi quo facilis\nipsum rem optio mollitia quas\nvoluptatem eum voluptas qui\nunde omnis voluptatem iure quasi maxime voluptas nam"
  },
  {
    "userId": 5,
    "id": 41,
    "title": "non est facere",
    "body": "molestias id nostrum\nexcepturi molestiae dolore omnis repellendus quaerat saepe\nconsectetur iste quaerat tenetur asperiores accusamus ex ut\nnam quidem est ducimus sunt debitis saepe"
  },
  {
    "userId": 5,
    "id": 42,
    "title": "commodi ullam sint et excepturi error explicabo praesentium voluptas",
    "body": "odio fugit voluptatum ducimus earum autem est incidunt voluptatem\nodit reiciendis aliquam sunt sequi nulla dolorem\nnon facere repellendus voluptates quia\nratione harum vitae ut"
  },
  {
    "userId": 5,
    "id": 43,
    "title": "eligendi iste nostrum consequuntur adipisci praesentium sit beatae perferendis",
    "body": "similique fugit est\nillum et dolorum harum et voluptate eaque quidem\nexercitationem quos nam commodi possimus cum odio nihil nulla\ndolorum exercitationem magnam ex et a et distinctio debitis"
  },
  {
    "userId": 5,
    "id": 44,
    "title": "optio dolor molestias sit",
    "body": "temporibus est consectetur dolore\net libero debitis vel velit laboriosam quia\nipsum quibusdam qui itaque fuga rem aut\nea et iure quam sed maxime ut distinctio quae"
  },
  {
    "userId": 5,
    "id": 45,
    "title": "ut numquam possimus omnis eius suscipit laudantium iure",
    "body": "est natus reiciendis nihil possimus aut provident\nex et dolor\nrepellat pariatur est\nnobis rerum repellendus dolorem autem"
  },
  {
    "userId": 5,
    "id": 46,
    "title": "aut quo modi neque nostrum ducimus",
    "body": "voluptatem quisquam iste\nvoluptatibus natus officiis facilis dolorem\nquis quas ipsam\nvel et voluptatum in aliquid"
  },
  {
    "userId": 5,
    "id": 47,
    "title": "quibusdam cumque rem aut deserunt",
    "body": "voluptatem assumenda ut qui ut cupiditate aut impedit veniam\noccaecati nemo illum voluptatem laudantium\nmolestiae beatae rerum ea iure soluta nostrum\neligendi et voluptate"
  },
  {
    "userId": 5,
    "id": 48,
    "title": "ut voluptatem illum ea doloribus itaque eos",
    "body": "voluptates quo voluptatem facilis iure occaecati\nvel assumenda rerum officia et\nillum perspiciatis ab deleniti\nlaudantium repellat ad ut et autem reprehenderit"
  },
  {
    "userId": 5,
    "id": 49,
    "title": "laborum non sunt aut ut assumenda perspiciatis voluptas",
    "body": "inventore ab sint\nnatus fugit id nulla sequi architecto nihil quaerat\neos tenetur in in eum veritatis non\nquibusdam officiis aspernatur cumque aut commodi aut"
  },
  {
    "userId": 5,
    "id": 50,
    "title": "repellendus qui recusandae incidunt voluptates tenetur qui omnis exercitationem",
    "body": "error suscipit maxime adipisci consequuntur recusandae\nvoluptas eligendi et est et voluptates\nquia distinctio ab amet quaerat molestiae et vitae\nadipisci impedit sequi nesciunt quis consectetur"
  },
  {
    "userId": 6,
    "id": 51,
    "title": "soluta aliquam aperiam consequatur illo quis voluptas",
    "body": "sunt dolores aut doloribus\ndolore doloribus voluptates tempora et\ndoloremque et quo\ncum asperiores sit consectetur dolorem"
  },
  {
    "userId": 6,
    "id": 52,
    "title": "qui enim et consequuntur quia animi quis voluptate quibusdam",
    "body": "iusto est quibusdam fuga quas quaerat molestias\na enim ut sit accusamus enim\ntemporibus iusto accusantium provident architecto\nsoluta esse reprehenderit qui laborum"
  },
  {
    "userId": 6,
    "id": 53,
    "title": "ut quo aut ducimus alias",
    "body": "minima harum praesentium eum rerum illo dolore\nquasi exercitationem rerum nam\nporro quis neque quo\nconsequatur minus dolor quidem veritatis sunt non explicabo similique"
  },
  {
    "userId": 6,
    "id": 54,
    "title": "sit asperiores ipsam eveniet odio non quia",
    "body": "totam corporis dignissimos\nvitae dolorem ut occaecati accusamus\nex velit deserunt\net exercitationem vero incidunt corrupti mollitia"
  },
  {
    "userId": 6,
    "id": 55,
    "title": "sit vel voluptatem et non libero",
    "body": "debitis excepturi ea perferendis harum libero optio\neos accusamus cum fuga ut sapiente repudiandae\net ut incidunt omnis molestiae\nnihil ut eum odit"
  },
  {
    "userId": 6,
    "id": 56,
    "title": "qui et at rerum necessitatibus",
    "body": "aut est omnis dolores\nneque rerum quod ea rerum velit pariatur beatae excepturi\net provident voluptas corrupti\ncorporis harum reprehenderit dolores eligendi"
  },
  {
    "userId": 6,
    "id": 57,
    "title": "sed ab est est",
    "body": "at pariatur consequuntur earum quidem\nquo est laudantium soluta voluptatem\nqui ullam et est\net cum voluptas voluptatum repellat est"
  },
  {
    "userId": 6,
    "id": 58,
    "title": "voluptatum itaque dolores nisi et quasi",
    "body": "veniam voluptatum quae adipisci id\net id quia eos ad et dolorem\naliquam quo nisi sunt eos impedit error\nad similique veniam"
  },
  {
    "userId": 6,
    "id": 59,
    "title": "qui commodi dolor at maiores et quis id accusantium",
    "body": "perspiciatis et quam ea autem temporibus non voluptatibus qui\nbeatae a earum officia nesciunt dolores suscipit voluptas et\nanimi doloribus cum rerum quas et magni\net hic ut ut commodi expedita sunt"
  },
  {
    "userId": 6,
    "id": 60,
    "title": "consequatur placeat omnis quisquam quia reprehenderit fugit veritatis facere",
    "body": "asperiores sunt ab assumenda cumque modi velit\nqui esse omnis\nvoluptate et fuga perferendis voluptas\nillo ratione amet aut et omnis"
  },
  {
    "userId": 7,
    "id": 61,
    "title": "voluptatem doloribus consectetur est ut ducimus",
    "body": "ab nemo optio odio\ndelectus tenetur corporis similique nobis repellendus rerum omnis facilis\nvero blanditiis debitis in nesciunt doloribus dicta dolores\nmagnam minus velit"
  },
  {
    "userId": 7,
    "id": 62,
    "title": "beatae enim quia vel",
    "body": "enim aspernatur illo distinctio quae praesentium\nbeatae alias amet delectus qui voluptate distinctio\nodit sint accusantium autem omnis\nquo molestiae omnis ea eveniet optio"
  },
  {
    "userId": 7,
    "id": 63,
    "title": "voluptas blanditiis repellendus animi ducimus error sapiente et suscipit",
    "body": "enim adipisci aspernatur nemo\nnumquam omnis facere dolorem dolor ex quis temporibus incidunt\nab delectus culpa quo reprehenderit blanditiis asperiores\naccusantium ut quam in voluptatibus voluptas ipsam dicta"
  },
  {
    "userId": 7,
    "id": 64,
    "title": "et fugit quas eum in in aperiam quod",
    "body": "id velit blanditiis\neum ea voluptatem\nmolestiae sint occaecati est eos perspiciatis\nincidunt a error provident eaque aut aut qui"
  },
  {
    "userId": 7,
    "id": 65,
    "title": "consequatur id enim sunt et et",
    "body": "voluptatibus ex esse\nsint explicabo est aliquid cumque adipisci fuga repellat labore\nmolestiae corrupti ex saepe at asperiores et perferendis\nnatus id esse incidunt pariatur"
  },
  {
    "userId": 7,
    "id": 66,
    "title": "repudiandae ea animi iusto",
    "body": "officia veritatis tenetur vero qui itaque\nsint non ratione\nsed et ut asperiores iusto eos molestiae nostrum\nveritatis quibusdam et nemo iusto saepe"
  },
  {
    "userId": 7,
    "id": 67,
    "title": "aliquid eos sed fuga est maxime repellendus",
    "body": "reprehenderit id nostrum\nvoluptas doloremque pariatur sint et accusantium quia quod aspernatur\net fugiat amet\nnon sapiente et consequatur necessitatibus molestiae"
  },
  {
    "userId": 7,
    "id": 68,
    "title": "odio quis facere architecto reiciendis optio",
    "body": "magnam molestiae perferendis quisquam\nqui cum reiciendis\nquaerat animi amet hic inventore\nea quia deleniti quidem saepe porro velit"
  },
  {
    "userId": 7,
    "id": 69,
    "title": "fugiat quod pariatur odit minima",
    "body": "officiis error culpa consequatur modi asperiores et\ndolorum assumenda voluptas et vel qui aut vel rerum\nvoluptatum quisquam perspiciatis quia rerum consequatur totam quas\nsequi commodi repudiandae asperiores et saepe a"
  },
  {
    "userId": 7,
    "id": 70,
    "title": "voluptatem laborum magni",
    "body": "sunt repellendus quae\nest asperiores aut deleniti esse accusamus repellendus quia aut\nquia dolorem unde\neum tempora esse dolore"
  },
  {
    "userId": 8,
    "id": 71,
    "title": "et iusto veniam et illum aut fuga",
    "body": "occaecati a doloribus\niste saepe consectetur placeat eum voluptate dolorem et\nqui quo quia voluptas\nrerum ut id enim velit est perferendis"
  },
  {
    "userId": 8,
    "id": 72,
    "title": "sint hic doloribus consequatur eos non id",
    "body": "quam occaecati qui deleniti consectetur\nconsequatur aut facere quas exercitationem aliquam hic voluptas\nneque id sunt ut aut accusamus\nsunt consectetur expedita inventore velit"
  },
  {
    "userId": 8,
    "id": 73,
    "title": "consequuntur deleniti eos quia temporibus ab aliquid at",
    "body": "voluptatem cumque tenetur consequatur expedita ipsum nemo quia explicabo\naut eum minima consequatur\ntempore cumque quae est et\net in consequuntur voluptatem voluptates aut"
  },
  {
    "userId": 8,
    "id": 74,
    "title": "enim unde ratione doloribus quas enim ut sit sapiente",
    "body": "odit qui et et necessitatibus sint veniam\nmollitia amet doloremque molestiae commodi similique magnam et quam\nblanditiis est itaque\nquo et tenetur ratione occaecati molestiae tempora"
  },
  {
    "userId": 8,
    "id": 75,
    "title": "dignissimos eum dolor ut enim et delectus in",
    "body": "commodi non non omnis et voluptas sit\nautem aut nobis magnam et sapiente voluptatem\net laborum repellat qui delectus facilis temporibus\nrerum amet et nemo voluptate expedita adipisci error dolorem"
  },
  {
    "userId": 8,
    "id": 76,
    "title": "doloremque officiis ad et non perferendis",
    "body": "ut animi facere\ntotam iusto tempore\nmolestiae eum aut et dolorem aperiam\nquaerat recusandae totam odio"
  },
  {
    "userId": 8,
    "id": 77,
    "title": "necessitatibus quasi exercitationem odio",
    "body": "modi ut in nulla repudiandae dolorum nostrum eos\naut consequatur omnis\nut incidunt est omnis iste et quam\nvoluptates sapiente aliquam asperiores nobis amet corrupti repudiandae provident"
  },
  {
    "userId": 8,
    "id": 78,
    "title": "quam voluptatibus rerum veritatis",
    "body": "nobis facilis odit tempore cupiditate quia\nassumenda doloribus rerum qui ea\nillum et qui totam\naut veniam repellendus"
  },
  {
    "userId": 8,
    "id": 79,
    "title": "pariatur consequatur quia magnam autem omnis non amet",
    "body": "libero accusantium et et facere incidunt sit dolorem\nnon excepturi qui quia sed laudantium\nquisquam molestiae ducimus est\nofficiis esse molestiae iste et quos"
  },
  {
    "userId": 8,
    "id": 80,
    "title": "labore in ex et explicabo corporis aut quas",
    "body": "ex quod dolorem ea eum iure qui provident amet\nquia qui facere excepturi et repudiandae\nasperiores molestias provident\nminus incidunt vero fugit rerum sint sunt excepturi provident"
  },
  {
    "userId": 9,
    "id": 81,
    "title": "tempora rem veritatis voluptas quo dolores vero",
    "body": "facere qui nesciunt est voluptatum voluptatem nisi\nsequi eligendi necessitatibus ea at rerum itaque\nharum non ratione velit laboriosam quis consequuntur\nex officiis minima doloremque voluptas ut aut"
  },
  {
    "userId": 9,
    "id": 82,
    "title": "laudantium voluptate suscipit sunt enim enim",
    "body": "ut libero sit aut totam inventore sunt\nporro sint qui sunt molestiae\nconsequatur cupiditate qui iste ducimus adipisci\ndolor enim assumenda soluta laboriosam amet iste delectus hic"
  },
  {
    "userId": 9,
    "id": 83,
    "title": "odit et voluptates doloribus alias odio et",
    "body": "est molestiae facilis quis tempora numquam nihil qui\nvoluptate sapiente consequatur est qui\nnecessitatibus autem aut ipsa aperiam modi dolore numquam\nreprehenderit eius rem quibusdam"
  },
  {
    "userId": 9,
    "id": 84,
    "title": "optio ipsam molestias necessitatibus occaecati facilis veritatis dolores aut",
    "body": "sint molestiae magni a et quos\neaque et quasi\nut rerum debitis similique veniam\nrecusandae dignissimos dolor incidunt consequatur odio"
  },
  {
    "userId": 9,
    "id": 85,
    "title": "dolore veritatis porro provident adipisci blanditiis et sunt",
    "body": "similique sed nisi voluptas iusto omnis\nmollitia et quo\nassumenda suscipit officia magnam sint sed tempora\nenim provident pariatur praesentium atque animi amet ratione"
  },
  {
    "userId": 9,
    "id": 86,
    "title": "placeat quia et porro iste",
    "body": "quasi excepturi consequatur iste autem temporibus sed molestiae beatae\net quaerat et esse ut\nvoluptatem occaecati et vel explicabo autem\nasperiores pariatur deserunt optio"
  },
  {
    "userId": 9,
    "id": 87,
    "title": "nostrum quis quasi placeat",
    "body": "eos et molestiae\nnesciunt ut a\ndolores perspiciatis repellendus repellat aliquid\nmagnam sint rem ipsum est"
  },
  {
    "userId": 9,
    "id": 88,
    "title": "sapiente omnis fugit eos",
    "body": "consequatur omnis est praesentium\nducimus non iste\nneque hic deserunt\nvoluptatibus veniam cum et rerum sed"
  },
  {
    "userId": 9,
    "id": 89,
    "title": "sint soluta et vel magnam aut ut sed qui",
    "body": "repellat aut aperiam totam temporibus autem et\narchitecto magnam ut\nconsequatur qui cupiditate rerum quia soluta dignissimos nihil iure\ntempore quas est"
  },
  {
    "userId": 9,
    "id": 90,
    "title": "ad iusto omnis odit dolor voluptatibus",
    "body": "minus omnis soluta quia\nqui sed adipisci voluptates illum ipsam voluptatem\neligendi officia ut in\neos soluta similique molestias praesentium blanditiis"
  },
  {
    "userId": 10,
    "id": 91,
    "title": "aut amet sed",
    "body": "libero voluptate eveniet aperiam sed\nsunt placeat suscipit molestias\nsimilique fugit nam natus\nexpedita consequatur consequatur dolores quia eos et placeat"
  },
  {
    "userId": 10,
    "id": 92,
    "title": "ratione ex tenetur perferendis",
    "body": "aut et excepturi dicta laudantium sint rerum nihil\nlaudantium et at\na neque minima officia et similique libero et\ncommodi voluptate qui"
  },
  {
    "userId": 10,
    "id": 93,
    "title": "beatae soluta recusandae",
    "body": "dolorem quibusdam ducimus consequuntur dicta aut quo laboriosam\nvoluptatem quis enim recusandae ut sed sunt\nnostrum est odit totam\nsit error sed sunt eveniet provident qui nulla"
  },
  {
    "userId": 10,
    "id": 94,
    "title": "qui qui voluptates illo iste minima",
    "body": "aspernatur expedita soluta quo ab ut similique\nexpedita dolores amet\nsed temporibus distinctio magnam saepe deleniti\nomnis facilis nam ipsum natus sint similique omnis"
  },
  {
    "userId": 10,
    "id": 95,
    "title": "id minus libero illum nam ad officiis",
    "body": "earum voluptatem facere provident blanditiis velit laboriosam\npariatur accusamus odio saepe\ncumque dolor qui a dicta ab doloribus consequatur omnis\ncorporis cupiditate eaque assumenda ad nesciunt"
  },
  {
    "userId": 10,
    "id": 96,
    "title": "quaerat velit veniam amet cupiditate aut numquam ut sequi",
    "body": "in non odio excepturi sint eum\nlabore voluptates vitae quia qui et\ninventore itaque rerum\nveniam non exercitationem delectus aut"
  },
  {
    "userId": 10,
    "id": 97,
    "title": "quas fugiat ut perspiciatis vero provident",
    "body": "eum non blanditiis soluta porro quibusdam voluptas\nvel voluptatem qui placeat dolores qui velit aut\nvel inventore aut cumque culpa explicabo aliquid at\nperspiciatis est et voluptatem dignissimos dolor itaque sit nam"
  },
  {
    "userId": 10,
    "id": 98,
    "title": "laboriosam dolor voluptates",
    "body": "doloremque ex facilis sit sint culpa\nsoluta assumenda eligendi non ut eius\nsequi ducimus vel quasi\nveritatis est dolores"
  },
  {
    "userId": 10,
    "id": 99,
    "title": "temporibus sit alias delectus eligendi possimus magni",
    "body": "quo deleniti praesentium dicta non quod\naut est molestias\nmolestias et officia quis nihil\nitaque dolorem quia"
  },
  {
    "userId": 10,
    "id": 100,
    "title": "at nam consequatur ea labore ea harum",
    "body": "cupiditate quo est a modi nesciunt soluta\nipsa voluptas error itaque dicta in\nautem qui minus magnam et distinctio eum\naccusamus ratione error aut"
  }
]

15:10:30.054 [main] DEBUG com.intuit.karate - write to file: target\assignment\apiResponse.csv
15:10:30.075 [main] ERROR c.intuit.karate.core.FeatureParser - not a valid feature file: examples/features/assignment/readCsv.feature - mismatched input 'r' expecting <EOF>
15:10:30.091 [main] ERROR com.intuit.karate - classpath:examples/features/assignment/assignment3.feature:45
* call read('readCsv.feature') input
js failed:
>>>>
01: read('readCsv.feature')
<<<<
org.graalvm.polyglot.PolyglotException: mismatched input 'r' expecting <EOF>
- com.intuit.karate.core.FeatureParser.parse(FeatureParser.java:74)
- com.intuit.karate.core.Feature.read(Feature.java:63)
- com.intuit.karate.core.ScenarioFileReader.readFile(ScenarioFileReader.java:65)
- com.intuit.karate.core.ScenarioEngine.lambda$new$0(ScenarioEngine.java:124)
- <js>.:program(Unnamed:1)

classpath:examples/features/assignment/assignment3.feature:45
15:10:30.836 [main] INFO  com.intuit.karate.Suite - <<fail>> feature 1 of 1 (0 remaining) classpath:examples/features/assignment/assignment3.feature
15:28:32.155 [main] INFO  com.intuit.karate.Runner - using system property 'karate.options': classpath:examples/features/assignment/assignment3.feature
15:28:32.806 [main] DEBUG com.intuit.karate.Suite - [config] classpath:karate-config.js
15:28:32.812 [main] INFO  com.intuit.karate.Suite - backed up existing 'target\karate-reports' dir to: target\karate-reports_1779703112808
15:28:34.007 [main] INFO  com.intuit.karate - karate.env system property was: null 
15:28:34.051 [main] INFO  com.intuit.karate - Loaded API Key: free_user_3DvGOP3388gqq71IAt6bHhQ6DDZ 
15:28:34.385 [main] DEBUG com.intuit.karate - request:
1 > GET https://jsonplaceholder.typicode.com/posts
1 > Host: jsonplaceholder.typicode.com
1 > Connection: Keep-Alive
1 > User-Agent: Apache-HttpClient/4.5.14 (Java/17.0.9)
1 > Accept-Encoding: gzip,deflate


15:28:35.255 [main] DEBUG com.intuit.karate - response time in milliseconds: 865
1 < 200
1 < Date: Mon, 25 May 2026 09:58:35 GMT
1 < Content-Type: application/json; charset=utf-8
1 < Transfer-Encoding: chunked
1 < Connection: keep-alive
1 < access-control-allow-credentials: true
1 < Cache-Control: max-age=43200
1 < etag: W/"6b80-Ybsq/K6GwwqrYkAsFxqDXGC7DoM"
1 < expires: -1
1 < nel: {"report_to":"heroku-nel","response_headers":["Via"],"max_age":3600,"success_fraction":0.01,"failure_fraction":0.1}
1 < pragma: no-cache
1 < report-to: {"group":"heroku-nel","endpoints":[{"url":"https://nel.heroku.com/reports?s=1TJK7LY9IOlmtKHtBPLS3yjrCFO1HXc2r4wAsJE0FDQ%3D\u0026sid=e11707d5-02a7-43ef-b45e-2cf4d2036f7d\u0026ts=1779238720"}],"max_age":3600}
1 < reporting-endpoints: heroku-nel="https://nel.heroku.com/reports?s=1TJK7LY9IOlmtKHtBPLS3yjrCFO1HXc2r4wAsJE0FDQ%3D&sid=e11707d5-02a7-43ef-b45e-2cf4d2036f7d&ts=1779238720"
1 < Server: cloudflare
1 < vary: Origin, Accept-Encoding
1 < via: 2.0 heroku-router
1 < x-content-type-options: nosniff
1 < x-powered-by: Express
1 < x-ratelimit-limit: 1000
1 < x-ratelimit-remaining: 999
1 < x-ratelimit-reset: 1779238736
1 < Age: 2303
1 < cf-cache-status: HIT
1 < Server-Timing: cfCacheStatus;desc="HIT"
1 < Server-Timing: cfEdge;dur=3,cfOrigin;dur=0
1 < CF-RAY: a013aeb61e390115-MRS
1 < alt-svc: h3=":443"; ma=86400
[
  {
    "userId": 1,
    "id": 1,
    "title": "sunt aut facere repellat provident occaecati excepturi optio reprehenderit",
    "body": "quia et suscipit\nsuscipit recusandae consequuntur expedita et cum\nreprehenderit molestiae ut ut quas totam\nnostrum rerum est autem sunt rem eveniet architecto"
  },
  {
    "userId": 1,
    "id": 2,
    "title": "qui est esse",
    "body": "est rerum tempore vitae\nsequi sint nihil reprehenderit dolor beatae ea dolores neque\nfugiat blanditiis voluptate porro vel nihil molestiae ut reiciendis\nqui aperiam non debitis possimus qui neque nisi nulla"
  },
  {
    "userId": 1,
    "id": 3,
    "title": "ea molestias quasi exercitationem repellat qui ipsa sit aut",
    "body": "et iusto sed quo iure\nvoluptatem occaecati omnis eligendi aut ad\nvoluptatem doloribus vel accusantium quis pariatur\nmolestiae porro eius odio et labore et velit aut"
  },
  {
    "userId": 1,
    "id": 4,
    "title": "eum et est occaecati",
    "body": "ullam et saepe reiciendis voluptatem adipisci\nsit amet autem assumenda provident rerum culpa\nquis hic commodi nesciunt rem tenetur doloremque ipsam iure\nquis sunt voluptatem rerum illo velit"
  },
  {
    "userId": 1,
    "id": 5,
    "title": "nesciunt quas odio",
    "body": "repudiandae veniam quaerat sunt sed\nalias aut fugiat sit autem sed est\nvoluptatem omnis possimus esse voluptatibus quis\nest aut tenetur dolor neque"
  },
  {
    "userId": 1,
    "id": 6,
    "title": "dolorem eum magni eos aperiam quia",
    "body": "ut aspernatur corporis harum nihil quis provident sequi\nmollitia nobis aliquid molestiae\nperspiciatis et ea nemo ab reprehenderit accusantium quas\nvoluptate dolores velit et doloremque molestiae"
  },
  {
    "userId": 1,
    "id": 7,
    "title": "magnam facilis autem",
    "body": "dolore placeat quibusdam ea quo vitae\nmagni quis enim qui quis quo nemo aut saepe\nquidem repellat excepturi ut quia\nsunt ut sequi eos ea sed quas"
  },
  {
    "userId": 1,
    "id": 8,
    "title": "dolorem dolore est ipsam",
    "body": "dignissimos aperiam dolorem qui eum\nfacilis quibusdam animi sint suscipit qui sint possimus cum\nquaerat magni maiores excepturi\nipsam ut commodi dolor voluptatum modi aut vitae"
  },
  {
    "userId": 1,
    "id": 9,
    "title": "nesciunt iure omnis dolorem tempora et accusantium",
    "body": "consectetur animi nesciunt iure dolore\nenim quia ad\nveniam autem ut quam aut nobis\net est aut quod aut provident voluptas autem voluptas"
  },
  {
    "userId": 1,
    "id": 10,
    "title": "optio molestias id quia eum",
    "body": "quo et expedita modi cum officia vel magni\ndoloribus qui repudiandae\nvero nisi sit\nquos veniam quod sed accusamus veritatis error"
  },
  {
    "userId": 2,
    "id": 11,
    "title": "et ea vero quia laudantium autem",
    "body": "delectus reiciendis molestiae occaecati non minima eveniet qui voluptatibus\naccusamus in eum beatae sit\nvel qui neque voluptates ut commodi qui incidunt\nut animi commodi"
  },
  {
    "userId": 2,
    "id": 12,
    "title": "in quibusdam tempore odit est dolorem",
    "body": "itaque id aut magnam\npraesentium quia et ea odit et ea voluptas et\nsapiente quia nihil amet occaecati quia id voluptatem\nincidunt ea est distinctio odio"
  },
  {
    "userId": 2,
    "id": 13,
    "title": "dolorum ut in voluptas mollitia et saepe quo animi",
    "body": "aut dicta possimus sint mollitia voluptas commodi quo doloremque\niste corrupti reiciendis voluptatem eius rerum\nsit cumque quod eligendi laborum minima\nperferendis recusandae assumenda consectetur porro architecto ipsum ipsam"
  },
  {
    "userId": 2,
    "id": 14,
    "title": "voluptatem eligendi optio",
    "body": "fuga et accusamus dolorum perferendis illo voluptas\nnon doloremque neque facere\nad qui dolorum molestiae beatae\nsed aut voluptas totam sit illum"
  },
  {
    "userId": 2,
    "id": 15,
    "title": "eveniet quod temporibus",
    "body": "reprehenderit quos placeat\nvelit minima officia dolores impedit repudiandae molestiae nam\nvoluptas recusandae quis delectus\nofficiis harum fugiat vitae"
  },
  {
    "userId": 2,
    "id": 16,
    "title": "sint suscipit perspiciatis velit dolorum rerum ipsa laboriosam odio",
    "body": "suscipit nam nisi quo aperiam aut\nasperiores eos fugit maiores voluptatibus quia\nvoluptatem quis ullam qui in alias quia est\nconsequatur magni mollitia accusamus ea nisi voluptate dicta"
  },
  {
    "userId": 2,
    "id": 17,
    "title": "fugit voluptas sed molestias voluptatem provident",
    "body": "eos voluptas et aut odit natus earum\naspernatur fuga molestiae ullam\ndeserunt ratione qui eos\nqui nihil ratione nemo velit ut aut id quo"
  },
  {
    "userId": 2,
    "id": 18,
    "title": "voluptate et itaque vero tempora molestiae",
    "body": "eveniet quo quis\nlaborum totam consequatur non dolor\nut et est repudiandae\nest voluptatem vel debitis et magnam"
  },
  {
    "userId": 2,
    "id": 19,
    "title": "adipisci placeat illum aut reiciendis qui",
    "body": "illum quis cupiditate provident sit magnam\nea sed aut omnis\nveniam maiores ullam consequatur atque\nadipisci quo iste expedita sit quos voluptas"
  },
  {
    "userId": 2,
    "id": 20,
    "title": "doloribus ad provident suscipit at",
    "body": "qui consequuntur ducimus possimus quisquam amet similique\nsuscipit porro ipsam amet\neos veritatis officiis exercitationem vel fugit aut necessitatibus totam\nomnis rerum consequatur expedita quidem cumque explicabo"
  },
  {
    "userId": 3,
    "id": 21,
    "title": "asperiores ea ipsam voluptatibus modi minima quia sint",
    "body": "repellat aliquid praesentium dolorem quo\nsed totam minus non itaque\nnihil labore molestiae sunt dolor eveniet hic recusandae veniam\ntempora et tenetur expedita sunt"
  },
  {
    "userId": 3,
    "id": 22,
    "title": "dolor sint quo a velit explicabo quia nam",
    "body": "eos qui et ipsum ipsam suscipit aut\nsed omnis non odio\nexpedita earum mollitia molestiae aut atque rem suscipit\nnam impedit esse"
  },
  {
    "userId": 3,
    "id": 23,
    "title": "maxime id vitae nihil numquam",
    "body": "veritatis unde neque eligendi\nquae quod architecto quo neque vitae\nest illo sit tempora doloremque fugit quod\net et vel beatae sequi ullam sed tenetur perspiciatis"
  },
  {
    "userId": 3,
    "id": 24,
    "title": "autem hic labore sunt dolores incidunt",
    "body": "enim et ex nulla\nomnis voluptas quia qui\nvoluptatem consequatur numquam aliquam sunt\ntotam recusandae id dignissimos aut sed asperiores deserunt"
  },
  {
    "userId": 3,
    "id": 25,
    "title": "rem alias distinctio quo quis",
    "body": "ullam consequatur ut\nomnis quis sit vel consequuntur\nipsa eligendi ipsum molestiae et omnis error nostrum\nmolestiae illo tempore quia et distinctio"
  },
  {
    "userId": 3,
    "id": 26,
    "title": "est et quae odit qui non",
    "body": "similique esse doloribus nihil accusamus\nomnis dolorem fuga consequuntur reprehenderit fugit recusandae temporibus\nperspiciatis cum ut laudantium\nomnis aut molestiae vel vero"
  },
  {
    "userId": 3,
    "id": 27,
    "title": "quasi id et eos tenetur aut quo autem",
    "body": "eum sed dolores ipsam sint possimus debitis occaecati\ndebitis qui qui et\nut placeat enim earum aut odit facilis\nconsequatur suscipit necessitatibus rerum sed inventore temporibus consequatur"
  },
  {
    "userId": 3,
    "id": 28,
    "title": "delectus ullam et corporis nulla voluptas sequi",
    "body": "non et quaerat ex quae ad maiores\nmaiores recusandae totam aut blanditiis mollitia quas illo\nut voluptatibus voluptatem\nsimilique nostrum eum"
  },
  {
    "userId": 3,
    "id": 29,
    "title": "iusto eius quod necessitatibus culpa ea",
    "body": "odit magnam ut saepe sed non qui\ntempora atque nihil\naccusamus illum doloribus illo dolor\neligendi repudiandae odit magni similique sed cum maiores"
  },
  {
    "userId": 3,
    "id": 30,
    "title": "a quo magni similique perferendis",
    "body": "alias dolor cumque\nimpedit blanditiis non eveniet odio maxime\nblanditiis amet eius quis tempora quia autem rem\na provident perspiciatis quia"
  },
  {
    "userId": 4,
    "id": 31,
    "title": "ullam ut quidem id aut vel consequuntur",
    "body": "debitis eius sed quibusdam non quis consectetur vitae\nimpedit ut qui consequatur sed aut in\nquidem sit nostrum et maiores adipisci atque\nquaerat voluptatem adipisci repudiandae"
  },
  {
    "userId": 4,
    "id": 32,
    "title": "doloremque illum aliquid sunt",
    "body": "deserunt eos nobis asperiores et hic\nest debitis repellat molestiae optio\nnihil ratione ut eos beatae quibusdam distinctio maiores\nearum voluptates et aut adipisci ea maiores voluptas maxime"
  },
  {
    "userId": 4,
    "id": 33,
    "title": "qui explicabo molestiae dolorem",
    "body": "rerum ut et numquam laborum odit est sit\nid qui sint in\nquasi tenetur tempore aperiam et quaerat qui in\nrerum officiis sequi cumque quod"
  },
  {
    "userId": 4,
    "id": 34,
    "title": "magnam ut rerum iure",
    "body": "ea velit perferendis earum ut voluptatem voluptate itaque iusto\ntotam pariatur in\nnemo voluptatem voluptatem autem magni tempora minima in\nest distinctio qui assumenda accusamus dignissimos officia nesciunt nobis"
  },
  {
    "userId": 4,
    "id": 35,
    "title": "id nihil consequatur molestias animi provident",
    "body": "nisi error delectus possimus ut eligendi vitae\nplaceat eos harum cupiditate facilis reprehenderit voluptatem beatae\nmodi ducimus quo illum voluptas eligendi\net nobis quia fugit"
  },
  {
    "userId": 4,
    "id": 36,
    "title": "fuga nam accusamus voluptas reiciendis itaque",
    "body": "ad mollitia et omnis minus architecto odit\nvoluptas doloremque maxime aut non ipsa qui alias veniam\nblanditiis culpa aut quia nihil cumque facere et occaecati\nqui aspernatur quia eaque ut aperiam inventore"
  },
  {
    "userId": 4,
    "id": 37,
    "title": "provident vel ut sit ratione est",
    "body": "debitis et eaque non officia sed nesciunt pariatur vel\nvoluptatem iste vero et ea\nnumquam aut expedita ipsum nulla in\nvoluptates omnis consequatur aut enim officiis in quam qui"
  },
  {
    "userId": 4,
    "id": 38,
    "title": "explicabo et eos deleniti nostrum ab id repellendus",
    "body": "animi esse sit aut sit nesciunt assumenda eum voluptas\nquia voluptatibus provident quia necessitatibus ea\nrerum repudiandae quia voluptatem delectus fugit aut id quia\nratione optio eos iusto veniam iure"
  },
  {
    "userId": 4,
    "id": 39,
    "title": "eos dolorem iste accusantium est eaque quam",
    "body": "corporis rerum ducimus vel eum accusantium\nmaxime aspernatur a porro possimus iste omnis\nest in deleniti asperiores fuga aut\nvoluptas sapiente vel dolore minus voluptatem incidunt ex"
  },
  {
    "userId": 4,
    "id": 40,
    "title": "enim quo cumque",
    "body": "ut voluptatum aliquid illo tenetur nemo sequi quo facilis\nipsum rem optio mollitia quas\nvoluptatem eum voluptas qui\nunde omnis voluptatem iure quasi maxime voluptas nam"
  },
  {
    "userId": 5,
    "id": 41,
    "title": "non est facere",
    "body": "molestias id nostrum\nexcepturi molestiae dolore omnis repellendus quaerat saepe\nconsectetur iste quaerat tenetur asperiores accusamus ex ut\nnam quidem est ducimus sunt debitis saepe"
  },
  {
    "userId": 5,
    "id": 42,
    "title": "commodi ullam sint et excepturi error explicabo praesentium voluptas",
    "body": "odio fugit voluptatum ducimus earum autem est incidunt voluptatem\nodit reiciendis aliquam sunt sequi nulla dolorem\nnon facere repellendus voluptates quia\nratione harum vitae ut"
  },
  {
    "userId": 5,
    "id": 43,
    "title": "eligendi iste nostrum consequuntur adipisci praesentium sit beatae perferendis",
    "body": "similique fugit est\nillum et dolorum harum et voluptate eaque quidem\nexercitationem quos nam commodi possimus cum odio nihil nulla\ndolorum exercitationem magnam ex et a et distinctio debitis"
  },
  {
    "userId": 5,
    "id": 44,
    "title": "optio dolor molestias sit",
    "body": "temporibus est consectetur dolore\net libero debitis vel velit laboriosam quia\nipsum quibusdam qui itaque fuga rem aut\nea et iure quam sed maxime ut distinctio quae"
  },
  {
    "userId": 5,
    "id": 45,
    "title": "ut numquam possimus omnis eius suscipit laudantium iure",
    "body": "est natus reiciendis nihil possimus aut provident\nex et dolor\nrepellat pariatur est\nnobis rerum repellendus dolorem autem"
  },
  {
    "userId": 5,
    "id": 46,
    "title": "aut quo modi neque nostrum ducimus",
    "body": "voluptatem quisquam iste\nvoluptatibus natus officiis facilis dolorem\nquis quas ipsam\nvel et voluptatum in aliquid"
  },
  {
    "userId": 5,
    "id": 47,
    "title": "quibusdam cumque rem aut deserunt",
    "body": "voluptatem assumenda ut qui ut cupiditate aut impedit veniam\noccaecati nemo illum voluptatem laudantium\nmolestiae beatae rerum ea iure soluta nostrum\neligendi et voluptate"
  },
  {
    "userId": 5,
    "id": 48,
    "title": "ut voluptatem illum ea doloribus itaque eos",
    "body": "voluptates quo voluptatem facilis iure occaecati\nvel assumenda rerum officia et\nillum perspiciatis ab deleniti\nlaudantium repellat ad ut et autem reprehenderit"
  },
  {
    "userId": 5,
    "id": 49,
    "title": "laborum non sunt aut ut assumenda perspiciatis voluptas",
    "body": "inventore ab sint\nnatus fugit id nulla sequi architecto nihil quaerat\neos tenetur in in eum veritatis non\nquibusdam officiis aspernatur cumque aut commodi aut"
  },
  {
    "userId": 5,
    "id": 50,
    "title": "repellendus qui recusandae incidunt voluptates tenetur qui omnis exercitationem",
    "body": "error suscipit maxime adipisci consequuntur recusandae\nvoluptas eligendi et est et voluptates\nquia distinctio ab amet quaerat molestiae et vitae\nadipisci impedit sequi nesciunt quis consectetur"
  },
  {
    "userId": 6,
    "id": 51,
    "title": "soluta aliquam aperiam consequatur illo quis voluptas",
    "body": "sunt dolores aut doloribus\ndolore doloribus voluptates tempora et\ndoloremque et quo\ncum asperiores sit consectetur dolorem"
  },
  {
    "userId": 6,
    "id": 52,
    "title": "qui enim et consequuntur quia animi quis voluptate quibusdam",
    "body": "iusto est quibusdam fuga quas quaerat molestias\na enim ut sit accusamus enim\ntemporibus iusto accusantium provident architecto\nsoluta esse reprehenderit qui laborum"
  },
  {
    "userId": 6,
    "id": 53,
    "title": "ut quo aut ducimus alias",
    "body": "minima harum praesentium eum rerum illo dolore\nquasi exercitationem rerum nam\nporro quis neque quo\nconsequatur minus dolor quidem veritatis sunt non explicabo similique"
  },
  {
    "userId": 6,
    "id": 54,
    "title": "sit asperiores ipsam eveniet odio non quia",
    "body": "totam corporis dignissimos\nvitae dolorem ut occaecati accusamus\nex velit deserunt\net exercitationem vero incidunt corrupti mollitia"
  },
  {
    "userId": 6,
    "id": 55,
    "title": "sit vel voluptatem et non libero",
    "body": "debitis excepturi ea perferendis harum libero optio\neos accusamus cum fuga ut sapiente repudiandae\net ut incidunt omnis molestiae\nnihil ut eum odit"
  },
  {
    "userId": 6,
    "id": 56,
    "title": "qui et at rerum necessitatibus",
    "body": "aut est omnis dolores\nneque rerum quod ea rerum velit pariatur beatae excepturi\net provident voluptas corrupti\ncorporis harum reprehenderit dolores eligendi"
  },
  {
    "userId": 6,
    "id": 57,
    "title": "sed ab est est",
    "body": "at pariatur consequuntur earum quidem\nquo est laudantium soluta voluptatem\nqui ullam et est\net cum voluptas voluptatum repellat est"
  },
  {
    "userId": 6,
    "id": 58,
    "title": "voluptatum itaque dolores nisi et quasi",
    "body": "veniam voluptatum quae adipisci id\net id quia eos ad et dolorem\naliquam quo nisi sunt eos impedit error\nad similique veniam"
  },
  {
    "userId": 6,
    "id": 59,
    "title": "qui commodi dolor at maiores et quis id accusantium",
    "body": "perspiciatis et quam ea autem temporibus non voluptatibus qui\nbeatae a earum officia nesciunt dolores suscipit voluptas et\nanimi doloribus cum rerum quas et magni\net hic ut ut commodi expedita sunt"
  },
  {
    "userId": 6,
    "id": 60,
    "title": "consequatur placeat omnis quisquam quia reprehenderit fugit veritatis facere",
    "body": "asperiores sunt ab assumenda cumque modi velit\nqui esse omnis\nvoluptate et fuga perferendis voluptas\nillo ratione amet aut et omnis"
  },
  {
    "userId": 7,
    "id": 61,
    "title": "voluptatem doloribus consectetur est ut ducimus",
    "body": "ab nemo optio odio\ndelectus tenetur corporis similique nobis repellendus rerum omnis facilis\nvero blanditiis debitis in nesciunt doloribus dicta dolores\nmagnam minus velit"
  },
  {
    "userId": 7,
    "id": 62,
    "title": "beatae enim quia vel",
    "body": "enim aspernatur illo distinctio quae praesentium\nbeatae alias amet delectus qui voluptate distinctio\nodit sint accusantium autem omnis\nquo molestiae omnis ea eveniet optio"
  },
  {
    "userId": 7,
    "id": 63,
    "title": "voluptas blanditiis repellendus animi ducimus error sapiente et suscipit",
    "body": "enim adipisci aspernatur nemo\nnumquam omnis facere dolorem dolor ex quis temporibus incidunt\nab delectus culpa quo reprehenderit blanditiis asperiores\naccusantium ut quam in voluptatibus voluptas ipsam dicta"
  },
  {
    "userId": 7,
    "id": 64,
    "title": "et fugit quas eum in in aperiam quod",
    "body": "id velit blanditiis\neum ea voluptatem\nmolestiae sint occaecati est eos perspiciatis\nincidunt a error provident eaque aut aut qui"
  },
  {
    "userId": 7,
    "id": 65,
    "title": "consequatur id enim sunt et et",
    "body": "voluptatibus ex esse\nsint explicabo est aliquid cumque adipisci fuga repellat labore\nmolestiae corrupti ex saepe at asperiores et perferendis\nnatus id esse incidunt pariatur"
  },
  {
    "userId": 7,
    "id": 66,
    "title": "repudiandae ea animi iusto",
    "body": "officia veritatis tenetur vero qui itaque\nsint non ratione\nsed et ut asperiores iusto eos molestiae nostrum\nveritatis quibusdam et nemo iusto saepe"
  },
  {
    "userId": 7,
    "id": 67,
    "title": "aliquid eos sed fuga est maxime repellendus",
    "body": "reprehenderit id nostrum\nvoluptas doloremque pariatur sint et accusantium quia quod aspernatur\net fugiat amet\nnon sapiente et consequatur necessitatibus molestiae"
  },
  {
    "userId": 7,
    "id": 68,
    "title": "odio quis facere architecto reiciendis optio",
    "body": "magnam molestiae perferendis quisquam\nqui cum reiciendis\nquaerat animi amet hic inventore\nea quia deleniti quidem saepe porro velit"
  },
  {
    "userId": 7,
    "id": 69,
    "title": "fugiat quod pariatur odit minima",
    "body": "officiis error culpa consequatur modi asperiores et\ndolorum assumenda voluptas et vel qui aut vel rerum\nvoluptatum quisquam perspiciatis quia rerum consequatur totam quas\nsequi commodi repudiandae asperiores et saepe a"
  },
  {
    "userId": 7,
    "id": 70,
    "title": "voluptatem laborum magni",
    "body": "sunt repellendus quae\nest asperiores aut deleniti esse accusamus repellendus quia aut\nquia dolorem unde\neum tempora esse dolore"
  },
  {
    "userId": 8,
    "id": 71,
    "title": "et iusto veniam et illum aut fuga",
    "body": "occaecati a doloribus\niste saepe consectetur placeat eum voluptate dolorem et\nqui quo quia voluptas\nrerum ut id enim velit est perferendis"
  },
  {
    "userId": 8,
    "id": 72,
    "title": "sint hic doloribus consequatur eos non id",
    "body": "quam occaecati qui deleniti consectetur\nconsequatur aut facere quas exercitationem aliquam hic voluptas\nneque id sunt ut aut accusamus\nsunt consectetur expedita inventore velit"
  },
  {
    "userId": 8,
    "id": 73,
    "title": "consequuntur deleniti eos quia temporibus ab aliquid at",
    "body": "voluptatem cumque tenetur consequatur expedita ipsum nemo quia explicabo\naut eum minima consequatur\ntempore cumque quae est et\net in consequuntur voluptatem voluptates aut"
  },
  {
    "userId": 8,
    "id": 74,
    "title": "enim unde ratione doloribus quas enim ut sit sapiente",
    "body": "odit qui et et necessitatibus sint veniam\nmollitia amet doloremque molestiae commodi similique magnam et quam\nblanditiis est itaque\nquo et tenetur ratione occaecati molestiae tempora"
  },
  {
    "userId": 8,
    "id": 75,
    "title": "dignissimos eum dolor ut enim et delectus in",
    "body": "commodi non non omnis et voluptas sit\nautem aut nobis magnam et sapiente voluptatem\net laborum repellat qui delectus facilis temporibus\nrerum amet et nemo voluptate expedita adipisci error dolorem"
  },
  {
    "userId": 8,
    "id": 76,
    "title": "doloremque officiis ad et non perferendis",
    "body": "ut animi facere\ntotam iusto tempore\nmolestiae eum aut et dolorem aperiam\nquaerat recusandae totam odio"
  },
  {
    "userId": 8,
    "id": 77,
    "title": "necessitatibus quasi exercitationem odio",
    "body": "modi ut in nulla repudiandae dolorum nostrum eos\naut consequatur omnis\nut incidunt est omnis iste et quam\nvoluptates sapiente aliquam asperiores nobis amet corrupti repudiandae provident"
  },
  {
    "userId": 8,
    "id": 78,
    "title": "quam voluptatibus rerum veritatis",
    "body": "nobis facilis odit tempore cupiditate quia\nassumenda doloribus rerum qui ea\nillum et qui totam\naut veniam repellendus"
  },
  {
    "userId": 8,
    "id": 79,
    "title": "pariatur consequatur quia magnam autem omnis non amet",
    "body": "libero accusantium et et facere incidunt sit dolorem\nnon excepturi qui quia sed laudantium\nquisquam molestiae ducimus est\nofficiis esse molestiae iste et quos"
  },
  {
    "userId": 8,
    "id": 80,
    "title": "labore in ex et explicabo corporis aut quas",
    "body": "ex quod dolorem ea eum iure qui provident amet\nquia qui facere excepturi et repudiandae\nasperiores molestias provident\nminus incidunt vero fugit rerum sint sunt excepturi provident"
  },
  {
    "userId": 9,
    "id": 81,
    "title": "tempora rem veritatis voluptas quo dolores vero",
    "body": "facere qui nesciunt est voluptatum voluptatem nisi\nsequi eligendi necessitatibus ea at rerum itaque\nharum non ratione velit laboriosam quis consequuntur\nex officiis minima doloremque voluptas ut aut"
  },
  {
    "userId": 9,
    "id": 82,
    "title": "laudantium voluptate suscipit sunt enim enim",
    "body": "ut libero sit aut totam inventore sunt\nporro sint qui sunt molestiae\nconsequatur cupiditate qui iste ducimus adipisci\ndolor enim assumenda soluta laboriosam amet iste delectus hic"
  },
  {
    "userId": 9,
    "id": 83,
    "title": "odit et voluptates doloribus alias odio et",
    "body": "est molestiae facilis quis tempora numquam nihil qui\nvoluptate sapiente consequatur est qui\nnecessitatibus autem aut ipsa aperiam modi dolore numquam\nreprehenderit eius rem quibusdam"
  },
  {
    "userId": 9,
    "id": 84,
    "title": "optio ipsam molestias necessitatibus occaecati facilis veritatis dolores aut",
    "body": "sint molestiae magni a et quos\neaque et quasi\nut rerum debitis similique veniam\nrecusandae dignissimos dolor incidunt consequatur odio"
  },
  {
    "userId": 9,
    "id": 85,
    "title": "dolore veritatis porro provident adipisci blanditiis et sunt",
    "body": "similique sed nisi voluptas iusto omnis\nmollitia et quo\nassumenda suscipit officia magnam sint sed tempora\nenim provident pariatur praesentium atque animi amet ratione"
  },
  {
    "userId": 9,
    "id": 86,
    "title": "placeat quia et porro iste",
    "body": "quasi excepturi consequatur iste autem temporibus sed molestiae beatae\net quaerat et esse ut\nvoluptatem occaecati et vel explicabo autem\nasperiores pariatur deserunt optio"
  },
  {
    "userId": 9,
    "id": 87,
    "title": "nostrum quis quasi placeat",
    "body": "eos et molestiae\nnesciunt ut a\ndolores perspiciatis repellendus repellat aliquid\nmagnam sint rem ipsum est"
  },
  {
    "userId": 9,
    "id": 88,
    "title": "sapiente omnis fugit eos",
    "body": "consequatur omnis est praesentium\nducimus non iste\nneque hic deserunt\nvoluptatibus veniam cum et rerum sed"
  },
  {
    "userId": 9,
    "id": 89,
    "title": "sint soluta et vel magnam aut ut sed qui",
    "body": "repellat aut aperiam totam temporibus autem et\narchitecto magnam ut\nconsequatur qui cupiditate rerum quia soluta dignissimos nihil iure\ntempore quas est"
  },
  {
    "userId": 9,
    "id": 90,
    "title": "ad iusto omnis odit dolor voluptatibus",
    "body": "minus omnis soluta quia\nqui sed adipisci voluptates illum ipsam voluptatem\neligendi officia ut in\neos soluta similique molestias praesentium blanditiis"
  },
  {
    "userId": 10,
    "id": 91,
    "title": "aut amet sed",
    "body": "libero voluptate eveniet aperiam sed\nsunt placeat suscipit molestias\nsimilique fugit nam natus\nexpedita consequatur consequatur dolores quia eos et placeat"
  },
  {
    "userId": 10,
    "id": 92,
    "title": "ratione ex tenetur perferendis",
    "body": "aut et excepturi dicta laudantium sint rerum nihil\nlaudantium et at\na neque minima officia et similique libero et\ncommodi voluptate qui"
  },
  {
    "userId": 10,
    "id": 93,
    "title": "beatae soluta recusandae",
    "body": "dolorem quibusdam ducimus consequuntur dicta aut quo laboriosam\nvoluptatem quis enim recusandae ut sed sunt\nnostrum est odit totam\nsit error sed sunt eveniet provident qui nulla"
  },
  {
    "userId": 10,
    "id": 94,
    "title": "qui qui voluptates illo iste minima",
    "body": "aspernatur expedita soluta quo ab ut similique\nexpedita dolores amet\nsed temporibus distinctio magnam saepe deleniti\nomnis facilis nam ipsum natus sint similique omnis"
  },
  {
    "userId": 10,
    "id": 95,
    "title": "id minus libero illum nam ad officiis",
    "body": "earum voluptatem facere provident blanditiis velit laboriosam\npariatur accusamus odio saepe\ncumque dolor qui a dicta ab doloribus consequatur omnis\ncorporis cupiditate eaque assumenda ad nesciunt"
  },
  {
    "userId": 10,
    "id": 96,
    "title": "quaerat velit veniam amet cupiditate aut numquam ut sequi",
    "body": "in non odio excepturi sint eum\nlabore voluptates vitae quia qui et\ninventore itaque rerum\nveniam non exercitationem delectus aut"
  },
  {
    "userId": 10,
    "id": 97,
    "title": "quas fugiat ut perspiciatis vero provident",
    "body": "eum non blanditiis soluta porro quibusdam voluptas\nvel voluptatem qui placeat dolores qui velit aut\nvel inventore aut cumque culpa explicabo aliquid at\nperspiciatis est et voluptatem dignissimos dolor itaque sit nam"
  },
  {
    "userId": 10,
    "id": 98,
    "title": "laboriosam dolor voluptates",
    "body": "doloremque ex facilis sit sint culpa\nsoluta assumenda eligendi non ut eius\nsequi ducimus vel quasi\nveritatis est dolores"
  },
  {
    "userId": 10,
    "id": 99,
    "title": "temporibus sit alias delectus eligendi possimus magni",
    "body": "quo deleniti praesentium dicta non quod\naut est molestias\nmolestias et officia quis nihil\nitaque dolorem quia"
  },
  {
    "userId": 10,
    "id": 100,
    "title": "at nam consequatur ea labore ea harum",
    "body": "cupiditate quo est a modi nesciunt soluta\nipsa voluptas error itaque dicta in\nautem qui minus magnam et distinctio eum\naccusamus ratione error aut"
  }
]

15:28:35.283 [main] ERROR com.intuit.karate - classpath:examples/features/assignment/assignment3.feature:61
* def csvContent = jsonToCsv(response)
js failed:
>>>>
01: jsonToCsv(response)
<<<<
org.graalvm.polyglot.PolyglotException: TypeError: function(data){
    if(!data || data.length===0)
        return '';
    var headers =
    Object.keys(data[0]);
    var csvRows=[];
    csvRows.push(
    headers.join(',')
    );
    for(var i=0;i<data.length;i++){
        var values =
        headers.map(function(header){
            var value =
            data[i][header]
            ?
            data[i][header]
            .toString()
            .replace(/"/g,'""')
            :
            '';
            return '"' + value + '"';
        });
        csvRows.push(
        values.join(',')
        );
    }
    return csvRows.join('\\n');
} is not a function
- <js>.:program(Unnamed:1)

classpath:examples/features/assignment/assignment3.feature:61
15:28:36.032 [main] INFO  com.intuit.karate.Suite - <<fail>> feature 1 of 1 (0 remaining) classpath:examples/features/assignment/assignment3.feature
15:30:36.148 [main] INFO  com.intuit.karate.Runner - using system property 'karate.options': classpath:examples/features/assignment/assignment3.feature
15:30:36.814 [main] DEBUG com.intuit.karate.Suite - [config] classpath:karate-config.js
15:30:36.820 [main] INFO  com.intuit.karate.Suite - backed up existing 'target\karate-reports' dir to: target\karate-reports_1779703236816
15:30:38.029 [main] INFO  com.intuit.karate - karate.env system property was: null 
15:30:38.098 [main] INFO  com.intuit.karate - Loaded API Key: free_user_3DvGOP3388gqq71IAt6bHhQ6DDZ 
15:30:38.471 [main] DEBUG com.intuit.karate - request:
1 > GET https://jsonplaceholder.typicode.com/posts
1 > Host: jsonplaceholder.typicode.com
1 > Connection: Keep-Alive
1 > User-Agent: Apache-HttpClient/4.5.14 (Java/17.0.9)
1 > Accept-Encoding: gzip,deflate


15:30:39.199 [main] DEBUG com.intuit.karate - response time in milliseconds: 722
1 < 200
1 < Date: Mon, 25 May 2026 10:00:39 GMT
1 < Content-Type: application/json; charset=utf-8
1 < Transfer-Encoding: chunked
1 < Connection: keep-alive
1 < access-control-allow-credentials: true
1 < Cache-Control: max-age=43200
1 < etag: W/"6b80-Ybsq/K6GwwqrYkAsFxqDXGC7DoM"
1 < expires: -1
1 < nel: {"report_to":"heroku-nel","response_headers":["Via"],"max_age":3600,"success_fraction":0.01,"failure_fraction":0.1}
1 < pragma: no-cache
1 < report-to: {"group":"heroku-nel","endpoints":[{"url":"https://nel.heroku.com/reports?s=1TJK7LY9IOlmtKHtBPLS3yjrCFO1HXc2r4wAsJE0FDQ%3D\u0026sid=e11707d5-02a7-43ef-b45e-2cf4d2036f7d\u0026ts=1779238720"}],"max_age":3600}
1 < reporting-endpoints: heroku-nel="https://nel.heroku.com/reports?s=1TJK7LY9IOlmtKHtBPLS3yjrCFO1HXc2r4wAsJE0FDQ%3D&sid=e11707d5-02a7-43ef-b45e-2cf4d2036f7d&ts=1779238720"
1 < Server: cloudflare
1 < vary: Origin, Accept-Encoding
1 < via: 2.0 heroku-router
1 < x-content-type-options: nosniff
1 < x-powered-by: Express
1 < x-ratelimit-limit: 1000
1 < x-ratelimit-remaining: 999
1 < x-ratelimit-reset: 1779238736
1 < Age: 2427
1 < cf-cache-status: HIT
1 < Server-Timing: cfCacheStatus;desc="HIT"
1 < Server-Timing: cfEdge;dur=3,cfOrigin;dur=0
1 < CF-RAY: a013b1bd59e2e21c-MRS
1 < alt-svc: h3=":443"; ma=86400
[
  {
    "userId": 1,
    "id": 1,
    "title": "sunt aut facere repellat provident occaecati excepturi optio reprehenderit",
    "body": "quia et suscipit\nsuscipit recusandae consequuntur expedita et cum\nreprehenderit molestiae ut ut quas totam\nnostrum rerum est autem sunt rem eveniet architecto"
  },
  {
    "userId": 1,
    "id": 2,
    "title": "qui est esse",
    "body": "est rerum tempore vitae\nsequi sint nihil reprehenderit dolor beatae ea dolores neque\nfugiat blanditiis voluptate porro vel nihil molestiae ut reiciendis\nqui aperiam non debitis possimus qui neque nisi nulla"
  },
  {
    "userId": 1,
    "id": 3,
    "title": "ea molestias quasi exercitationem repellat qui ipsa sit aut",
    "body": "et iusto sed quo iure\nvoluptatem occaecati omnis eligendi aut ad\nvoluptatem doloribus vel accusantium quis pariatur\nmolestiae porro eius odio et labore et velit aut"
  },
  {
    "userId": 1,
    "id": 4,
    "title": "eum et est occaecati",
    "body": "ullam et saepe reiciendis voluptatem adipisci\nsit amet autem assumenda provident rerum culpa\nquis hic commodi nesciunt rem tenetur doloremque ipsam iure\nquis sunt voluptatem rerum illo velit"
  },
  {
    "userId": 1,
    "id": 5,
    "title": "nesciunt quas odio",
    "body": "repudiandae veniam quaerat sunt sed\nalias aut fugiat sit autem sed est\nvoluptatem omnis possimus esse voluptatibus quis\nest aut tenetur dolor neque"
  },
  {
    "userId": 1,
    "id": 6,
    "title": "dolorem eum magni eos aperiam quia",
    "body": "ut aspernatur corporis harum nihil quis provident sequi\nmollitia nobis aliquid molestiae\nperspiciatis et ea nemo ab reprehenderit accusantium quas\nvoluptate dolores velit et doloremque molestiae"
  },
  {
    "userId": 1,
    "id": 7,
    "title": "magnam facilis autem",
    "body": "dolore placeat quibusdam ea quo vitae\nmagni quis enim qui quis quo nemo aut saepe\nquidem repellat excepturi ut quia\nsunt ut sequi eos ea sed quas"
  },
  {
    "userId": 1,
    "id": 8,
    "title": "dolorem dolore est ipsam",
    "body": "dignissimos aperiam dolorem qui eum\nfacilis quibusdam animi sint suscipit qui sint possimus cum\nquaerat magni maiores excepturi\nipsam ut commodi dolor voluptatum modi aut vitae"
  },
  {
    "userId": 1,
    "id": 9,
    "title": "nesciunt iure omnis dolorem tempora et accusantium",
    "body": "consectetur animi nesciunt iure dolore\nenim quia ad\nveniam autem ut quam aut nobis\net est aut quod aut provident voluptas autem voluptas"
  },
  {
    "userId": 1,
    "id": 10,
    "title": "optio molestias id quia eum",
    "body": "quo et expedita modi cum officia vel magni\ndoloribus qui repudiandae\nvero nisi sit\nquos veniam quod sed accusamus veritatis error"
  },
  {
    "userId": 2,
    "id": 11,
    "title": "et ea vero quia laudantium autem",
    "body": "delectus reiciendis molestiae occaecati non minima eveniet qui voluptatibus\naccusamus in eum beatae sit\nvel qui neque voluptates ut commodi qui incidunt\nut animi commodi"
  },
  {
    "userId": 2,
    "id": 12,
    "title": "in quibusdam tempore odit est dolorem",
    "body": "itaque id aut magnam\npraesentium quia et ea odit et ea voluptas et\nsapiente quia nihil amet occaecati quia id voluptatem\nincidunt ea est distinctio odio"
  },
  {
    "userId": 2,
    "id": 13,
    "title": "dolorum ut in voluptas mollitia et saepe quo animi",
    "body": "aut dicta possimus sint mollitia voluptas commodi quo doloremque\niste corrupti reiciendis voluptatem eius rerum\nsit cumque quod eligendi laborum minima\nperferendis recusandae assumenda consectetur porro architecto ipsum ipsam"
  },
  {
    "userId": 2,
    "id": 14,
    "title": "voluptatem eligendi optio",
    "body": "fuga et accusamus dolorum perferendis illo voluptas\nnon doloremque neque facere\nad qui dolorum molestiae beatae\nsed aut voluptas totam sit illum"
  },
  {
    "userId": 2,
    "id": 15,
    "title": "eveniet quod temporibus",
    "body": "reprehenderit quos placeat\nvelit minima officia dolores impedit repudiandae molestiae nam\nvoluptas recusandae quis delectus\nofficiis harum fugiat vitae"
  },
  {
    "userId": 2,
    "id": 16,
    "title": "sint suscipit perspiciatis velit dolorum rerum ipsa laboriosam odio",
    "body": "suscipit nam nisi quo aperiam aut\nasperiores eos fugit maiores voluptatibus quia\nvoluptatem quis ullam qui in alias quia est\nconsequatur magni mollitia accusamus ea nisi voluptate dicta"
  },
  {
    "userId": 2,
    "id": 17,
    "title": "fugit voluptas sed molestias voluptatem provident",
    "body": "eos voluptas et aut odit natus earum\naspernatur fuga molestiae ullam\ndeserunt ratione qui eos\nqui nihil ratione nemo velit ut aut id quo"
  },
  {
    "userId": 2,
    "id": 18,
    "title": "voluptate et itaque vero tempora molestiae",
    "body": "eveniet quo quis\nlaborum totam consequatur non dolor\nut et est repudiandae\nest voluptatem vel debitis et magnam"
  },
  {
    "userId": 2,
    "id": 19,
    "title": "adipisci placeat illum aut reiciendis qui",
    "body": "illum quis cupiditate provident sit magnam\nea sed aut omnis\nveniam maiores ullam consequatur atque\nadipisci quo iste expedita sit quos voluptas"
  },
  {
    "userId": 2,
    "id": 20,
    "title": "doloribus ad provident suscipit at",
    "body": "qui consequuntur ducimus possimus quisquam amet similique\nsuscipit porro ipsam amet\neos veritatis officiis exercitationem vel fugit aut necessitatibus totam\nomnis rerum consequatur expedita quidem cumque explicabo"
  },
  {
    "userId": 3,
    "id": 21,
    "title": "asperiores ea ipsam voluptatibus modi minima quia sint",
    "body": "repellat aliquid praesentium dolorem quo\nsed totam minus non itaque\nnihil labore molestiae sunt dolor eveniet hic recusandae veniam\ntempora et tenetur expedita sunt"
  },
  {
    "userId": 3,
    "id": 22,
    "title": "dolor sint quo a velit explicabo quia nam",
    "body": "eos qui et ipsum ipsam suscipit aut\nsed omnis non odio\nexpedita earum mollitia molestiae aut atque rem suscipit\nnam impedit esse"
  },
  {
    "userId": 3,
    "id": 23,
    "title": "maxime id vitae nihil numquam",
    "body": "veritatis unde neque eligendi\nquae quod architecto quo neque vitae\nest illo sit tempora doloremque fugit quod\net et vel beatae sequi ullam sed tenetur perspiciatis"
  },
  {
    "userId": 3,
    "id": 24,
    "title": "autem hic labore sunt dolores incidunt",
    "body": "enim et ex nulla\nomnis voluptas quia qui\nvoluptatem consequatur numquam aliquam sunt\ntotam recusandae id dignissimos aut sed asperiores deserunt"
  },
  {
    "userId": 3,
    "id": 25,
    "title": "rem alias distinctio quo quis",
    "body": "ullam consequatur ut\nomnis quis sit vel consequuntur\nipsa eligendi ipsum molestiae et omnis error nostrum\nmolestiae illo tempore quia et distinctio"
  },
  {
    "userId": 3,
    "id": 26,
    "title": "est et quae odit qui non",
    "body": "similique esse doloribus nihil accusamus\nomnis dolorem fuga consequuntur reprehenderit fugit recusandae temporibus\nperspiciatis cum ut laudantium\nomnis aut molestiae vel vero"
  },
  {
    "userId": 3,
    "id": 27,
    "title": "quasi id et eos tenetur aut quo autem",
    "body": "eum sed dolores ipsam sint possimus debitis occaecati\ndebitis qui qui et\nut placeat enim earum aut odit facilis\nconsequatur suscipit necessitatibus rerum sed inventore temporibus consequatur"
  },
  {
    "userId": 3,
    "id": 28,
    "title": "delectus ullam et corporis nulla voluptas sequi",
    "body": "non et quaerat ex quae ad maiores\nmaiores recusandae totam aut blanditiis mollitia quas illo\nut voluptatibus voluptatem\nsimilique nostrum eum"
  },
  {
    "userId": 3,
    "id": 29,
    "title": "iusto eius quod necessitatibus culpa ea",
    "body": "odit magnam ut saepe sed non qui\ntempora atque nihil\naccusamus illum doloribus illo dolor\neligendi repudiandae odit magni similique sed cum maiores"
  },
  {
    "userId": 3,
    "id": 30,
    "title": "a quo magni similique perferendis",
    "body": "alias dolor cumque\nimpedit blanditiis non eveniet odio maxime\nblanditiis amet eius quis tempora quia autem rem\na provident perspiciatis quia"
  },
  {
    "userId": 4,
    "id": 31,
    "title": "ullam ut quidem id aut vel consequuntur",
    "body": "debitis eius sed quibusdam non quis consectetur vitae\nimpedit ut qui consequatur sed aut in\nquidem sit nostrum et maiores adipisci atque\nquaerat voluptatem adipisci repudiandae"
  },
  {
    "userId": 4,
    "id": 32,
    "title": "doloremque illum aliquid sunt",
    "body": "deserunt eos nobis asperiores et hic\nest debitis repellat molestiae optio\nnihil ratione ut eos beatae quibusdam distinctio maiores\nearum voluptates et aut adipisci ea maiores voluptas maxime"
  },
  {
    "userId": 4,
    "id": 33,
    "title": "qui explicabo molestiae dolorem",
    "body": "rerum ut et numquam laborum odit est sit\nid qui sint in\nquasi tenetur tempore aperiam et quaerat qui in\nrerum officiis sequi cumque quod"
  },
  {
    "userId": 4,
    "id": 34,
    "title": "magnam ut rerum iure",
    "body": "ea velit perferendis earum ut voluptatem voluptate itaque iusto\ntotam pariatur in\nnemo voluptatem voluptatem autem magni tempora minima in\nest distinctio qui assumenda accusamus dignissimos officia nesciunt nobis"
  },
  {
    "userId": 4,
    "id": 35,
    "title": "id nihil consequatur molestias animi provident",
    "body": "nisi error delectus possimus ut eligendi vitae\nplaceat eos harum cupiditate facilis reprehenderit voluptatem beatae\nmodi ducimus quo illum voluptas eligendi\net nobis quia fugit"
  },
  {
    "userId": 4,
    "id": 36,
    "title": "fuga nam accusamus voluptas reiciendis itaque",
    "body": "ad mollitia et omnis minus architecto odit\nvoluptas doloremque maxime aut non ipsa qui alias veniam\nblanditiis culpa aut quia nihil cumque facere et occaecati\nqui aspernatur quia eaque ut aperiam inventore"
  },
  {
    "userId": 4,
    "id": 37,
    "title": "provident vel ut sit ratione est",
    "body": "debitis et eaque non officia sed nesciunt pariatur vel\nvoluptatem iste vero et ea\nnumquam aut expedita ipsum nulla in\nvoluptates omnis consequatur aut enim officiis in quam qui"
  },
  {
    "userId": 4,
    "id": 38,
    "title": "explicabo et eos deleniti nostrum ab id repellendus",
    "body": "animi esse sit aut sit nesciunt assumenda eum voluptas\nquia voluptatibus provident quia necessitatibus ea\nrerum repudiandae quia voluptatem delectus fugit aut id quia\nratione optio eos iusto veniam iure"
  },
  {
    "userId": 4,
    "id": 39,
    "title": "eos dolorem iste accusantium est eaque quam",
    "body": "corporis rerum ducimus vel eum accusantium\nmaxime aspernatur a porro possimus iste omnis\nest in deleniti asperiores fuga aut\nvoluptas sapiente vel dolore minus voluptatem incidunt ex"
  },
  {
    "userId": 4,
    "id": 40,
    "title": "enim quo cumque",
    "body": "ut voluptatum aliquid illo tenetur nemo sequi quo facilis\nipsum rem optio mollitia quas\nvoluptatem eum voluptas qui\nunde omnis voluptatem iure quasi maxime voluptas nam"
  },
  {
    "userId": 5,
    "id": 41,
    "title": "non est facere",
    "body": "molestias id nostrum\nexcepturi molestiae dolore omnis repellendus quaerat saepe\nconsectetur iste quaerat tenetur asperiores accusamus ex ut\nnam quidem est ducimus sunt debitis saepe"
  },
  {
    "userId": 5,
    "id": 42,
    "title": "commodi ullam sint et excepturi error explicabo praesentium voluptas",
    "body": "odio fugit voluptatum ducimus earum autem est incidunt voluptatem\nodit reiciendis aliquam sunt sequi nulla dolorem\nnon facere repellendus voluptates quia\nratione harum vitae ut"
  },
  {
    "userId": 5,
    "id": 43,
    "title": "eligendi iste nostrum consequuntur adipisci praesentium sit beatae perferendis",
    "body": "similique fugit est\nillum et dolorum harum et voluptate eaque quidem\nexercitationem quos nam commodi possimus cum odio nihil nulla\ndolorum exercitationem magnam ex et a et distinctio debitis"
  },
  {
    "userId": 5,
    "id": 44,
    "title": "optio dolor molestias sit",
    "body": "temporibus est consectetur dolore\net libero debitis vel velit laboriosam quia\nipsum quibusdam qui itaque fuga rem aut\nea et iure quam sed maxime ut distinctio quae"
  },
  {
    "userId": 5,
    "id": 45,
    "title": "ut numquam possimus omnis eius suscipit laudantium iure",
    "body": "est natus reiciendis nihil possimus aut provident\nex et dolor\nrepellat pariatur est\nnobis rerum repellendus dolorem autem"
  },
  {
    "userId": 5,
    "id": 46,
    "title": "aut quo modi neque nostrum ducimus",
    "body": "voluptatem quisquam iste\nvoluptatibus natus officiis facilis dolorem\nquis quas ipsam\nvel et voluptatum in aliquid"
  },
  {
    "userId": 5,
    "id": 47,
    "title": "quibusdam cumque rem aut deserunt",
    "body": "voluptatem assumenda ut qui ut cupiditate aut impedit veniam\noccaecati nemo illum voluptatem laudantium\nmolestiae beatae rerum ea iure soluta nostrum\neligendi et voluptate"
  },
  {
    "userId": 5,
    "id": 48,
    "title": "ut voluptatem illum ea doloribus itaque eos",
    "body": "voluptates quo voluptatem facilis iure occaecati\nvel assumenda rerum officia et\nillum perspiciatis ab deleniti\nlaudantium repellat ad ut et autem reprehenderit"
  },
  {
    "userId": 5,
    "id": 49,
    "title": "laborum non sunt aut ut assumenda perspiciatis voluptas",
    "body": "inventore ab sint\nnatus fugit id nulla sequi architecto nihil quaerat\neos tenetur in in eum veritatis non\nquibusdam officiis aspernatur cumque aut commodi aut"
  },
  {
    "userId": 5,
    "id": 50,
    "title": "repellendus qui recusandae incidunt voluptates tenetur qui omnis exercitationem",
    "body": "error suscipit maxime adipisci consequuntur recusandae\nvoluptas eligendi et est et voluptates\nquia distinctio ab amet quaerat molestiae et vitae\nadipisci impedit sequi nesciunt quis consectetur"
  },
  {
    "userId": 6,
    "id": 51,
    "title": "soluta aliquam aperiam consequatur illo quis voluptas",
    "body": "sunt dolores aut doloribus\ndolore doloribus voluptates tempora et\ndoloremque et quo\ncum asperiores sit consectetur dolorem"
  },
  {
    "userId": 6,
    "id": 52,
    "title": "qui enim et consequuntur quia animi quis voluptate quibusdam",
    "body": "iusto est quibusdam fuga quas quaerat molestias\na enim ut sit accusamus enim\ntemporibus iusto accusantium provident architecto\nsoluta esse reprehenderit qui laborum"
  },
  {
    "userId": 6,
    "id": 53,
    "title": "ut quo aut ducimus alias",
    "body": "minima harum praesentium eum rerum illo dolore\nquasi exercitationem rerum nam\nporro quis neque quo\nconsequatur minus dolor quidem veritatis sunt non explicabo similique"
  },
  {
    "userId": 6,
    "id": 54,
    "title": "sit asperiores ipsam eveniet odio non quia",
    "body": "totam corporis dignissimos\nvitae dolorem ut occaecati accusamus\nex velit deserunt\net exercitationem vero incidunt corrupti mollitia"
  },
  {
    "userId": 6,
    "id": 55,
    "title": "sit vel voluptatem et non libero",
    "body": "debitis excepturi ea perferendis harum libero optio\neos accusamus cum fuga ut sapiente repudiandae\net ut incidunt omnis molestiae\nnihil ut eum odit"
  },
  {
    "userId": 6,
    "id": 56,
    "title": "qui et at rerum necessitatibus",
    "body": "aut est omnis dolores\nneque rerum quod ea rerum velit pariatur beatae excepturi\net provident voluptas corrupti\ncorporis harum reprehenderit dolores eligendi"
  },
  {
    "userId": 6,
    "id": 57,
    "title": "sed ab est est",
    "body": "at pariatur consequuntur earum quidem\nquo est laudantium soluta voluptatem\nqui ullam et est\net cum voluptas voluptatum repellat est"
  },
  {
    "userId": 6,
    "id": 58,
    "title": "voluptatum itaque dolores nisi et quasi",
    "body": "veniam voluptatum quae adipisci id\net id quia eos ad et dolorem\naliquam quo nisi sunt eos impedit error\nad similique veniam"
  },
  {
    "userId": 6,
    "id": 59,
    "title": "qui commodi dolor at maiores et quis id accusantium",
    "body": "perspiciatis et quam ea autem temporibus non voluptatibus qui\nbeatae a earum officia nesciunt dolores suscipit voluptas et\nanimi doloribus cum rerum quas et magni\net hic ut ut commodi expedita sunt"
  },
  {
    "userId": 6,
    "id": 60,
    "title": "consequatur placeat omnis quisquam quia reprehenderit fugit veritatis facere",
    "body": "asperiores sunt ab assumenda cumque modi velit\nqui esse omnis\nvoluptate et fuga perferendis voluptas\nillo ratione amet aut et omnis"
  },
  {
    "userId": 7,
    "id": 61,
    "title": "voluptatem doloribus consectetur est ut ducimus",
    "body": "ab nemo optio odio\ndelectus tenetur corporis similique nobis repellendus rerum omnis facilis\nvero blanditiis debitis in nesciunt doloribus dicta dolores\nmagnam minus velit"
  },
  {
    "userId": 7,
    "id": 62,
    "title": "beatae enim quia vel",
    "body": "enim aspernatur illo distinctio quae praesentium\nbeatae alias amet delectus qui voluptate distinctio\nodit sint accusantium autem omnis\nquo molestiae omnis ea eveniet optio"
  },
  {
    "userId": 7,
    "id": 63,
    "title": "voluptas blanditiis repellendus animi ducimus error sapiente et suscipit",
    "body": "enim adipisci aspernatur nemo\nnumquam omnis facere dolorem dolor ex quis temporibus incidunt\nab delectus culpa quo reprehenderit blanditiis asperiores\naccusantium ut quam in voluptatibus voluptas ipsam dicta"
  },
  {
    "userId": 7,
    "id": 64,
    "title": "et fugit quas eum in in aperiam quod",
    "body": "id velit blanditiis\neum ea voluptatem\nmolestiae sint occaecati est eos perspiciatis\nincidunt a error provident eaque aut aut qui"
  },
  {
    "userId": 7,
    "id": 65,
    "title": "consequatur id enim sunt et et",
    "body": "voluptatibus ex esse\nsint explicabo est aliquid cumque adipisci fuga repellat labore\nmolestiae corrupti ex saepe at asperiores et perferendis\nnatus id esse incidunt pariatur"
  },
  {
    "userId": 7,
    "id": 66,
    "title": "repudiandae ea animi iusto",
    "body": "officia veritatis tenetur vero qui itaque\nsint non ratione\nsed et ut asperiores iusto eos molestiae nostrum\nveritatis quibusdam et nemo iusto saepe"
  },
  {
    "userId": 7,
    "id": 67,
    "title": "aliquid eos sed fuga est maxime repellendus",
    "body": "reprehenderit id nostrum\nvoluptas doloremque pariatur sint et accusantium quia quod aspernatur\net fugiat amet\nnon sapiente et consequatur necessitatibus molestiae"
  },
  {
    "userId": 7,
    "id": 68,
    "title": "odio quis facere architecto reiciendis optio",
    "body": "magnam molestiae perferendis quisquam\nqui cum reiciendis\nquaerat animi amet hic inventore\nea quia deleniti quidem saepe porro velit"
  },
  {
    "userId": 7,
    "id": 69,
    "title": "fugiat quod pariatur odit minima",
    "body": "officiis error culpa consequatur modi asperiores et\ndolorum assumenda voluptas et vel qui aut vel rerum\nvoluptatum quisquam perspiciatis quia rerum consequatur totam quas\nsequi commodi repudiandae asperiores et saepe a"
  },
  {
    "userId": 7,
    "id": 70,
    "title": "voluptatem laborum magni",
    "body": "sunt repellendus quae\nest asperiores aut deleniti esse accusamus repellendus quia aut\nquia dolorem unde\neum tempora esse dolore"
  },
  {
    "userId": 8,
    "id": 71,
    "title": "et iusto veniam et illum aut fuga",
    "body": "occaecati a doloribus\niste saepe consectetur placeat eum voluptate dolorem et\nqui quo quia voluptas\nrerum ut id enim velit est perferendis"
  },
  {
    "userId": 8,
    "id": 72,
    "title": "sint hic doloribus consequatur eos non id",
    "body": "quam occaecati qui deleniti consectetur\nconsequatur aut facere quas exercitationem aliquam hic voluptas\nneque id sunt ut aut accusamus\nsunt consectetur expedita inventore velit"
  },
  {
    "userId": 8,
    "id": 73,
    "title": "consequuntur deleniti eos quia temporibus ab aliquid at",
    "body": "voluptatem cumque tenetur consequatur expedita ipsum nemo quia explicabo\naut eum minima consequatur\ntempore cumque quae est et\net in consequuntur voluptatem voluptates aut"
  },
  {
    "userId": 8,
    "id": 74,
    "title": "enim unde ratione doloribus quas enim ut sit sapiente",
    "body": "odit qui et et necessitatibus sint veniam\nmollitia amet doloremque molestiae commodi similique magnam et quam\nblanditiis est itaque\nquo et tenetur ratione occaecati molestiae tempora"
  },
  {
    "userId": 8,
    "id": 75,
    "title": "dignissimos eum dolor ut enim et delectus in",
    "body": "commodi non non omnis et voluptas sit\nautem aut nobis magnam et sapiente voluptatem\net laborum repellat qui delectus facilis temporibus\nrerum amet et nemo voluptate expedita adipisci error dolorem"
  },
  {
    "userId": 8,
    "id": 76,
    "title": "doloremque officiis ad et non perferendis",
    "body": "ut animi facere\ntotam iusto tempore\nmolestiae eum aut et dolorem aperiam\nquaerat recusandae totam odio"
  },
  {
    "userId": 8,
    "id": 77,
    "title": "necessitatibus quasi exercitationem odio",
    "body": "modi ut in nulla repudiandae dolorum nostrum eos\naut consequatur omnis\nut incidunt est omnis iste et quam\nvoluptates sapiente aliquam asperiores nobis amet corrupti repudiandae provident"
  },
  {
    "userId": 8,
    "id": 78,
    "title": "quam voluptatibus rerum veritatis",
    "body": "nobis facilis odit tempore cupiditate quia\nassumenda doloribus rerum qui ea\nillum et qui totam\naut veniam repellendus"
  },
  {
    "userId": 8,
    "id": 79,
    "title": "pariatur consequatur quia magnam autem omnis non amet",
    "body": "libero accusantium et et facere incidunt sit dolorem\nnon excepturi qui quia sed laudantium\nquisquam molestiae ducimus est\nofficiis esse molestiae iste et quos"
  },
  {
    "userId": 8,
    "id": 80,
    "title": "labore in ex et explicabo corporis aut quas",
    "body": "ex quod dolorem ea eum iure qui provident amet\nquia qui facere excepturi et repudiandae\nasperiores molestias provident\nminus incidunt vero fugit rerum sint sunt excepturi provident"
  },
  {
    "userId": 9,
    "id": 81,
    "title": "tempora rem veritatis voluptas quo dolores vero",
    "body": "facere qui nesciunt est voluptatum voluptatem nisi\nsequi eligendi necessitatibus ea at rerum itaque\nharum non ratione velit laboriosam quis consequuntur\nex officiis minima doloremque voluptas ut aut"
  },
  {
    "userId": 9,
    "id": 82,
    "title": "laudantium voluptate suscipit sunt enim enim",
    "body": "ut libero sit aut totam inventore sunt\nporro sint qui sunt molestiae\nconsequatur cupiditate qui iste ducimus adipisci\ndolor enim assumenda soluta laboriosam amet iste delectus hic"
  },
  {
    "userId": 9,
    "id": 83,
    "title": "odit et voluptates doloribus alias odio et",
    "body": "est molestiae facilis quis tempora numquam nihil qui\nvoluptate sapiente consequatur est qui\nnecessitatibus autem aut ipsa aperiam modi dolore numquam\nreprehenderit eius rem quibusdam"
  },
  {
    "userId": 9,
    "id": 84,
    "title": "optio ipsam molestias necessitatibus occaecati facilis veritatis dolores aut",
    "body": "sint molestiae magni a et quos\neaque et quasi\nut rerum debitis similique veniam\nrecusandae dignissimos dolor incidunt consequatur odio"
  },
  {
    "userId": 9,
    "id": 85,
    "title": "dolore veritatis porro provident adipisci blanditiis et sunt",
    "body": "similique sed nisi voluptas iusto omnis\nmollitia et quo\nassumenda suscipit officia magnam sint sed tempora\nenim provident pariatur praesentium atque animi amet ratione"
  },
  {
    "userId": 9,
    "id": 86,
    "title": "placeat quia et porro iste",
    "body": "quasi excepturi consequatur iste autem temporibus sed molestiae beatae\net quaerat et esse ut\nvoluptatem occaecati et vel explicabo autem\nasperiores pariatur deserunt optio"
  },
  {
    "userId": 9,
    "id": 87,
    "title": "nostrum quis quasi placeat",
    "body": "eos et molestiae\nnesciunt ut a\ndolores perspiciatis repellendus repellat aliquid\nmagnam sint rem ipsum est"
  },
  {
    "userId": 9,
    "id": 88,
    "title": "sapiente omnis fugit eos",
    "body": "consequatur omnis est praesentium\nducimus non iste\nneque hic deserunt\nvoluptatibus veniam cum et rerum sed"
  },
  {
    "userId": 9,
    "id": 89,
    "title": "sint soluta et vel magnam aut ut sed qui",
    "body": "repellat aut aperiam totam temporibus autem et\narchitecto magnam ut\nconsequatur qui cupiditate rerum quia soluta dignissimos nihil iure\ntempore quas est"
  },
  {
    "userId": 9,
    "id": 90,
    "title": "ad iusto omnis odit dolor voluptatibus",
    "body": "minus omnis soluta quia\nqui sed adipisci voluptates illum ipsam voluptatem\neligendi officia ut in\neos soluta similique molestias praesentium blanditiis"
  },
  {
    "userId": 10,
    "id": 91,
    "title": "aut amet sed",
    "body": "libero voluptate eveniet aperiam sed\nsunt placeat suscipit molestias\nsimilique fugit nam natus\nexpedita consequatur consequatur dolores quia eos et placeat"
  },
  {
    "userId": 10,
    "id": 92,
    "title": "ratione ex tenetur perferendis",
    "body": "aut et excepturi dicta laudantium sint rerum nihil\nlaudantium et at\na neque minima officia et similique libero et\ncommodi voluptate qui"
  },
  {
    "userId": 10,
    "id": 93,
    "title": "beatae soluta recusandae",
    "body": "dolorem quibusdam ducimus consequuntur dicta aut quo laboriosam\nvoluptatem quis enim recusandae ut sed sunt\nnostrum est odit totam\nsit error sed sunt eveniet provident qui nulla"
  },
  {
    "userId": 10,
    "id": 94,
    "title": "qui qui voluptates illo iste minima",
    "body": "aspernatur expedita soluta quo ab ut similique\nexpedita dolores amet\nsed temporibus distinctio magnam saepe deleniti\nomnis facilis nam ipsum natus sint similique omnis"
  },
  {
    "userId": 10,
    "id": 95,
    "title": "id minus libero illum nam ad officiis",
    "body": "earum voluptatem facere provident blanditiis velit laboriosam\npariatur accusamus odio saepe\ncumque dolor qui a dicta ab doloribus consequatur omnis\ncorporis cupiditate eaque assumenda ad nesciunt"
  },
  {
    "userId": 10,
    "id": 96,
    "title": "quaerat velit veniam amet cupiditate aut numquam ut sequi",
    "body": "in non odio excepturi sint eum\nlabore voluptates vitae quia qui et\ninventore itaque rerum\nveniam non exercitationem delectus aut"
  },
  {
    "userId": 10,
    "id": 97,
    "title": "quas fugiat ut perspiciatis vero provident",
    "body": "eum non blanditiis soluta porro quibusdam voluptas\nvel voluptatem qui placeat dolores qui velit aut\nvel inventore aut cumque culpa explicabo aliquid at\nperspiciatis est et voluptatem dignissimos dolor itaque sit nam"
  },
  {
    "userId": 10,
    "id": 98,
    "title": "laboriosam dolor voluptates",
    "body": "doloremque ex facilis sit sint culpa\nsoluta assumenda eligendi non ut eius\nsequi ducimus vel quasi\nveritatis est dolores"
  },
  {
    "userId": 10,
    "id": 99,
    "title": "temporibus sit alias delectus eligendi possimus magni",
    "body": "quo deleniti praesentium dicta non quod\naut est molestias\nmolestias et officia quis nihil\nitaque dolorem quia"
  },
  {
    "userId": 10,
    "id": 100,
    "title": "at nam consequatur ea labore ea harum",
    "body": "cupiditate quo est a modi nesciunt soluta\nipsa voluptas error itaque dicta in\nautem qui minus magnam et distinctio eum\naccusamus ratione error aut"
  }
]

15:30:39.251 [main] DEBUG com.intuit.karate - write to file: target\assignment\apiResponse.csv
15:30:39.254 [main] INFO  com.intuit.karate - [print] CSV created successfully 
15:30:40.077 [main] INFO  com.intuit.karate.Suite - <<pass>> feature 1 of 1 (0 remaining) classpath:examples/features/assignment/assignment3.feature
15:32:31.386 [main] INFO  com.intuit.karate.Runner - using system property 'karate.options': classpath:examples/features/assignment/readCsv.feature
15:32:32.474 [main] DEBUG com.intuit.karate.Suite - [config] classpath:karate-config.js
15:32:32.480 [main] INFO  com.intuit.karate.Suite - backed up existing 'target\karate-reports' dir to: target\karate-reports_1779703352476
15:32:33.733 [main] ERROR c.intuit.karate.core.FeatureRuntime - classpath:examples/features/assignment/readCsv.feature[1:18] dynamic expression evaluation failed: read('../target/assignment/apiResponse.csv')
15:32:34.526 [main] INFO  com.intuit.karate.Suite - <<fail>> feature 1 of 1 (0 remaining) classpath:examples/features/assignment/readCsv.feature
15:33:29.515 [main] INFO  com.intuit.karate.Runner - using system property 'karate.options': classpath:examples/features/assignment/readCsv.feature
15:33:30.160 [main] DEBUG com.intuit.karate.Suite - [config] classpath:karate-config.js
15:33:30.167 [main] INFO  com.intuit.karate.Suite - backed up existing 'target\karate-reports' dir to: target\karate-reports_1779703410162
15:36:19.629 [main] INFO  com.intuit.karate.Runner - using system property 'karate.options': classpath:examples/features/assignment/readCsv.feature
15:36:20.351 [main] DEBUG com.intuit.karate.Suite - [config] classpath:karate-config.js
15:36:20.356 [main] INFO  com.intuit.karate.Suite - backed up existing 'target\karate-reports' dir to: target\karate-reports_1779703580352
15:37:49.613 [main] INFO  com.intuit.karate.Runner - using system property 'karate.options': classpath:examples/features/assignment/readCsv.feature
15:37:50.262 [main] DEBUG com.intuit.karate.Suite - [config] classpath:karate-config.js
15:37:50.266 [main] INFO  com.intuit.karate.Suite - backed up existing 'target\karate-reports' dir to: target\karate-reports_1779703670263
15:37:51.254 [main] ERROR c.intuit.karate.core.FeatureRuntime - classpath:examples/features/assignment/readCsv.feature[1:22] dynamic expression evaluation failed: csvData
15:37:51.910 [main] INFO  com.intuit.karate.Suite - <<fail>> feature 1 of 1 (0 remaining) classpath:examples/features/assignment/readCsv.feature
15:40:32.102 [main] INFO  com.intuit.karate.Runner - using system property 'karate.options': classpath:examples/features/assignment/assignment3.feature
15:40:32.754 [main] DEBUG com.intuit.karate.Suite - [config] classpath:karate-config.js
15:40:32.761 [main] INFO  com.intuit.karate.Suite - backed up existing 'target\karate-reports' dir to: target\karate-reports_1779703832757
15:40:33.915 [main] INFO  com.intuit.karate - karate.env system property was: null 
15:40:33.991 [main] INFO  com.intuit.karate - Loaded API Key: free_user_3DvGOP3388gqq71IAt6bHhQ6DDZ 
15:40:34.352 [main] DEBUG com.intuit.karate - request:
1 > GET https://jsonplaceholder.typicode.com/posts
1 > Host: jsonplaceholder.typicode.com
1 > Connection: Keep-Alive
1 > User-Agent: Apache-HttpClient/4.5.14 (Java/17.0.9)
1 > Accept-Encoding: gzip,deflate


15:40:35.236 [main] DEBUG com.intuit.karate - response time in milliseconds: 879
1 < 200
1 < Date: Mon, 25 May 2026 10:10:35 GMT
1 < Content-Type: application/json; charset=utf-8
1 < Transfer-Encoding: chunked
1 < Connection: keep-alive
1 < access-control-allow-credentials: true
1 < Cache-Control: max-age=43200
1 < etag: W/"6b80-Ybsq/K6GwwqrYkAsFxqDXGC7DoM"
1 < expires: -1
1 < nel: {"report_to":"heroku-nel","response_headers":["Via"],"max_age":3600,"success_fraction":0.01,"failure_fraction":0.1}
1 < pragma: no-cache
1 < report-to: {"group":"heroku-nel","endpoints":[{"url":"https://nel.heroku.com/reports?s=1TJK7LY9IOlmtKHtBPLS3yjrCFO1HXc2r4wAsJE0FDQ%3D\u0026sid=e11707d5-02a7-43ef-b45e-2cf4d2036f7d\u0026ts=1779238720"}],"max_age":3600}
1 < reporting-endpoints: heroku-nel="https://nel.heroku.com/reports?s=1TJK7LY9IOlmtKHtBPLS3yjrCFO1HXc2r4wAsJE0FDQ%3D&sid=e11707d5-02a7-43ef-b45e-2cf4d2036f7d&ts=1779238720"
1 < Server: cloudflare
1 < vary: Origin, Accept-Encoding
1 < via: 2.0 heroku-router
1 < x-content-type-options: nosniff
1 < x-powered-by: Express
1 < x-ratelimit-limit: 1000
1 < x-ratelimit-remaining: 999
1 < x-ratelimit-reset: 1779238736
1 < Age: 3023
1 < cf-cache-status: HIT
1 < Server-Timing: cfCacheStatus;desc="HIT"
1 < Server-Timing: cfEdge;dur=4,cfOrigin;dur=0
1 < CF-RAY: a013c04a1c0a4687-MRS
1 < alt-svc: h3=":443"; ma=86400
[
  {
    "userId": 1,
    "id": 1,
    "title": "sunt aut facere repellat provident occaecati excepturi optio reprehenderit",
    "body": "quia et suscipit\nsuscipit recusandae consequuntur expedita et cum\nreprehenderit molestiae ut ut quas totam\nnostrum rerum est autem sunt rem eveniet architecto"
  },
  {
    "userId": 1,
    "id": 2,
    "title": "qui est esse",
    "body": "est rerum tempore vitae\nsequi sint nihil reprehenderit dolor beatae ea dolores neque\nfugiat blanditiis voluptate porro vel nihil molestiae ut reiciendis\nqui aperiam non debitis possimus qui neque nisi nulla"
  },
  {
    "userId": 1,
    "id": 3,
    "title": "ea molestias quasi exercitationem repellat qui ipsa sit aut",
    "body": "et iusto sed quo iure\nvoluptatem occaecati omnis eligendi aut ad\nvoluptatem doloribus vel accusantium quis pariatur\nmolestiae porro eius odio et labore et velit aut"
  },
  {
    "userId": 1,
    "id": 4,
    "title": "eum et est occaecati",
    "body": "ullam et saepe reiciendis voluptatem adipisci\nsit amet autem assumenda provident rerum culpa\nquis hic commodi nesciunt rem tenetur doloremque ipsam iure\nquis sunt voluptatem rerum illo velit"
  },
  {
    "userId": 1,
    "id": 5,
    "title": "nesciunt quas odio",
    "body": "repudiandae veniam quaerat sunt sed\nalias aut fugiat sit autem sed est\nvoluptatem omnis possimus esse voluptatibus quis\nest aut tenetur dolor neque"
  },
  {
    "userId": 1,
    "id": 6,
    "title": "dolorem eum magni eos aperiam quia",
    "body": "ut aspernatur corporis harum nihil quis provident sequi\nmollitia nobis aliquid molestiae\nperspiciatis et ea nemo ab reprehenderit accusantium quas\nvoluptate dolores velit et doloremque molestiae"
  },
  {
    "userId": 1,
    "id": 7,
    "title": "magnam facilis autem",
    "body": "dolore placeat quibusdam ea quo vitae\nmagni quis enim qui quis quo nemo aut saepe\nquidem repellat excepturi ut quia\nsunt ut sequi eos ea sed quas"
  },
  {
    "userId": 1,
    "id": 8,
    "title": "dolorem dolore est ipsam",
    "body": "dignissimos aperiam dolorem qui eum\nfacilis quibusdam animi sint suscipit qui sint possimus cum\nquaerat magni maiores excepturi\nipsam ut commodi dolor voluptatum modi aut vitae"
  },
  {
    "userId": 1,
    "id": 9,
    "title": "nesciunt iure omnis dolorem tempora et accusantium",
    "body": "consectetur animi nesciunt iure dolore\nenim quia ad\nveniam autem ut quam aut nobis\net est aut quod aut provident voluptas autem voluptas"
  },
  {
    "userId": 1,
    "id": 10,
    "title": "optio molestias id quia eum",
    "body": "quo et expedita modi cum officia vel magni\ndoloribus qui repudiandae\nvero nisi sit\nquos veniam quod sed accusamus veritatis error"
  },
  {
    "userId": 2,
    "id": 11,
    "title": "et ea vero quia laudantium autem",
    "body": "delectus reiciendis molestiae occaecati non minima eveniet qui voluptatibus\naccusamus in eum beatae sit\nvel qui neque voluptates ut commodi qui incidunt\nut animi commodi"
  },
  {
    "userId": 2,
    "id": 12,
    "title": "in quibusdam tempore odit est dolorem",
    "body": "itaque id aut magnam\npraesentium quia et ea odit et ea voluptas et\nsapiente quia nihil amet occaecati quia id voluptatem\nincidunt ea est distinctio odio"
  },
  {
    "userId": 2,
    "id": 13,
    "title": "dolorum ut in voluptas mollitia et saepe quo animi",
    "body": "aut dicta possimus sint mollitia voluptas commodi quo doloremque\niste corrupti reiciendis voluptatem eius rerum\nsit cumque quod eligendi laborum minima\nperferendis recusandae assumenda consectetur porro architecto ipsum ipsam"
  },
  {
    "userId": 2,
    "id": 14,
    "title": "voluptatem eligendi optio",
    "body": "fuga et accusamus dolorum perferendis illo voluptas\nnon doloremque neque facere\nad qui dolorum molestiae beatae\nsed aut voluptas totam sit illum"
  },
  {
    "userId": 2,
    "id": 15,
    "title": "eveniet quod temporibus",
    "body": "reprehenderit quos placeat\nvelit minima officia dolores impedit repudiandae molestiae nam\nvoluptas recusandae quis delectus\nofficiis harum fugiat vitae"
  },
  {
    "userId": 2,
    "id": 16,
    "title": "sint suscipit perspiciatis velit dolorum rerum ipsa laboriosam odio",
    "body": "suscipit nam nisi quo aperiam aut\nasperiores eos fugit maiores voluptatibus quia\nvoluptatem quis ullam qui in alias quia est\nconsequatur magni mollitia accusamus ea nisi voluptate dicta"
  },
  {
    "userId": 2,
    "id": 17,
    "title": "fugit voluptas sed molestias voluptatem provident",
    "body": "eos voluptas et aut odit natus earum\naspernatur fuga molestiae ullam\ndeserunt ratione qui eos\nqui nihil ratione nemo velit ut aut id quo"
  },
  {
    "userId": 2,
    "id": 18,
    "title": "voluptate et itaque vero tempora molestiae",
    "body": "eveniet quo quis\nlaborum totam consequatur non dolor\nut et est repudiandae\nest voluptatem vel debitis et magnam"
  },
  {
    "userId": 2,
    "id": 19,
    "title": "adipisci placeat illum aut reiciendis qui",
    "body": "illum quis cupiditate provident sit magnam\nea sed aut omnis\nveniam maiores ullam consequatur atque\nadipisci quo iste expedita sit quos voluptas"
  },
  {
    "userId": 2,
    "id": 20,
    "title": "doloribus ad provident suscipit at",
    "body": "qui consequuntur ducimus possimus quisquam amet similique\nsuscipit porro ipsam amet\neos veritatis officiis exercitationem vel fugit aut necessitatibus totam\nomnis rerum consequatur expedita quidem cumque explicabo"
  },
  {
    "userId": 3,
    "id": 21,
    "title": "asperiores ea ipsam voluptatibus modi minima quia sint",
    "body": "repellat aliquid praesentium dolorem quo\nsed totam minus non itaque\nnihil labore molestiae sunt dolor eveniet hic recusandae veniam\ntempora et tenetur expedita sunt"
  },
  {
    "userId": 3,
    "id": 22,
    "title": "dolor sint quo a velit explicabo quia nam",
    "body": "eos qui et ipsum ipsam suscipit aut\nsed omnis non odio\nexpedita earum mollitia molestiae aut atque rem suscipit\nnam impedit esse"
  },
  {
    "userId": 3,
    "id": 23,
    "title": "maxime id vitae nihil numquam",
    "body": "veritatis unde neque eligendi\nquae quod architecto quo neque vitae\nest illo sit tempora doloremque fugit quod\net et vel beatae sequi ullam sed tenetur perspiciatis"
  },
  {
    "userId": 3,
    "id": 24,
    "title": "autem hic labore sunt dolores incidunt",
    "body": "enim et ex nulla\nomnis voluptas quia qui\nvoluptatem consequatur numquam aliquam sunt\ntotam recusandae id dignissimos aut sed asperiores deserunt"
  },
  {
    "userId": 3,
    "id": 25,
    "title": "rem alias distinctio quo quis",
    "body": "ullam consequatur ut\nomnis quis sit vel consequuntur\nipsa eligendi ipsum molestiae et omnis error nostrum\nmolestiae illo tempore quia et distinctio"
  },
  {
    "userId": 3,
    "id": 26,
    "title": "est et quae odit qui non",
    "body": "similique esse doloribus nihil accusamus\nomnis dolorem fuga consequuntur reprehenderit fugit recusandae temporibus\nperspiciatis cum ut laudantium\nomnis aut molestiae vel vero"
  },
  {
    "userId": 3,
    "id": 27,
    "title": "quasi id et eos tenetur aut quo autem",
    "body": "eum sed dolores ipsam sint possimus debitis occaecati\ndebitis qui qui et\nut placeat enim earum aut odit facilis\nconsequatur suscipit necessitatibus rerum sed inventore temporibus consequatur"
  },
  {
    "userId": 3,
    "id": 28,
    "title": "delectus ullam et corporis nulla voluptas sequi",
    "body": "non et quaerat ex quae ad maiores\nmaiores recusandae totam aut blanditiis mollitia quas illo\nut voluptatibus voluptatem\nsimilique nostrum eum"
  },
  {
    "userId": 3,
    "id": 29,
    "title": "iusto eius quod necessitatibus culpa ea",
    "body": "odit magnam ut saepe sed non qui\ntempora atque nihil\naccusamus illum doloribus illo dolor\neligendi repudiandae odit magni similique sed cum maiores"
  },
  {
    "userId": 3,
    "id": 30,
    "title": "a quo magni similique perferendis",
    "body": "alias dolor cumque\nimpedit blanditiis non eveniet odio maxime\nblanditiis amet eius quis tempora quia autem rem\na provident perspiciatis quia"
  },
  {
    "userId": 4,
    "id": 31,
    "title": "ullam ut quidem id aut vel consequuntur",
    "body": "debitis eius sed quibusdam non quis consectetur vitae\nimpedit ut qui consequatur sed aut in\nquidem sit nostrum et maiores adipisci atque\nquaerat voluptatem adipisci repudiandae"
  },
  {
    "userId": 4,
    "id": 32,
    "title": "doloremque illum aliquid sunt",
    "body": "deserunt eos nobis asperiores et hic\nest debitis repellat molestiae optio\nnihil ratione ut eos beatae quibusdam distinctio maiores\nearum voluptates et aut adipisci ea maiores voluptas maxime"
  },
  {
    "userId": 4,
    "id": 33,
    "title": "qui explicabo molestiae dolorem",
    "body": "rerum ut et numquam laborum odit est sit\nid qui sint in\nquasi tenetur tempore aperiam et quaerat qui in\nrerum officiis sequi cumque quod"
  },
  {
    "userId": 4,
    "id": 34,
    "title": "magnam ut rerum iure",
    "body": "ea velit perferendis earum ut voluptatem voluptate itaque iusto\ntotam pariatur in\nnemo voluptatem voluptatem autem magni tempora minima in\nest distinctio qui assumenda accusamus dignissimos officia nesciunt nobis"
  },
  {
    "userId": 4,
    "id": 35,
    "title": "id nihil consequatur molestias animi provident",
    "body": "nisi error delectus possimus ut eligendi vitae\nplaceat eos harum cupiditate facilis reprehenderit voluptatem beatae\nmodi ducimus quo illum voluptas eligendi\net nobis quia fugit"
  },
  {
    "userId": 4,
    "id": 36,
    "title": "fuga nam accusamus voluptas reiciendis itaque",
    "body": "ad mollitia et omnis minus architecto odit\nvoluptas doloremque maxime aut non ipsa qui alias veniam\nblanditiis culpa aut quia nihil cumque facere et occaecati\nqui aspernatur quia eaque ut aperiam inventore"
  },
  {
    "userId": 4,
    "id": 37,
    "title": "provident vel ut sit ratione est",
    "body": "debitis et eaque non officia sed nesciunt pariatur vel\nvoluptatem iste vero et ea\nnumquam aut expedita ipsum nulla in\nvoluptates omnis consequatur aut enim officiis in quam qui"
  },
  {
    "userId": 4,
    "id": 38,
    "title": "explicabo et eos deleniti nostrum ab id repellendus",
    "body": "animi esse sit aut sit nesciunt assumenda eum voluptas\nquia voluptatibus provident quia necessitatibus ea\nrerum repudiandae quia voluptatem delectus fugit aut id quia\nratione optio eos iusto veniam iure"
  },
  {
    "userId": 4,
    "id": 39,
    "title": "eos dolorem iste accusantium est eaque quam",
    "body": "corporis rerum ducimus vel eum accusantium\nmaxime aspernatur a porro possimus iste omnis\nest in deleniti asperiores fuga aut\nvoluptas sapiente vel dolore minus voluptatem incidunt ex"
  },
  {
    "userId": 4,
    "id": 40,
    "title": "enim quo cumque",
    "body": "ut voluptatum aliquid illo tenetur nemo sequi quo facilis\nipsum rem optio mollitia quas\nvoluptatem eum voluptas qui\nunde omnis voluptatem iure quasi maxime voluptas nam"
  },
  {
    "userId": 5,
    "id": 41,
    "title": "non est facere",
    "body": "molestias id nostrum\nexcepturi molestiae dolore omnis repellendus quaerat saepe\nconsectetur iste quaerat tenetur asperiores accusamus ex ut\nnam quidem est ducimus sunt debitis saepe"
  },
  {
    "userId": 5,
    "id": 42,
    "title": "commodi ullam sint et excepturi error explicabo praesentium voluptas",
    "body": "odio fugit voluptatum ducimus earum autem est incidunt voluptatem\nodit reiciendis aliquam sunt sequi nulla dolorem\nnon facere repellendus voluptates quia\nratione harum vitae ut"
  },
  {
    "userId": 5,
    "id": 43,
    "title": "eligendi iste nostrum consequuntur adipisci praesentium sit beatae perferendis",
    "body": "similique fugit est\nillum et dolorum harum et voluptate eaque quidem\nexercitationem quos nam commodi possimus cum odio nihil nulla\ndolorum exercitationem magnam ex et a et distinctio debitis"
  },
  {
    "userId": 5,
    "id": 44,
    "title": "optio dolor molestias sit",
    "body": "temporibus est consectetur dolore\net libero debitis vel velit laboriosam quia\nipsum quibusdam qui itaque fuga rem aut\nea et iure quam sed maxime ut distinctio quae"
  },
  {
    "userId": 5,
    "id": 45,
    "title": "ut numquam possimus omnis eius suscipit laudantium iure",
    "body": "est natus reiciendis nihil possimus aut provident\nex et dolor\nrepellat pariatur est\nnobis rerum repellendus dolorem autem"
  },
  {
    "userId": 5,
    "id": 46,
    "title": "aut quo modi neque nostrum ducimus",
    "body": "voluptatem quisquam iste\nvoluptatibus natus officiis facilis dolorem\nquis quas ipsam\nvel et voluptatum in aliquid"
  },
  {
    "userId": 5,
    "id": 47,
    "title": "quibusdam cumque rem aut deserunt",
    "body": "voluptatem assumenda ut qui ut cupiditate aut impedit veniam\noccaecati nemo illum voluptatem laudantium\nmolestiae beatae rerum ea iure soluta nostrum\neligendi et voluptate"
  },
  {
    "userId": 5,
    "id": 48,
    "title": "ut voluptatem illum ea doloribus itaque eos",
    "body": "voluptates quo voluptatem facilis iure occaecati\nvel assumenda rerum officia et\nillum perspiciatis ab deleniti\nlaudantium repellat ad ut et autem reprehenderit"
  },
  {
    "userId": 5,
    "id": 49,
    "title": "laborum non sunt aut ut assumenda perspiciatis voluptas",
    "body": "inventore ab sint\nnatus fugit id nulla sequi architecto nihil quaerat\neos tenetur in in eum veritatis non\nquibusdam officiis aspernatur cumque aut commodi aut"
  },
  {
    "userId": 5,
    "id": 50,
    "title": "repellendus qui recusandae incidunt voluptates tenetur qui omnis exercitationem",
    "body": "error suscipit maxime adipisci consequuntur recusandae\nvoluptas eligendi et est et voluptates\nquia distinctio ab amet quaerat molestiae et vitae\nadipisci impedit sequi nesciunt quis consectetur"
  },
  {
    "userId": 6,
    "id": 51,
    "title": "soluta aliquam aperiam consequatur illo quis voluptas",
    "body": "sunt dolores aut doloribus\ndolore doloribus voluptates tempora et\ndoloremque et quo\ncum asperiores sit consectetur dolorem"
  },
  {
    "userId": 6,
    "id": 52,
    "title": "qui enim et consequuntur quia animi quis voluptate quibusdam",
    "body": "iusto est quibusdam fuga quas quaerat molestias\na enim ut sit accusamus enim\ntemporibus iusto accusantium provident architecto\nsoluta esse reprehenderit qui laborum"
  },
  {
    "userId": 6,
    "id": 53,
    "title": "ut quo aut ducimus alias",
    "body": "minima harum praesentium eum rerum illo dolore\nquasi exercitationem rerum nam\nporro quis neque quo\nconsequatur minus dolor quidem veritatis sunt non explicabo similique"
  },
  {
    "userId": 6,
    "id": 54,
    "title": "sit asperiores ipsam eveniet odio non quia",
    "body": "totam corporis dignissimos\nvitae dolorem ut occaecati accusamus\nex velit deserunt\net exercitationem vero incidunt corrupti mollitia"
  },
  {
    "userId": 6,
    "id": 55,
    "title": "sit vel voluptatem et non libero",
    "body": "debitis excepturi ea perferendis harum libero optio\neos accusamus cum fuga ut sapiente repudiandae\net ut incidunt omnis molestiae\nnihil ut eum odit"
  },
  {
    "userId": 6,
    "id": 56,
    "title": "qui et at rerum necessitatibus",
    "body": "aut est omnis dolores\nneque rerum quod ea rerum velit pariatur beatae excepturi\net provident voluptas corrupti\ncorporis harum reprehenderit dolores eligendi"
  },
  {
    "userId": 6,
    "id": 57,
    "title": "sed ab est est",
    "body": "at pariatur consequuntur earum quidem\nquo est laudantium soluta voluptatem\nqui ullam et est\net cum voluptas voluptatum repellat est"
  },
  {
    "userId": 6,
    "id": 58,
    "title": "voluptatum itaque dolores nisi et quasi",
    "body": "veniam voluptatum quae adipisci id\net id quia eos ad et dolorem\naliquam quo nisi sunt eos impedit error\nad similique veniam"
  },
  {
    "userId": 6,
    "id": 59,
    "title": "qui commodi dolor at maiores et quis id accusantium",
    "body": "perspiciatis et quam ea autem temporibus non voluptatibus qui\nbeatae a earum officia nesciunt dolores suscipit voluptas et\nanimi doloribus cum rerum quas et magni\net hic ut ut commodi expedita sunt"
  },
  {
    "userId": 6,
    "id": 60,
    "title": "consequatur placeat omnis quisquam quia reprehenderit fugit veritatis facere",
    "body": "asperiores sunt ab assumenda cumque modi velit\nqui esse omnis\nvoluptate et fuga perferendis voluptas\nillo ratione amet aut et omnis"
  },
  {
    "userId": 7,
    "id": 61,
    "title": "voluptatem doloribus consectetur est ut ducimus",
    "body": "ab nemo optio odio\ndelectus tenetur corporis similique nobis repellendus rerum omnis facilis\nvero blanditiis debitis in nesciunt doloribus dicta dolores\nmagnam minus velit"
  },
  {
    "userId": 7,
    "id": 62,
    "title": "beatae enim quia vel",
    "body": "enim aspernatur illo distinctio quae praesentium\nbeatae alias amet delectus qui voluptate distinctio\nodit sint accusantium autem omnis\nquo molestiae omnis ea eveniet optio"
  },
  {
    "userId": 7,
    "id": 63,
    "title": "voluptas blanditiis repellendus animi ducimus error sapiente et suscipit",
    "body": "enim adipisci aspernatur nemo\nnumquam omnis facere dolorem dolor ex quis temporibus incidunt\nab delectus culpa quo reprehenderit blanditiis asperiores\naccusantium ut quam in voluptatibus voluptas ipsam dicta"
  },
  {
    "userId": 7,
    "id": 64,
    "title": "et fugit quas eum in in aperiam quod",
    "body": "id velit blanditiis\neum ea voluptatem\nmolestiae sint occaecati est eos perspiciatis\nincidunt a error provident eaque aut aut qui"
  },
  {
    "userId": 7,
    "id": 65,
    "title": "consequatur id enim sunt et et",
    "body": "voluptatibus ex esse\nsint explicabo est aliquid cumque adipisci fuga repellat labore\nmolestiae corrupti ex saepe at asperiores et perferendis\nnatus id esse incidunt pariatur"
  },
  {
    "userId": 7,
    "id": 66,
    "title": "repudiandae ea animi iusto",
    "body": "officia veritatis tenetur vero qui itaque\nsint non ratione\nsed et ut asperiores iusto eos molestiae nostrum\nveritatis quibusdam et nemo iusto saepe"
  },
  {
    "userId": 7,
    "id": 67,
    "title": "aliquid eos sed fuga est maxime repellendus",
    "body": "reprehenderit id nostrum\nvoluptas doloremque pariatur sint et accusantium quia quod aspernatur\net fugiat amet\nnon sapiente et consequatur necessitatibus molestiae"
  },
  {
    "userId": 7,
    "id": 68,
    "title": "odio quis facere architecto reiciendis optio",
    "body": "magnam molestiae perferendis quisquam\nqui cum reiciendis\nquaerat animi amet hic inventore\nea quia deleniti quidem saepe porro velit"
  },
  {
    "userId": 7,
    "id": 69,
    "title": "fugiat quod pariatur odit minima",
    "body": "officiis error culpa consequatur modi asperiores et\ndolorum assumenda voluptas et vel qui aut vel rerum\nvoluptatum quisquam perspiciatis quia rerum consequatur totam quas\nsequi commodi repudiandae asperiores et saepe a"
  },
  {
    "userId": 7,
    "id": 70,
    "title": "voluptatem laborum magni",
    "body": "sunt repellendus quae\nest asperiores aut deleniti esse accusamus repellendus quia aut\nquia dolorem unde\neum tempora esse dolore"
  },
  {
    "userId": 8,
    "id": 71,
    "title": "et iusto veniam et illum aut fuga",
    "body": "occaecati a doloribus\niste saepe consectetur placeat eum voluptate dolorem et\nqui quo quia voluptas\nrerum ut id enim velit est perferendis"
  },
  {
    "userId": 8,
    "id": 72,
    "title": "sint hic doloribus consequatur eos non id",
    "body": "quam occaecati qui deleniti consectetur\nconsequatur aut facere quas exercitationem aliquam hic voluptas\nneque id sunt ut aut accusamus\nsunt consectetur expedita inventore velit"
  },
  {
    "userId": 8,
    "id": 73,
    "title": "consequuntur deleniti eos quia temporibus ab aliquid at",
    "body": "voluptatem cumque tenetur consequatur expedita ipsum nemo quia explicabo\naut eum minima consequatur\ntempore cumque quae est et\net in consequuntur voluptatem voluptates aut"
  },
  {
    "userId": 8,
    "id": 74,
    "title": "enim unde ratione doloribus quas enim ut sit sapiente",
    "body": "odit qui et et necessitatibus sint veniam\nmollitia amet doloremque molestiae commodi similique magnam et quam\nblanditiis est itaque\nquo et tenetur ratione occaecati molestiae tempora"
  },
  {
    "userId": 8,
    "id": 75,
    "title": "dignissimos eum dolor ut enim et delectus in",
    "body": "commodi non non omnis et voluptas sit\nautem aut nobis magnam et sapiente voluptatem\net laborum repellat qui delectus facilis temporibus\nrerum amet et nemo voluptate expedita adipisci error dolorem"
  },
  {
    "userId": 8,
    "id": 76,
    "title": "doloremque officiis ad et non perferendis",
    "body": "ut animi facere\ntotam iusto tempore\nmolestiae eum aut et dolorem aperiam\nquaerat recusandae totam odio"
  },
  {
    "userId": 8,
    "id": 77,
    "title": "necessitatibus quasi exercitationem odio",
    "body": "modi ut in nulla repudiandae dolorum nostrum eos\naut consequatur omnis\nut incidunt est omnis iste et quam\nvoluptates sapiente aliquam asperiores nobis amet corrupti repudiandae provident"
  },
  {
    "userId": 8,
    "id": 78,
    "title": "quam voluptatibus rerum veritatis",
    "body": "nobis facilis odit tempore cupiditate quia\nassumenda doloribus rerum qui ea\nillum et qui totam\naut veniam repellendus"
  },
  {
    "userId": 8,
    "id": 79,
    "title": "pariatur consequatur quia magnam autem omnis non amet",
    "body": "libero accusantium et et facere incidunt sit dolorem\nnon excepturi qui quia sed laudantium\nquisquam molestiae ducimus est\nofficiis esse molestiae iste et quos"
  },
  {
    "userId": 8,
    "id": 80,
    "title": "labore in ex et explicabo corporis aut quas",
    "body": "ex quod dolorem ea eum iure qui provident amet\nquia qui facere excepturi et repudiandae\nasperiores molestias provident\nminus incidunt vero fugit rerum sint sunt excepturi provident"
  },
  {
    "userId": 9,
    "id": 81,
    "title": "tempora rem veritatis voluptas quo dolores vero",
    "body": "facere qui nesciunt est voluptatum voluptatem nisi\nsequi eligendi necessitatibus ea at rerum itaque\nharum non ratione velit laboriosam quis consequuntur\nex officiis minima doloremque voluptas ut aut"
  },
  {
    "userId": 9,
    "id": 82,
    "title": "laudantium voluptate suscipit sunt enim enim",
    "body": "ut libero sit aut totam inventore sunt\nporro sint qui sunt molestiae\nconsequatur cupiditate qui iste ducimus adipisci\ndolor enim assumenda soluta laboriosam amet iste delectus hic"
  },
  {
    "userId": 9,
    "id": 83,
    "title": "odit et voluptates doloribus alias odio et",
    "body": "est molestiae facilis quis tempora numquam nihil qui\nvoluptate sapiente consequatur est qui\nnecessitatibus autem aut ipsa aperiam modi dolore numquam\nreprehenderit eius rem quibusdam"
  },
  {
    "userId": 9,
    "id": 84,
    "title": "optio ipsam molestias necessitatibus occaecati facilis veritatis dolores aut",
    "body": "sint molestiae magni a et quos\neaque et quasi\nut rerum debitis similique veniam\nrecusandae dignissimos dolor incidunt consequatur odio"
  },
  {
    "userId": 9,
    "id": 85,
    "title": "dolore veritatis porro provident adipisci blanditiis et sunt",
    "body": "similique sed nisi voluptas iusto omnis\nmollitia et quo\nassumenda suscipit officia magnam sint sed tempora\nenim provident pariatur praesentium atque animi amet ratione"
  },
  {
    "userId": 9,
    "id": 86,
    "title": "placeat quia et porro iste",
    "body": "quasi excepturi consequatur iste autem temporibus sed molestiae beatae\net quaerat et esse ut\nvoluptatem occaecati et vel explicabo autem\nasperiores pariatur deserunt optio"
  },
  {
    "userId": 9,
    "id": 87,
    "title": "nostrum quis quasi placeat",
    "body": "eos et molestiae\nnesciunt ut a\ndolores perspiciatis repellendus repellat aliquid\nmagnam sint rem ipsum est"
  },
  {
    "userId": 9,
    "id": 88,
    "title": "sapiente omnis fugit eos",
    "body": "consequatur omnis est praesentium\nducimus non iste\nneque hic deserunt\nvoluptatibus veniam cum et rerum sed"
  },
  {
    "userId": 9,
    "id": 89,
    "title": "sint soluta et vel magnam aut ut sed qui",
    "body": "repellat aut aperiam totam temporibus autem et\narchitecto magnam ut\nconsequatur qui cupiditate rerum quia soluta dignissimos nihil iure\ntempore quas est"
  },
  {
    "userId": 9,
    "id": 90,
    "title": "ad iusto omnis odit dolor voluptatibus",
    "body": "minus omnis soluta quia\nqui sed adipisci voluptates illum ipsam voluptatem\neligendi officia ut in\neos soluta similique molestias praesentium blanditiis"
  },
  {
    "userId": 10,
    "id": 91,
    "title": "aut amet sed",
    "body": "libero voluptate eveniet aperiam sed\nsunt placeat suscipit molestias\nsimilique fugit nam natus\nexpedita consequatur consequatur dolores quia eos et placeat"
  },
  {
    "userId": 10,
    "id": 92,
    "title": "ratione ex tenetur perferendis",
    "body": "aut et excepturi dicta laudantium sint rerum nihil\nlaudantium et at\na neque minima officia et similique libero et\ncommodi voluptate qui"
  },
  {
    "userId": 10,
    "id": 93,
    "title": "beatae soluta recusandae",
    "body": "dolorem quibusdam ducimus consequuntur dicta aut quo laboriosam\nvoluptatem quis enim recusandae ut sed sunt\nnostrum est odit totam\nsit error sed sunt eveniet provident qui nulla"
  },
  {
    "userId": 10,
    "id": 94,
    "title": "qui qui voluptates illo iste minima",
    "body": "aspernatur expedita soluta quo ab ut similique\nexpedita dolores amet\nsed temporibus distinctio magnam saepe deleniti\nomnis facilis nam ipsum natus sint similique omnis"
  },
  {
    "userId": 10,
    "id": 95,
    "title": "id minus libero illum nam ad officiis",
    "body": "earum voluptatem facere provident blanditiis velit laboriosam\npariatur accusamus odio saepe\ncumque dolor qui a dicta ab doloribus consequatur omnis\ncorporis cupiditate eaque assumenda ad nesciunt"
  },
  {
    "userId": 10,
    "id": 96,
    "title": "quaerat velit veniam amet cupiditate aut numquam ut sequi",
    "body": "in non odio excepturi sint eum\nlabore voluptates vitae quia qui et\ninventore itaque rerum\nveniam non exercitationem delectus aut"
  },
  {
    "userId": 10,
    "id": 97,
    "title": "quas fugiat ut perspiciatis vero provident",
    "body": "eum non blanditiis soluta porro quibusdam voluptas\nvel voluptatem qui placeat dolores qui velit aut\nvel inventore aut cumque culpa explicabo aliquid at\nperspiciatis est et voluptatem dignissimos dolor itaque sit nam"
  },
  {
    "userId": 10,
    "id": 98,
    "title": "laboriosam dolor voluptates",
    "body": "doloremque ex facilis sit sint culpa\nsoluta assumenda eligendi non ut eius\nsequi ducimus vel quasi\nveritatis est dolores"
  },
  {
    "userId": 10,
    "id": 99,
    "title": "temporibus sit alias delectus eligendi possimus magni",
    "body": "quo deleniti praesentium dicta non quod\naut est molestias\nmolestias et officia quis nihil\nitaque dolorem quia"
  },
  {
    "userId": 10,
    "id": 100,
    "title": "at nam consequatur ea labore ea harum",
    "body": "cupiditate quo est a modi nesciunt soluta\nipsa voluptas error itaque dicta in\nautem qui minus magnam et distinctio eum\naccusamus ratione error aut"
  }
]

15:40:35.305 [main] DEBUG com.intuit.karate - write to file: target\assignment\apiResponse.csv
15:40:35.308 [main] INFO  com.intuit.karate - [print] CSV created successfully 
15:40:36.016 [main] INFO  com.intuit.karate.Suite - <<pass>> feature 1 of 1 (0 remaining) classpath:examples/features/assignment/assignment3.feature
15:41:44.887 [main] INFO  com.intuit.karate.Runner - using system property 'karate.options': classpath:examples/features/assignment/readCsv.feature
15:41:45.624 [main] DEBUG com.intuit.karate.Suite - [config] classpath:karate-config.js
15:41:45.630 [main] INFO  com.intuit.karate.Suite - backed up existing 'target\karate-reports' dir to: target\karate-reports_1779703905626
15:41:47.032 [main] INFO  com.intuit.karate - karate.env system property was: null 
15:41:47.068 [main] INFO  com.intuit.karate - Loaded API Key: free_user_3DvGOP3388gqq71IAt6bHhQ6DDZ 
15:41:47.477 [main] DEBUG com.intuit.karate - request:
1 > GET https://jsonplaceholder.typicode.com/posts/1
1 > Host: jsonplaceholder.typicode.com
1 > Connection: Keep-Alive
1 > User-Agent: Apache-HttpClient/4.5.14 (Java/17.0.9)
1 > Accept-Encoding: gzip,deflate


15:41:48.389 [main] DEBUG com.intuit.karate - response time in milliseconds: 906
1 < 200
1 < Date: Mon, 25 May 2026 10:11:48 GMT
1 < Content-Type: application/json; charset=utf-8
1 < Transfer-Encoding: chunked
1 < Connection: keep-alive
1 < access-control-allow-credentials: true
1 < Cache-Control: max-age=43200
1 < etag: W/"124-yiKdLzqO5gfBrJFrcdJ8Yq0LGnU"
1 < expires: -1
1 < nel: {"report_to":"heroku-nel","response_headers":["Via"],"max_age":3600,"success_fraction":0.01,"failure_fraction":0.1}
1 < pragma: no-cache
1 < report-to: {"group":"heroku-nel","endpoints":[{"url":"https://nel.heroku.com/reports?s=23BefAR4K%2FU4iZ4IToD148XQADpZ2vBIxNANyCRbi6o%3D\u0026sid=e11707d5-02a7-43ef-b45e-2cf4d2036f7d\u0026ts=1775193861"}],"max_age":3600}
1 < reporting-endpoints: heroku-nel="https://nel.heroku.com/reports?s=23BefAR4K%2FU4iZ4IToD148XQADpZ2vBIxNANyCRbi6o%3D&sid=e11707d5-02a7-43ef-b45e-2cf4d2036f7d&ts=1775193861"
1 < Server: cloudflare
1 < vary: Origin, Accept-Encoding
1 < via: 2.0 heroku-router
1 < x-content-type-options: nosniff
1 < x-powered-by: Express
1 < x-ratelimit-limit: 1000
1 < x-ratelimit-remaining: 999
1 < x-ratelimit-reset: 1775193878
1 < Age: 28074
1 < Server-Timing: cfCacheStatus;desc="HIT"
1 < Server-Timing: cfEdge;dur=4,cfOrigin;dur=0
1 < cf-cache-status: HIT
1 < CF-RAY: a013c21328c493a1-MRS
1 < alt-svc: h3=":443"; ma=86400
{
  "userId": 1,
  "id": 1,
  "title": "sunt aut facere repellat provident occaecati excepturi optio reprehenderit",
  "body": "quia et suscipit\nsuscipit recusandae consequuntur expedita et cum\nreprehenderit molestiae ut ut quas totam\nnostrum rerum est autem sunt rem eveniet architecto"
}

15:41:48.419 [main] INFO  com.intuit.karate - karate.env system property was: null 
15:41:48.421 [main] INFO  com.intuit.karate - Loaded API Key: free_user_3DvGOP3388gqq71IAt6bHhQ6DDZ 
15:41:48.426 [main] DEBUG com.intuit.karate - request:
1 > GET https://jsonplaceholder.typicode.com/posts/2
1 > Host: jsonplaceholder.typicode.com
1 > Connection: Keep-Alive
1 > User-Agent: Apache-HttpClient/4.5.14 (Java/17.0.9)
1 > Accept-Encoding: gzip,deflate


15:41:48.898 [main] DEBUG com.intuit.karate - response time in milliseconds: 472
1 < 200
1 < Date: Mon, 25 May 2026 10:11:48 GMT
1 < Content-Type: application/json; charset=utf-8
1 < Transfer-Encoding: chunked
1 < Connection: keep-alive
1 < access-control-allow-credentials: true
1 < Cache-Control: max-age=43200
1 < etag: W/"116-jnDuMpjju89+9j7e0BqkdFsVRjs"
1 < expires: -1
1 < nel: {"report_to":"heroku-nel","response_headers":["Via"],"max_age":3600,"success_fraction":0.01,"failure_fraction":0.1}
1 < pragma: no-cache
1 < report-to: {"group":"heroku-nel","endpoints":[{"url":"https://nel.heroku.com/reports?s=6yIMFh%2BsYC7C4fgsC09kylh27RuD1l5z6NT78pOL%2F8M%3D\u0026sid=e11707d5-02a7-43ef-b45e-2cf4d2036f7d\u0026ts=1779679505"}],"max_age":3600}
1 < reporting-endpoints: heroku-nel="https://nel.heroku.com/reports?s=6yIMFh%2BsYC7C4fgsC09kylh27RuD1l5z6NT78pOL%2F8M%3D&sid=e11707d5-02a7-43ef-b45e-2cf4d2036f7d&ts=1779679505"
1 < Server: cloudflare
1 < vary: Origin, Accept-Encoding
1 < via: 2.0 heroku-router
1 < x-content-type-options: nosniff
1 < x-powered-by: Express
1 < x-ratelimit-limit: 1000
1 < x-ratelimit-remaining: 988
1 < x-ratelimit-reset: 1779679561
1 < Age: 24403
1 < Server-Timing: cfCacheStatus;desc="HIT"
1 < Server-Timing: cfEdge;dur=9,cfOrigin;dur=0
1 < cf-cache-status: HIT
1 < CF-RAY: a013c216ed403433-MRS
1 < alt-svc: h3=":443"; ma=86400
{
  "userId": 1,
  "id": 2,
  "title": "qui est esse",
  "body": "est rerum tempore vitae\nsequi sint nihil reprehenderit dolor beatae ea dolores neque\nfugiat blanditiis voluptate porro vel nihil molestiae ut reiciendis\nqui aperiam non debitis possimus qui neque nisi nulla"
}

15:41:48.906 [main] INFO  com.intuit.karate - karate.env system property was: null 
15:41:48.908 [main] INFO  com.intuit.karate - Loaded API Key: free_user_3DvGOP3388gqq71IAt6bHhQ6DDZ 
15:41:48.910 [main] DEBUG com.intuit.karate - request:
1 > GET https://jsonplaceholder.typicode.com/posts/3
1 > Host: jsonplaceholder.typicode.com
1 > Connection: Keep-Alive
1 > User-Agent: Apache-HttpClient/4.5.14 (Java/17.0.9)
1 > Accept-Encoding: gzip,deflate


15:41:49.474 [main] DEBUG com.intuit.karate - response time in milliseconds: 563
1 < 200
1 < Date: Mon, 25 May 2026 10:11:49 GMT
1 < Content-Type: application/json; charset=utf-8
1 < Transfer-Encoding: chunked
1 < Connection: keep-alive
1 < access-control-allow-credentials: true
1 < Cache-Control: max-age=43200
1 < etag: W/"11b-USacuIw5a/iXAGdNKBvqr/TbMTc"
1 < expires: -1
1 < nel: {"report_to":"heroku-nel","response_headers":["Via"],"max_age":3600,"success_fraction":0.01,"failure_fraction":0.1}
1 < pragma: no-cache
1 < report-to: {"group":"heroku-nel","endpoints":[{"url":"https://nel.heroku.com/reports?s=wcF%2B3Wss2C7b6ChE7aH2dU65AvOBeFpDIqe%2B90R7quc%3D\u0026sid=e11707d5-02a7-43ef-b45e-2cf4d2036f7d\u0026ts=1779605363"}],"max_age":3600}
1 < reporting-endpoints: heroku-nel="https://nel.heroku.com/reports?s=wcF%2B3Wss2C7b6ChE7aH2dU65AvOBeFpDIqe%2B90R7quc%3D&sid=e11707d5-02a7-43ef-b45e-2cf4d2036f7d&ts=1779605363"
1 < Server: cloudflare
1 < vary: Origin, Accept-Encoding
1 < via: 2.0 heroku-router
1 < x-content-type-options: nosniff
1 < x-powered-by: Express
1 < x-ratelimit-limit: 1000
1 < x-ratelimit-remaining: 982
1 < x-ratelimit-reset: 1779605401
1 < Age: 27236
1 < Server-Timing: cfCacheStatus;desc="HIT"
1 < Server-Timing: cfEdge;dur=7,cfOrigin;dur=0
1 < cf-cache-status: HIT
1 < CF-RAY: a013c21a5bbc89c7-MRS
1 < alt-svc: h3=":443"; ma=86400
{
  "userId": 1,
  "id": 3,
  "title": "ea molestias quasi exercitationem repellat qui ipsa sit aut",
  "body": "et iusto sed quo iure\nvoluptatem occaecati omnis eligendi aut ad\nvoluptatem doloribus vel accusantium quis pariatur\nmolestiae porro eius odio et labore et velit aut"
}

15:41:49.483 [main] INFO  com.intuit.karate - karate.env system property was: null 
15:41:49.483 [main] INFO  com.intuit.karate - Loaded API Key: free_user_3DvGOP3388gqq71IAt6bHhQ6DDZ 
15:41:49.487 [main] DEBUG com.intuit.karate - request:
1 > GET https://jsonplaceholder.typicode.com/posts/4
1 > Host: jsonplaceholder.typicode.com
1 > Connection: Keep-Alive
1 > User-Agent: Apache-HttpClient/4.5.14 (Java/17.0.9)
1 > Accept-Encoding: gzip,deflate


15:41:49.926 [main] DEBUG com.intuit.karate - response time in milliseconds: 437
1 < 200
1 < Date: Mon, 25 May 2026 10:11:49 GMT
1 < Content-Type: application/json; charset=utf-8
1 < Transfer-Encoding: chunked
1 < Connection: keep-alive
1 < access-control-allow-credentials: true
1 < Cache-Control: max-age=43200
1 < etag: W/"10e-HqG77o1RAmatkSwR36f4+Io6g1E"
1 < expires: -1
1 < nel: {"report_to":"heroku-nel","response_headers":["Via"],"max_age":3600,"success_fraction":0.01,"failure_fraction":0.1}
1 < pragma: no-cache
1 < report-to: {"group":"heroku-nel","endpoints":[{"url":"https://nel.heroku.com/reports?s=JhKTaOVxNBymJobVDzHNpgZnMBDbcnbWKWlTUeWarMc%3D\u0026sid=e11707d5-02a7-43ef-b45e-2cf4d2036f7d\u0026ts=1777265237"}],"max_age":3600}
1 < reporting-endpoints: heroku-nel="https://nel.heroku.com/reports?s=JhKTaOVxNBymJobVDzHNpgZnMBDbcnbWKWlTUeWarMc%3D&sid=e11707d5-02a7-43ef-b45e-2cf4d2036f7d&ts=1777265237"
1 < Server: cloudflare
1 < vary: Origin, Accept-Encoding
1 < via: 2.0 heroku-router
1 < x-content-type-options: nosniff
1 < x-powered-by: Express
1 < x-ratelimit-limit: 1000
1 < x-ratelimit-remaining: 997
1 < x-ratelimit-reset: 1777265249
1 < Age: 23888
1 < Server-Timing: cfCacheStatus;desc="HIT"
1 < Server-Timing: cfEdge;dur=6,cfOrigin;dur=0
1 < cf-cache-status: HIT
1 < CF-RAY: a013c21d6f38c6b7-MRS
1 < alt-svc: h3=":443"; ma=86400
{
  "userId": 1,
  "id": 4,
  "title": "eum et est occaecati",
  "body": "ullam et saepe reiciendis voluptatem adipisci\nsit amet autem assumenda provident rerum culpa\nquis hic commodi nesciunt rem tenetur doloremque ipsam iure\nquis sunt voluptatem rerum illo velit"
}

15:41:49.932 [main] INFO  com.intuit.karate - karate.env system property was: null 
15:41:49.933 [main] INFO  com.intuit.karate - Loaded API Key: free_user_3DvGOP3388gqq71IAt6bHhQ6DDZ 
15:41:49.936 [main] DEBUG com.intuit.karate - request:
1 > GET https://jsonplaceholder.typicode.com/posts/5
1 > Host: jsonplaceholder.typicode.com
1 > Connection: Keep-Alive
1 > User-Agent: Apache-HttpClient/4.5.14 (Java/17.0.9)
1 > Accept-Encoding: gzip,deflate


15:41:50.561 [main] DEBUG com.intuit.karate - response time in milliseconds: 624
1 < 200
1 < Date: Mon, 25 May 2026 10:11:50 GMT
1 < Content-Type: application/json; charset=utf-8
1 < Transfer-Encoding: chunked
1 < Connection: keep-alive
1 < access-control-allow-credentials: true
1 < Cache-Control: max-age=43200
1 < etag: W/"e1-IivojO0CtPZmcMK0iydTbsfG7Wc"
1 < expires: -1
1 < nel: {"report_to":"heroku-nel","response_headers":["Via"],"max_age":3600,"success_fraction":0.01,"failure_fraction":0.1}
1 < pragma: no-cache
1 < report-to: {"group":"heroku-nel","endpoints":[{"url":"https://nel.heroku.com/reports?s=uK9xgU7PCUnNbgPF1wz6djHgTSmuGWS5UzvCZpix3qg%3D\u0026sid=e11707d5-02a7-43ef-b45e-2cf4d2036f7d\u0026ts=1779388125"}],"max_age":3600}
1 < reporting-endpoints: heroku-nel="https://nel.heroku.com/reports?s=uK9xgU7PCUnNbgPF1wz6djHgTSmuGWS5UzvCZpix3qg%3D&sid=e11707d5-02a7-43ef-b45e-2cf4d2036f7d&ts=1779388125"
1 < Server: cloudflare
1 < vary: Origin, Accept-Encoding
1 < via: 2.0 heroku-router
1 < x-content-type-options: nosniff
1 < x-powered-by: Express
1 < x-ratelimit-limit: 1000
1 < x-ratelimit-remaining: 999
1 < x-ratelimit-reset: 1779388156
1 < Age: 12996
1 < Server-Timing: cfCacheStatus;desc="HIT"
1 < Server-Timing: cfEdge;dur=6,cfOrigin;dur=0
1 < cf-cache-status: HIT
1 < CF-RAY: a013c220eaa6e19c-MRS
1 < alt-svc: h3=":443"; ma=86400
{
  "userId": 1,
  "id": 5,
  "title": "nesciunt quas odio",
  "body": "repudiandae veniam quaerat sunt sed\nalias aut fugiat sit autem sed est\nvoluptatem omnis possimus esse voluptatibus quis\nest aut tenetur dolor neque"
}

15:41:50.568 [main] INFO  com.intuit.karate - karate.env system property was: null 
15:41:50.569 [main] INFO  com.intuit.karate - Loaded API Key: free_user_3DvGOP3388gqq71IAt6bHhQ6DDZ 
15:41:50.572 [main] DEBUG com.intuit.karate - request:
1 > GET https://jsonplaceholder.typicode.com/posts/6
1 > Host: jsonplaceholder.typicode.com
1 > Connection: Keep-Alive
1 > User-Agent: Apache-HttpClient/4.5.14 (Java/17.0.9)
1 > Accept-Encoding: gzip,deflate


15:41:51.084 [main] DEBUG com.intuit.karate - response time in milliseconds: 510
1 < 200
1 < Date: Mon, 25 May 2026 10:11:51 GMT
1 < Content-Type: application/json; charset=utf-8
1 < Transfer-Encoding: chunked
1 < Connection: keep-alive
1 < access-control-allow-credentials: true
1 < Cache-Control: max-age=43200
1 < etag: W/"120-kxIuVC3UpKrGIRfIBmsZMsJaaiA"
1 < expires: -1
1 < nel: {"report_to":"heroku-nel","response_headers":["Via"],"max_age":3600,"success_fraction":0.01,"failure_fraction":0.1}
1 < pragma: no-cache
1 < report-to: {"group":"heroku-nel","endpoints":[{"url":"https://nel.heroku.com/reports?s=PwVSdkrRKcNSKH1i1mYxF7LBqpm9lx%2FR2hThiNyIhJg%3D\u0026sid=e11707d5-02a7-43ef-b45e-2cf4d2036f7d\u0026ts=1777010799"}],"max_age":3600}
1 < reporting-endpoints: heroku-nel="https://nel.heroku.com/reports?s=PwVSdkrRKcNSKH1i1mYxF7LBqpm9lx%2FR2hThiNyIhJg%3D&sid=e11707d5-02a7-43ef-b45e-2cf4d2036f7d&ts=1777010799"
1 < Server: cloudflare
1 < vary: Origin, Accept-Encoding
1 < via: 2.0 heroku-router
1 < x-content-type-options: nosniff
1 < x-powered-by: Express
1 < x-ratelimit-limit: 1000
1 < x-ratelimit-remaining: 999
1 < x-ratelimit-reset: 1777010836
1 < Age: 27788
1 < Server-Timing: cfCacheStatus;desc="HIT"
1 < Server-Timing: cfEdge;dur=5,cfOrigin;dur=0
1 < cf-cache-status: HIT
1 < CF-RAY: a013c224aeb2e1b2-MRS
1 < alt-svc: h3=":443"; ma=86400
{
  "userId": 1,
  "id": 6,
  "title": "dolorem eum magni eos aperiam quia",
  "body": "ut aspernatur corporis harum nihil quis provident sequi\nmollitia nobis aliquid molestiae\nperspiciatis et ea nemo ab reprehenderit accusantium quas\nvoluptate dolores velit et doloremque molestiae"
}

15:41:51.089 [main] INFO  com.intuit.karate - karate.env system property was: null 
15:41:51.091 [main] INFO  com.intuit.karate - Loaded API Key: free_user_3DvGOP3388gqq71IAt6bHhQ6DDZ 
15:41:51.094 [main] DEBUG com.intuit.karate - request:
1 > GET https://jsonplaceholder.typicode.com/posts/7
1 > Host: jsonplaceholder.typicode.com
1 > Connection: Keep-Alive
1 > User-Agent: Apache-HttpClient/4.5.14 (Java/17.0.9)
1 > Accept-Encoding: gzip,deflate


15:41:51.732 [main] DEBUG com.intuit.karate - response time in milliseconds: 637
1 < 200
1 < Date: Mon, 25 May 2026 10:11:51 GMT
1 < Content-Type: application/json; charset=utf-8
1 < Transfer-Encoding: chunked
1 < Connection: keep-alive
1 < access-control-allow-credentials: true
1 < Cache-Control: max-age=43200
1 < etag: W/"e1-wrK4SLERwov0EbpkNAKTHsvGWBs"
1 < expires: -1
1 < nel: {"report_to":"heroku-nel","response_headers":["Via"],"max_age":3600,"success_fraction":0.01,"failure_fraction":0.1}
1 < pragma: no-cache
1 < report-to: {"group":"heroku-nel","endpoints":[{"url":"https://nel.heroku.com/reports?s=L03lGgb%2F3LVZs67xQ0cbWa5nSD8Z48hicZf9BqqrIaM%3D\u0026sid=e11707d5-02a7-43ef-b45e-2cf4d2036f7d\u0026ts=1779165181"}],"max_age":3600}
1 < reporting-endpoints: heroku-nel="https://nel.heroku.com/reports?s=L03lGgb%2F3LVZs67xQ0cbWa5nSD8Z48hicZf9BqqrIaM%3D&sid=e11707d5-02a7-43ef-b45e-2cf4d2036f7d&ts=1779165181"
1 < Server: cloudflare
1 < vary: Origin, Accept-Encoding
1 < via: 2.0 heroku-router
1 < x-content-type-options: nosniff
1 < x-powered-by: Express
1 < x-ratelimit-limit: 1000
1 < x-ratelimit-remaining: 999
1 < x-ratelimit-reset: 1779165236
1 < Age: 27237
1 < Server-Timing: cfCacheStatus;desc="HIT"
1 < Server-Timing: cfEdge;dur=6,cfOrigin;dur=0
1 < cf-cache-status: HIT
1 < CF-RAY: a013c2282a03c913-MRS
1 < alt-svc: h3=":443"; ma=86400
{
  "userId": 1,
  "id": 7,
  "title": "magnam facilis autem",
  "body": "dolore placeat quibusdam ea quo vitae\nmagni quis enim qui quis quo nemo aut saepe\nquidem repellat excepturi ut quia\nsunt ut sequi eos ea sed quas"
}

15:41:51.737 [main] INFO  com.intuit.karate - karate.env system property was: null 
15:41:51.739 [main] INFO  com.intuit.karate - Loaded API Key: free_user_3DvGOP3388gqq71IAt6bHhQ6DDZ 
15:41:51.742 [main] DEBUG com.intuit.karate - request:
1 > GET https://jsonplaceholder.typicode.com/posts/8
1 > Host: jsonplaceholder.typicode.com
1 > Connection: Keep-Alive
1 > User-Agent: Apache-HttpClient/4.5.14 (Java/17.0.9)
1 > Accept-Encoding: gzip,deflate


15:41:52.369 [main] DEBUG com.intuit.karate - response time in milliseconds: 627
1 < 200
1 < Date: Mon, 25 May 2026 10:11:52 GMT
1 < Content-Type: application/json; charset=utf-8
1 < Transfer-Encoding: chunked
1 < Connection: keep-alive
1 < access-control-allow-credentials: true
1 < Cache-Control: max-age=43200
1 < etag: W/"104-Yd+P3vUk4gJ20H3qrEyZIqbProI"
1 < expires: -1
1 < nel: {"report_to":"heroku-nel","response_headers":["Via"],"max_age":3600,"success_fraction":0.01,"failure_fraction":0.1}
1 < pragma: no-cache
1 < report-to: {"group":"heroku-nel","endpoints":[{"url":"https://nel.heroku.com/reports?s=fC8Z1yUVGltY1y%2FvrlWyH%2BTXShWq%2BTepDwlspcITngk%3D\u0026sid=e11707d5-02a7-43ef-b45e-2cf4d2036f7d\u0026ts=1778665880"}],"max_age":3600}
1 < reporting-endpoints: heroku-nel="https://nel.heroku.com/reports?s=fC8Z1yUVGltY1y%2FvrlWyH%2BTXShWq%2BTepDwlspcITngk%3D&sid=e11707d5-02a7-43ef-b45e-2cf4d2036f7d&ts=1778665880"
1 < Server: cloudflare
1 < vary: Origin, Accept-Encoding
1 < via: 2.0 heroku-router
1 < x-content-type-options: nosniff
1 < x-powered-by: Express
1 < x-ratelimit-limit: 1000
1 < x-ratelimit-remaining: 999
1 < x-ratelimit-reset: 1778665887
1 < Age: 12445
1 < Server-Timing: cfCacheStatus;desc="HIT"
1 < Server-Timing: cfEdge;dur=7,cfOrigin;dur=0
1 < cf-cache-status: HIT
1 < CF-RAY: a013c22c2e031d43-MRS
1 < alt-svc: h3=":443"; ma=86400
{
  "userId": 1,
  "id": 8,
  "title": "dolorem dolore est ipsam",
  "body": "dignissimos aperiam dolorem qui eum\nfacilis quibusdam animi sint suscipit qui sint possimus cum\nquaerat magni maiores excepturi\nipsam ut commodi dolor voluptatum modi aut vitae"
}

15:41:52.375 [main] INFO  com.intuit.karate - karate.env system property was: null 
15:41:52.376 [main] INFO  com.intuit.karate - Loaded API Key: free_user_3DvGOP3388gqq71IAt6bHhQ6DDZ 
15:41:52.379 [main] DEBUG com.intuit.karate - request:
1 > GET https://jsonplaceholder.typicode.com/posts/9
1 > Host: jsonplaceholder.typicode.com
1 > Connection: Keep-Alive
1 > User-Agent: Apache-HttpClient/4.5.14 (Java/17.0.9)
1 > Accept-Encoding: gzip,deflate


15:41:52.979 [main] DEBUG com.intuit.karate - response time in milliseconds: 598
1 < 200
1 < Date: Mon, 25 May 2026 10:11:52 GMT
1 < Content-Type: application/json; charset=utf-8
1 < Transfer-Encoding: chunked
1 < Connection: keep-alive
1 < access-control-allow-credentials: true
1 < Cache-Control: max-age=43200
1 < etag: W/"f6-mPDZopc4bkupX1TAvUQz4Bpbp5s"
1 < expires: -1
1 < nel: {"report_to":"heroku-nel","response_headers":["Via"],"max_age":3600,"success_fraction":0.01,"failure_fraction":0.1}
1 < pragma: no-cache
1 < report-to: {"group":"heroku-nel","endpoints":[{"url":"https://nel.heroku.com/reports?s=jA14Wc7P%2Bq5XW0mdTfK954G0LEGudv8PcaPdHTJmU%2FY%3D\u0026sid=e11707d5-02a7-43ef-b45e-2cf4d2036f7d\u0026ts=1779179593"}],"max_age":3600}
1 < reporting-endpoints: heroku-nel="https://nel.heroku.com/reports?s=jA14Wc7P%2Bq5XW0mdTfK954G0LEGudv8PcaPdHTJmU%2FY%3D&sid=e11707d5-02a7-43ef-b45e-2cf4d2036f7d&ts=1779179593"
1 < Server: cloudflare
1 < vary: Origin, Accept-Encoding
1 < via: 2.0 heroku-router
1 < x-content-type-options: nosniff
1 < x-powered-by: Express
1 < x-ratelimit-limit: 1000
1 < x-ratelimit-remaining: 995
1 < x-ratelimit-reset: 1779179636
1 < Age: 12445
1 < Server-Timing: cfCacheStatus;desc="HIT"
1 < Server-Timing: cfEdge;dur=6,cfOrigin;dur=0
1 < cf-cache-status: HIT
1 < CF-RAY: a013c22ffb8e4b90-MRS
1 < alt-svc: h3=":443"; ma=86400
{
  "userId": 1,
  "id": 9,
  "title": "nesciunt iure omnis dolorem tempora et accusantium",
  "body": "consectetur animi nesciunt iure dolore\nenim quia ad\nveniam autem ut quam aut nobis\net est aut quod aut provident voluptas autem voluptas"
}

15:41:52.984 [main] INFO  com.intuit.karate - karate.env system property was: null 
15:41:52.986 [main] INFO  com.intuit.karate - Loaded API Key: free_user_3DvGOP3388gqq71IAt6bHhQ6DDZ 
15:41:52.988 [main] DEBUG com.intuit.karate - request:
1 > GET https://jsonplaceholder.typicode.com/posts/10
1 > Host: jsonplaceholder.typicode.com
1 > Connection: Keep-Alive
1 > User-Agent: Apache-HttpClient/4.5.14 (Java/17.0.9)
1 > Accept-Encoding: gzip,deflate


15:41:53.574 [main] DEBUG com.intuit.karate - response time in milliseconds: 586
1 < 200
1 < Date: Mon, 25 May 2026 10:11:53 GMT
1 < Content-Type: application/json; charset=utf-8
1 < Transfer-Encoding: chunked
1 < Connection: keep-alive
1 < access-control-allow-credentials: true
1 < Cache-Control: max-age=43200
1 < etag: W/"d9-iWGkhNuCVU3QUpWXcSkr72qX524"
1 < expires: -1
1 < nel: {"report_to":"heroku-nel","response_headers":["Via"],"max_age":3600,"success_fraction":0.01,"failure_fraction":0.1}
1 < pragma: no-cache
1 < report-to: {"group":"heroku-nel","endpoints":[{"url":"https://nel.heroku.com/reports?s=YVdafv%2FnfvCvNZSnt%2F3nw%2FoC9gxFcS1%2BrJNw6SN1ujk%3D\u0026sid=e11707d5-02a7-43ef-b45e-2cf4d2036f7d\u0026ts=1778732072"}],"max_age":3600}
1 < reporting-endpoints: heroku-nel="https://nel.heroku.com/reports?s=YVdafv%2FnfvCvNZSnt%2F3nw%2FoC9gxFcS1%2BrJNw6SN1ujk%3D&sid=e11707d5-02a7-43ef-b45e-2cf4d2036f7d&ts=1778732072"
1 < Server: cloudflare
1 < vary: Origin, Accept-Encoding
1 < via: 2.0 heroku-router
1 < x-content-type-options: nosniff
1 < x-powered-by: Express
1 < x-ratelimit-limit: 1000
1 < x-ratelimit-remaining: 990
1 < x-ratelimit-reset: 1778732101
1 < Age: 14772
1 < Server-Timing: cfCacheStatus;desc="HIT"
1 < Server-Timing: cfEdge;dur=6,cfOrigin;dur=0
1 < cf-cache-status: HIT
1 < CF-RAY: a013c233da83e177-MRS
1 < alt-svc: h3=":443"; ma=86400
{
  "userId": 1,
  "id": 10,
  "title": "optio molestias id quia eum",
  "body": "quo et expedita modi cum officia vel magni\ndoloribus qui repudiandae\nvero nisi sit\nquos veniam quod sed accusamus veritatis error"
}

15:41:53.579 [main] INFO  com.intuit.karate - karate.env system property was: null 
15:41:53.580 [main] INFO  com.intuit.karate - Loaded API Key: free_user_3DvGOP3388gqq71IAt6bHhQ6DDZ 
15:41:53.582 [main] DEBUG com.intuit.karate - request:
1 > GET https://jsonplaceholder.typicode.com/posts/11
1 > Host: jsonplaceholder.typicode.com
1 > Connection: Keep-Alive
1 > User-Agent: Apache-HttpClient/4.5.14 (Java/17.0.9)
1 > Accept-Encoding: gzip,deflate


15:41:54.046 [main] DEBUG com.intuit.karate - response time in milliseconds: 464
1 < 200
1 < Date: Mon, 25 May 2026 10:11:54 GMT
1 < Content-Type: application/json; charset=utf-8
1 < Transfer-Encoding: chunked
1 < Connection: keep-alive
1 < access-control-allow-credentials: true
1 < Cache-Control: max-age=43200
1 < etag: W/"106-uIZ0aYbaIRT3eH//+EjRpRGAwRw"
1 < expires: -1
1 < nel: {"report_to":"heroku-nel","response_headers":["Via"],"max_age":3600,"success_fraction":0.01,"failure_fraction":0.1}
1 < pragma: no-cache
1 < report-to: {"group":"heroku-nel","endpoints":[{"url":"https://nel.heroku.com/reports?s=WcoJ%2B5HQKX0Vzy%2FnzOxBq1TqQE7vmaigDORRQJTZdFU%3D\u0026sid=e11707d5-02a7-43ef-b45e-2cf4d2036f7d\u0026ts=1779544144"}],"max_age":3600}
1 < reporting-endpoints: heroku-nel="https://nel.heroku.com/reports?s=WcoJ%2B5HQKX0Vzy%2FnzOxBq1TqQE7vmaigDORRQJTZdFU%3D&sid=e11707d5-02a7-43ef-b45e-2cf4d2036f7d&ts=1779544144"
1 < Server: cloudflare
1 < vary: Origin, Accept-Encoding
1 < via: 2.0 heroku-router
1 < x-content-type-options: nosniff
1 < x-powered-by: Express
1 < x-ratelimit-limit: 1000
1 < x-ratelimit-remaining: 998
1 < x-ratelimit-reset: 1779544185
1 < Age: 15940
1 < Server-Timing: cfCacheStatus;desc="HIT"
1 < Server-Timing: cfEdge;dur=8,cfOrigin;dur=0
1 < cf-cache-status: HIT
1 < CF-RAY: a013c23728652c77-MRS
1 < alt-svc: h3=":443"; ma=86400
{
  "userId": 2,
  "id": 11,
  "title": "et ea vero quia laudantium autem",
  "body": "delectus reiciendis molestiae occaecati non minima eveniet qui voluptatibus\naccusamus in eum beatae sit\nvel qui neque voluptates ut commodi qui incidunt\nut animi commodi"
}

15:41:54.050 [main] INFO  com.intuit.karate - karate.env system property was: null 
15:41:54.052 [main] INFO  com.intuit.karate - Loaded API Key: free_user_3DvGOP3388gqq71IAt6bHhQ6DDZ 
15:41:54.055 [main] DEBUG com.intuit.karate - request:
1 > GET https://jsonplaceholder.typicode.com/posts/12
1 > Host: jsonplaceholder.typicode.com
1 > Connection: Keep-Alive
1 > User-Agent: Apache-HttpClient/4.5.14 (Java/17.0.9)
1 > Accept-Encoding: gzip,deflate


15:41:54.644 [main] DEBUG com.intuit.karate - response time in milliseconds: 588
1 < 200
1 < Date: Mon, 25 May 2026 10:11:54 GMT
1 < Content-Type: application/json; charset=utf-8
1 < Transfer-Encoding: chunked
1 < Connection: keep-alive
1 < access-control-allow-credentials: true
1 < Cache-Control: max-age=43200
1 < etag: W/"fa-Kb6iNtCKEzLRQ8QyZ5zRPuKRNgs"
1 < expires: -1
1 < nel: {"report_to":"heroku-nel","response_headers":["Via"],"max_age":3600,"success_fraction":0.01,"failure_fraction":0.1}
1 < pragma: no-cache
1 < report-to: {"group":"heroku-nel","endpoints":[{"url":"https://nel.heroku.com/reports?s=Yin5FKrkWheJADJBlGOv5m52%2Fc%2Fublju6a%2Bp0IVy4Vc%3D\u0026sid=e11707d5-02a7-43ef-b45e-2cf4d2036f7d\u0026ts=1779357452"}],"max_age":3600}
1 < reporting-endpoints: heroku-nel="https://nel.heroku.com/reports?s=Yin5FKrkWheJADJBlGOv5m52%2Fc%2Fublju6a%2Bp0IVy4Vc%3D&sid=e11707d5-02a7-43ef-b45e-2cf4d2036f7d&ts=1779357452"
1 < Server: cloudflare
1 < vary: Origin, Accept-Encoding
1 < via: 2.0 heroku-router
1 < x-content-type-options: nosniff
1 < x-powered-by: Express
1 < x-ratelimit-limit: 1000
1 < x-ratelimit-remaining: 971
1 < x-ratelimit-reset: 1779357495
1 < Age: 10185
1 < Server-Timing: cfCacheStatus;desc="HIT"
1 < Server-Timing: cfEdge;dur=6,cfOrigin;dur=0
1 < cf-cache-status: HIT
1 < CF-RAY: a013c23a5bd0be8a-MRS
1 < alt-svc: h3=":443"; ma=86400
{
  "userId": 2,
  "id": 12,
  "title": "in quibusdam tempore odit est dolorem",
  "body": "itaque id aut magnam\npraesentium quia et ea odit et ea voluptas et\nsapiente quia nihil amet occaecati quia id voluptatem\nincidunt ea est distinctio odio"
}

15:41:54.649 [main] INFO  com.intuit.karate - karate.env system property was: null 
15:41:54.650 [main] INFO  com.intuit.karate - Loaded API Key: free_user_3DvGOP3388gqq71IAt6bHhQ6DDZ 
15:41:54.651 [main] DEBUG com.intuit.karate - request:
1 > GET https://jsonplaceholder.typicode.com/posts/13
1 > Host: jsonplaceholder.typicode.com
1 > Connection: Keep-Alive
1 > User-Agent: Apache-HttpClient/4.5.14 (Java/17.0.9)
1 > Accept-Encoding: gzip,deflate


15:41:55.488 [main] DEBUG com.intuit.karate - response time in milliseconds: 835
1 < 200
1 < Date: Mon, 25 May 2026 10:11:55 GMT
1 < Content-Type: application/json; charset=utf-8
1 < Transfer-Encoding: chunked
1 < Connection: keep-alive
1 < access-control-allow-credentials: true
1 < Cache-Control: max-age=43200
1 < etag: W/"150-jmPMxXQIZLCEEVRunU0Zippecws"
1 < expires: -1
1 < nel: {"report_to":"heroku-nel","response_headers":["Via"],"max_age":3600,"success_fraction":0.01,"failure_fraction":0.1}
1 < pragma: no-cache
1 < report-to: {"group":"heroku-nel","endpoints":[{"url":"https://nel.heroku.com/reports?s=zUYJxZPajQSCu9S1vMxfBeMGDSgxOd1uQyxNqyE0cGQ%3D\u0026sid=e11707d5-02a7-43ef-b45e-2cf4d2036f7d\u0026ts=1776319712"}],"max_age":3600}
1 < reporting-endpoints: heroku-nel="https://nel.heroku.com/reports?s=zUYJxZPajQSCu9S1vMxfBeMGDSgxOd1uQyxNqyE0cGQ%3D&sid=e11707d5-02a7-43ef-b45e-2cf4d2036f7d&ts=1776319712"
1 < Server: cloudflare
1 < vary: Origin, Accept-Encoding
1 < via: 2.0 heroku-router
1 < x-content-type-options: nosniff
1 < x-powered-by: Express
1 < x-ratelimit-limit: 1000
1 < x-ratelimit-remaining: 995
1 < x-ratelimit-reset: 1776319745
1 < Server-Timing: cfCacheStatus;desc="REVALIDATED"
1 < Server-Timing: cfEdge;dur=12,cfOrigin;dur=292
1 < cf-cache-status: REVALIDATED
1 < CF-RAY: a013c23e4cf129c2-MRS
1 < alt-svc: h3=":443"; ma=86400
{
  "userId": 2,
  "id": 13,
  "title": "dolorum ut in voluptas mollitia et saepe quo animi",
  "body": "aut dicta possimus sint mollitia voluptas commodi quo doloremque\niste corrupti reiciendis voluptatem eius rerum\nsit cumque quod eligendi laborum minima\nperferendis recusandae assumenda consectetur porro architecto ipsum ipsam"
}

15:41:55.493 [main] INFO  com.intuit.karate - karate.env system property was: null 
15:41:55.494 [main] INFO  com.intuit.karate - Loaded API Key: free_user_3DvGOP3388gqq71IAt6bHhQ6DDZ 
15:41:55.498 [main] DEBUG com.intuit.karate - request:
1 > GET https://jsonplaceholder.typicode.com/posts/14
1 > Host: jsonplaceholder.typicode.com
1 > Connection: Keep-Alive
1 > User-Agent: Apache-HttpClient/4.5.14 (Java/17.0.9)
1 > Accept-Encoding: gzip,deflate


15:41:56.167 [main] DEBUG com.intuit.karate - response time in milliseconds: 668
1 < 200
1 < Date: Mon, 25 May 2026 10:11:56 GMT
1 < Content-Type: application/json; charset=utf-8
1 < Transfer-Encoding: chunked
1 < Connection: keep-alive
1 < access-control-allow-credentials: true
1 < Cache-Control: max-age=43200
1 < etag: W/"e6-a5waiJMRxEr5D9vgRbpDZ2ofS4U"
1 < expires: -1
1 < nel: {"report_to":"heroku-nel","response_headers":["Via"],"max_age":3600,"success_fraction":0.01,"failure_fraction":0.1}
1 < pragma: no-cache
1 < report-to: {"group":"heroku-nel","endpoints":[{"url":"https://nel.heroku.com/reports?s=TroiP5hj5shnuWhw26frAgYyZGAQx6iaD7A1lXcOBIQ%3D\u0026sid=e11707d5-02a7-43ef-b45e-2cf4d2036f7d\u0026ts=1779357475"}],"max_age":3600}
1 < reporting-endpoints: heroku-nel="https://nel.heroku.com/reports?s=TroiP5hj5shnuWhw26frAgYyZGAQx6iaD7A1lXcOBIQ%3D&sid=e11707d5-02a7-43ef-b45e-2cf4d2036f7d&ts=1779357475"
1 < Server: cloudflare
1 < vary: Origin, Accept-Encoding
1 < via: 2.0 heroku-router
1 < x-content-type-options: nosniff
1 < x-powered-by: Express
1 < x-ratelimit-limit: 1000
1 < x-ratelimit-remaining: 894
1 < x-ratelimit-reset: 1779357495
1 < Age: 27660
1 < Server-Timing: cfCacheStatus;desc="HIT"
1 < Server-Timing: cfEdge;dur=34,cfOrigin;dur=0
1 < cf-cache-status: HIT
1 < CF-RAY: a013c243b9504b31-MRS
1 < alt-svc: h3=":443"; ma=86400
{
  "userId": 2,
  "id": 14,
  "title": "voluptatem eligendi optio",
  "body": "fuga et accusamus dolorum perferendis illo voluptas\nnon doloremque neque facere\nad qui dolorum molestiae beatae\nsed aut voluptas totam sit illum"
}

15:41:56.171 [main] INFO  com.intuit.karate - karate.env system property was: null 
15:41:56.172 [main] INFO  com.intuit.karate - Loaded API Key: free_user_3DvGOP3388gqq71IAt6bHhQ6DDZ 
15:41:56.175 [main] DEBUG com.intuit.karate - request:
1 > GET https://jsonplaceholder.typicode.com/posts/15
1 > Host: jsonplaceholder.typicode.com
1 > Connection: Keep-Alive
1 > User-Agent: Apache-HttpClient/4.5.14 (Java/17.0.9)
1 > Accept-Encoding: gzip,deflate


15:41:56.776 [main] DEBUG com.intuit.karate - response time in milliseconds: 599
1 < 200
1 < Date: Mon, 25 May 2026 10:11:56 GMT
1 < Content-Type: application/json; charset=utf-8
1 < Transfer-Encoding: chunked
1 < Connection: keep-alive
1 < access-control-allow-credentials: true
1 < Cache-Control: max-age=43200
1 < etag: W/"eb-g42jCAr46rCEFHt8pUWS/uASMcA"
1 < expires: -1
1 < nel: {"report_to":"heroku-nel","response_headers":["Via"],"max_age":3600,"success_fraction":0.01,"failure_fraction":0.1}
1 < pragma: no-cache
1 < report-to: {"group":"heroku-nel","endpoints":[{"url":"https://nel.heroku.com/reports?s=Ys4CxaytsE7S2xxF%2FCdqHwWnAzrb50H5sHvfcJrVCD4%3D\u0026sid=e11707d5-02a7-43ef-b45e-2cf4d2036f7d\u0026ts=1779357462"}],"max_age":3600}
1 < reporting-endpoints: heroku-nel="https://nel.heroku.com/reports?s=Ys4CxaytsE7S2xxF%2FCdqHwWnAzrb50H5sHvfcJrVCD4%3D&sid=e11707d5-02a7-43ef-b45e-2cf4d2036f7d&ts=1779357462"
1 < Server: cloudflare
1 < vary: Origin, Accept-Encoding
1 < via: 2.0 heroku-router
1 < x-content-type-options: nosniff
1 < x-powered-by: Express
1 < x-ratelimit-limit: 1000
1 < x-ratelimit-remaining: 938
1 < x-ratelimit-reset: 1779357495
1 < Age: 15759
1 < Server-Timing: cfCacheStatus;desc="HIT"
1 < Server-Timing: cfEdge;dur=6,cfOrigin;dur=0
1 < cf-cache-status: HIT
1 < CF-RAY: a013c247be13e1c0-MRS
1 < alt-svc: h3=":443"; ma=86400
{
  "userId": 2,
  "id": 15,
  "title": "eveniet quod temporibus",
  "body": "reprehenderit quos placeat\nvelit minima officia dolores impedit repudiandae molestiae nam\nvoluptas recusandae quis delectus\nofficiis harum fugiat vitae"
}

15:41:56.780 [main] INFO  com.intuit.karate - karate.env system property was: null 
15:41:56.781 [main] INFO  com.intuit.karate - Loaded API Key: free_user_3DvGOP3388gqq71IAt6bHhQ6DDZ 
15:41:56.786 [main] DEBUG com.intuit.karate - request:
1 > GET https://jsonplaceholder.typicode.com/posts/16
1 > Host: jsonplaceholder.typicode.com
1 > Connection: Keep-Alive
1 > User-Agent: Apache-HttpClient/4.5.14 (Java/17.0.9)
1 > Accept-Encoding: gzip,deflate


15:41:57.409 [main] DEBUG com.intuit.karate - response time in milliseconds: 622
1 < 200
1 < Date: Mon, 25 May 2026 10:11:57 GMT
1 < Content-Type: application/json; charset=utf-8
1 < Transfer-Encoding: chunked
1 < Connection: keep-alive
1 < access-control-allow-credentials: true
1 < Cache-Control: max-age=43200
1 < etag: W/"139-Ry5LVphQL/+x/ADbFfrczHgqqDs"
1 < expires: -1
1 < nel: {"report_to":"heroku-nel","response_headers":["Via"],"max_age":3600,"success_fraction":0.01,"failure_fraction":0.1}
1 < pragma: no-cache
1 < report-to: {"group":"heroku-nel","endpoints":[{"url":"https://nel.heroku.com/reports?s=WiR4w3WbMUm1bieHjHsRNmat2iM7i9izYiPDVI%2BhpDw%3D\u0026sid=e11707d5-02a7-43ef-b45e-2cf4d2036f7d\u0026ts=1779688581"}],"max_age":3600}
1 < reporting-endpoints: heroku-nel="https://nel.heroku.com/reports?s=WiR4w3WbMUm1bieHjHsRNmat2iM7i9izYiPDVI%2BhpDw%3D&sid=e11707d5-02a7-43ef-b45e-2cf4d2036f7d&ts=1779688581"
1 < Server: cloudflare
1 < vary: Origin, Accept-Encoding
1 < via: 2.0 heroku-router
1 < x-content-type-options: nosniff
1 < x-powered-by: Express
1 < x-ratelimit-limit: 1000
1 < x-ratelimit-remaining: 999
1 < x-ratelimit-reset: 1779688630
1 < Age: 15335
1 < Server-Timing: cfCacheStatus;desc="HIT"
1 < Server-Timing: cfEdge;dur=6,cfOrigin;dur=0
1 < cf-cache-status: HIT
1 < CF-RAY: a013c24bbc0dfc1f-MRS
1 < alt-svc: h3=":443"; ma=86400
{
  "userId": 2,
  "id": 16,
  "title": "sint suscipit perspiciatis velit dolorum rerum ipsa laboriosam odio",
  "body": "suscipit nam nisi quo aperiam aut\nasperiores eos fugit maiores voluptatibus quia\nvoluptatem quis ullam qui in alias quia est\nconsequatur magni mollitia accusamus ea nisi voluptate dicta"
}

15:41:57.414 [main] INFO  com.intuit.karate - karate.env system property was: null 
15:41:57.415 [main] INFO  com.intuit.karate - Loaded API Key: free_user_3DvGOP3388gqq71IAt6bHhQ6DDZ 
15:41:57.417 [main] DEBUG com.intuit.karate - request:
1 > GET https://jsonplaceholder.typicode.com/posts/17
1 > Host: jsonplaceholder.typicode.com
1 > Connection: Keep-Alive
1 > User-Agent: Apache-HttpClient/4.5.14 (Java/17.0.9)
1 > Accept-Encoding: gzip,deflate


15:41:58.038 [main] DEBUG com.intuit.karate - response time in milliseconds: 614
1 < 200
1 < Date: Mon, 25 May 2026 10:11:58 GMT
1 < Content-Type: application/json; charset=utf-8
1 < Transfer-Encoding: chunked
1 < Connection: keep-alive
1 < access-control-allow-credentials: true
1 < Cache-Control: max-age=43200
1 < etag: W/"f6-Y7y9zgdEq0WndoXZmQZBsN4+z14"
1 < expires: -1
1 < nel: {"report_to":"heroku-nel","response_headers":["Via"],"max_age":3600,"success_fraction":0.01,"failure_fraction":0.1}
1 < pragma: no-cache
1 < report-to: {"group":"heroku-nel","endpoints":[{"url":"https://nel.heroku.com/reports?s=vDbTn2UE4MGJNLOwpwXSuOfzIpiysdjynEjS120iJqM%3D\u0026sid=e11707d5-02a7-43ef-b45e-2cf4d2036f7d\u0026ts=1779688486"}],"max_age":3600}
1 < reporting-endpoints: heroku-nel="https://nel.heroku.com/reports?s=vDbTn2UE4MGJNLOwpwXSuOfzIpiysdjynEjS120iJqM%3D&sid=e11707d5-02a7-43ef-b45e-2cf4d2036f7d&ts=1779688486"
1 < Server: cloudflare
1 < vary: Origin, Accept-Encoding
1 < via: 2.0 heroku-router
1 < x-content-type-options: nosniff
1 < x-powered-by: Express
1 < x-ratelimit-limit: 1000
1 < x-ratelimit-remaining: 999
1 < x-ratelimit-reset: 1779688510
1 < Age: 15431
1 < Server-Timing: cfCacheStatus;desc="HIT"
1 < Server-Timing: cfEdge;dur=5,cfOrigin;dur=0
1 < cf-cache-status: HIT
1 < CF-RAY: a013c24f8f0dc6a5-MRS
1 < alt-svc: h3=":443"; ma=86400
{
  "userId": 2,
  "id": 17,
  "title": "fugit voluptas sed molestias voluptatem provident",
  "body": "eos voluptas et aut odit natus earum\naspernatur fuga molestiae ullam\ndeserunt ratione qui eos\nqui nihil ratione nemo velit ut aut id quo"
}

15:41:58.045 [main] INFO  com.intuit.karate - karate.env system property was: null 
15:41:58.047 [main] INFO  com.intuit.karate - Loaded API Key: free_user_3DvGOP3388gqq71IAt6bHhQ6DDZ 
15:41:58.051 [main] DEBUG com.intuit.karate - request:
1 > GET https://jsonplaceholder.typicode.com/posts/18
1 > Host: jsonplaceholder.typicode.com
1 > Connection: Keep-Alive
1 > User-Agent: Apache-HttpClient/4.5.14 (Java/17.0.9)
1 > Accept-Encoding: gzip,deflate


15:41:59.697 [main] DEBUG com.intuit.karate - response time in milliseconds: 649
1 < 200
1 < Date: Mon, 25 May 2026 10:11:58 GMT
1 < Content-Type: application/json; charset=utf-8
1 < Transfer-Encoding: chunked
1 < Connection: keep-alive
1 < access-control-allow-credentials: true
1 < Cache-Control: max-age=43200
1 < etag: W/"d6-gBDS8x9CZAqgdjWUPWV0jWIQ7ps"
1 < expires: -1
1 < nel: {"report_to":"heroku-nel","response_headers":["Via"],"max_age":3600,"success_fraction":0.01,"failure_fraction":0.1}
1 < pragma: no-cache
1 < report-to: {"group":"heroku-nel","endpoints":[{"url":"https://nel.heroku.com/reports?s=YBOxqUA4cORnh14PNJtRAcKzb63Hsrae6RE1ZbN9ZFc%3D\u0026sid=e11707d5-02a7-43ef-b45e-2cf4d2036f7d\u0026ts=1779685074"}],"max_age":3600}
1 < reporting-endpoints: heroku-nel="https://nel.heroku.com/reports?s=YBOxqUA4cORnh14PNJtRAcKzb63Hsrae6RE1ZbN9ZFc%3D&sid=e11707d5-02a7-43ef-b45e-2cf4d2036f7d&ts=1779685074"
1 < Server: cloudflare
1 < vary: Origin, Accept-Encoding
1 < via: 2.0 heroku-router
1 < x-content-type-options: nosniff
1 < x-powered-by: Express
1 < x-ratelimit-limit: 1000
1 < x-ratelimit-remaining: 998
1 < x-ratelimit-reset: 1779685081
1 < Age: 18843
1 < Server-Timing: cfCacheStatus;desc="HIT"
1 < Server-Timing: cfEdge;dur=5,cfOrigin;dur=0
1 < cf-cache-status: HIT
1 < CF-RAY: a013c253bbc3e22f-MRS
1 < alt-svc: h3=":443"; ma=86400
{
  "userId": 2,
  "id": 18,
  "title": "voluptate et itaque vero tempora molestiae",
  "body": "eveniet quo quis\nlaborum totam consequatur non dolor\nut et est repudiandae\nest voluptatem vel debitis et magnam"
}

15:41:59.702 [main] INFO  com.intuit.karate - karate.env system property was: null 
15:41:59.705 [main] INFO  com.intuit.karate - Loaded API Key: free_user_3DvGOP3388gqq71IAt6bHhQ6DDZ 
15:41:59.709 [main] DEBUG com.intuit.karate - request:
1 > GET https://jsonplaceholder.typicode.com/posts/19
1 > Host: jsonplaceholder.typicode.com
1 > Connection: Keep-Alive
1 > User-Agent: Apache-HttpClient/4.5.14 (Java/17.0.9)
1 > Accept-Encoding: gzip,deflate


15:42:00.335 [main] DEBUG com.intuit.karate - response time in milliseconds: 625
1 < 200
1 < Date: Mon, 25 May 2026 10:12:00 GMT
1 < Content-Type: application/json; charset=utf-8
1 < Transfer-Encoding: chunked
1 < Connection: keep-alive
1 < access-control-allow-credentials: true
1 < Cache-Control: max-age=43200
1 < etag: W/"f5-6MONAVAj01S9sHCgIVhhm8kT8bk"
1 < expires: -1
1 < nel: {"report_to":"heroku-nel","response_headers":["Via"],"max_age":3600,"success_fraction":0.01,"failure_fraction":0.1}
1 < pragma: no-cache
1 < report-to: {"group":"heroku-nel","endpoints":[{"url":"https://nel.heroku.com/reports?s=NQLSsiM38CMMThGUluFr0JYgGN6CEr3gLqtaU9svPfQ%3D\u0026sid=e11707d5-02a7-43ef-b45e-2cf4d2036f7d\u0026ts=1779688514"}],"max_age":3600}
1 < reporting-endpoints: heroku-nel="https://nel.heroku.com/reports?s=NQLSsiM38CMMThGUluFr0JYgGN6CEr3gLqtaU9svPfQ%3D&sid=e11707d5-02a7-43ef-b45e-2cf4d2036f7d&ts=1779688514"
1 < Server: cloudflare
1 < vary: Origin, Accept-Encoding
1 < via: 2.0 heroku-router
1 < x-content-type-options: nosniff
1 < x-powered-by: Express
1 < x-ratelimit-limit: 1000
1 < x-ratelimit-remaining: 999
1 < x-ratelimit-reset: 1779688570
1 < Age: 15405
1 < Server-Timing: cfCacheStatus;desc="HIT"
1 < Server-Timing: cfEdge;dur=8,cfOrigin;dur=0
1 < cf-cache-status: HIT
1 < CF-RAY: a013c25dfc3a11b1-MRS
1 < alt-svc: h3=":443"; ma=86400
{
  "userId": 2,
  "id": 19,
  "title": "adipisci placeat illum aut reiciendis qui",
  "body": "illum quis cupiditate provident sit magnam\nea sed aut omnis\nveniam maiores ullam consequatur atque\nadipisci quo iste expedita sit quos voluptas"
}

15:42:00.340 [main] INFO  com.intuit.karate - karate.env system property was: null 
15:42:00.341 [main] INFO  com.intuit.karate - Loaded API Key: free_user_3DvGOP3388gqq71IAt6bHhQ6DDZ 
15:42:00.343 [main] DEBUG com.intuit.karate - request:
1 > GET https://jsonplaceholder.typicode.com/posts/20
1 > Host: jsonplaceholder.typicode.com
1 > Connection: Keep-Alive
1 > User-Agent: Apache-HttpClient/4.5.14 (Java/17.0.9)
1 > Accept-Encoding: gzip,deflate


15:42:02.078 [main] DEBUG com.intuit.karate - response time in milliseconds: 1734
1 < 200
1 < Date: Mon, 25 May 2026 10:12:01 GMT
1 < Content-Type: application/json; charset=utf-8
1 < Transfer-Encoding: chunked
1 < Connection: keep-alive
1 < access-control-allow-credentials: true
1 < Cache-Control: max-age=43200
1 < etag: W/"134-B2D4HCXMgAW5NzE2tV3HVA4JP6M"
1 < expires: -1
1 < nel: {"report_to":"heroku-nel","response_headers":["Via"],"max_age":3600,"success_fraction":0.01,"failure_fraction":0.1}
1 < pragma: no-cache
1 < report-to: {"group":"heroku-nel","endpoints":[{"url":"https://nel.heroku.com/reports?s=6K9R6aaAFKkMIxDnVQcsjKiy8SOduS5ZZww0LRauvbI%3D\u0026sid=e11707d5-02a7-43ef-b45e-2cf4d2036f7d\u0026ts=1779673050"}],"max_age":3600}
1 < reporting-endpoints: heroku-nel="https://nel.heroku.com/reports?s=6K9R6aaAFKkMIxDnVQcsjKiy8SOduS5ZZww0LRauvbI%3D&sid=e11707d5-02a7-43ef-b45e-2cf4d2036f7d&ts=1779673050"
1 < Server: cloudflare
1 < vary: Origin, Accept-Encoding
1 < via: 2.0 heroku-router
1 < x-content-type-options: nosniff
1 < x-powered-by: Express
1 < x-ratelimit-limit: 1000
1 < x-ratelimit-remaining: 999
1 < x-ratelimit-reset: 1779673081
1 < Server-Timing: cfCacheStatus;desc="REVALIDATED"
1 < Server-Timing: cfEdge;dur=9,cfOrigin;dur=292
1 < cf-cache-status: REVALIDATED
1 < CF-RAY: a013c2620888e27e-MRS
1 < alt-svc: h3=":443"; ma=86400
{
  "userId": 2,
  "id": 20,
  "title": "doloribus ad provident suscipit at",
  "body": "qui consequuntur ducimus possimus quisquam amet similique\nsuscipit porro ipsam amet\neos veritatis officiis exercitationem vel fugit aut necessitatibus totam\nomnis rerum consequatur expedita quidem cumque explicabo"
}

15:42:02.081 [main] INFO  com.intuit.karate - karate.env system property was: null 
15:42:02.082 [main] INFO  com.intuit.karate - Loaded API Key: free_user_3DvGOP3388gqq71IAt6bHhQ6DDZ 
15:42:02.085 [main] DEBUG com.intuit.karate - request:
1 > GET https://jsonplaceholder.typicode.com/posts/21
1 > Host: jsonplaceholder.typicode.com
1 > Connection: Keep-Alive
1 > User-Agent: Apache-HttpClient/4.5.14 (Java/17.0.9)
1 > Accept-Encoding: gzip,deflate


15:42:03.011 [main] DEBUG com.intuit.karate - response time in milliseconds: 926
1 < 200
1 < Date: Mon, 25 May 2026 10:12:03 GMT
1 < Content-Type: application/json; charset=utf-8
1 < Transfer-Encoding: chunked
1 < Connection: keep-alive
1 < access-control-allow-credentials: true
1 < Cache-Control: max-age=43200
1 < etag: W/"117-mvqE9pMkp/BxthnOAO6lQoihz2M"
1 < expires: -1
1 < nel: {"report_to":"heroku-nel","response_headers":["Via"],"max_age":3600,"success_fraction":0.01,"failure_fraction":0.1}
1 < pragma: no-cache
1 < report-to: {"group":"heroku-nel","endpoints":[{"url":"https://nel.heroku.com/reports?s=DqdwFa14b7oFTw%2B%2FUnZI%2BA%2FTxGwE88g0OQqTAFjPGgI%3D\u0026sid=e11707d5-02a7-43ef-b45e-2cf4d2036f7d\u0026ts=1776688772"}],"max_age":3600}
1 < reporting-endpoints: heroku-nel="https://nel.heroku.com/reports?s=DqdwFa14b7oFTw%2B%2FUnZI%2BA%2FTxGwE88g0OQqTAFjPGgI%3D&sid=e11707d5-02a7-43ef-b45e-2cf4d2036f7d&ts=1776688772"
1 < Server: cloudflare
1 < vary: Origin, Accept-Encoding
1 < via: 2.0 heroku-router
1 < x-content-type-options: nosniff
1 < x-powered-by: Express
1 < x-ratelimit-limit: 1000
1 < x-ratelimit-remaining: 969
1 < x-ratelimit-reset: 1776688788
1 < Server-Timing: cfCacheStatus;desc="REVALIDATED"
1 < Server-Timing: cfEdge;dur=10,cfOrigin;dur=328
1 < cf-cache-status: REVALIDATED
1 < CF-RAY: a013c26cad1e12ae-MRS
1 < alt-svc: h3=":443"; ma=86400
{
  "userId": 3,
  "id": 21,
  "title": "asperiores ea ipsam voluptatibus modi minima quia sint",
  "body": "repellat aliquid praesentium dolorem quo\nsed totam minus non itaque\nnihil labore molestiae sunt dolor eveniet hic recusandae veniam\ntempora et tenetur expedita sunt"
}

15:42:03.014 [main] INFO  com.intuit.karate - karate.env system property was: null 
15:42:03.016 [main] INFO  com.intuit.karate - Loaded API Key: free_user_3DvGOP3388gqq71IAt6bHhQ6DDZ 
15:42:03.017 [main] DEBUG com.intuit.karate - request:
1 > GET https://jsonplaceholder.typicode.com/posts/22
1 > Host: jsonplaceholder.typicode.com
1 > Connection: Keep-Alive
1 > User-Agent: Apache-HttpClient/4.5.14 (Java/17.0.9)
1 > Accept-Encoding: gzip,deflate


15:42:04.533 [main] DEBUG com.intuit.karate - response time in milliseconds: 1515
1 < 200
1 < Date: Mon, 25 May 2026 10:12:03 GMT
1 < Content-Type: application/json; charset=utf-8
1 < Transfer-Encoding: chunked
1 < Connection: keep-alive
1 < access-control-allow-credentials: true
1 < Cache-Control: max-age=43200
1 < etag: W/"e6-PXw6heQCz2Yay/FrkPvuks+op8Y"
1 < expires: -1
1 < nel: {"report_to":"heroku-nel","response_headers":["Via"],"max_age":3600,"success_fraction":0.01,"failure_fraction":0.1}
1 < pragma: no-cache
1 < report-to: {"group":"heroku-nel","endpoints":[{"url":"https://nel.heroku.com/reports?s=CzGIyeyq8ITVlmpAjbv%2B7XE4%2B62iQfU7%2BvWnuKgIGdI%3D\u0026sid=e11707d5-02a7-43ef-b45e-2cf4d2036f7d\u0026ts=1779357541"}],"max_age":3600}
1 < reporting-endpoints: heroku-nel="https://nel.heroku.com/reports?s=CzGIyeyq8ITVlmpAjbv%2B7XE4%2B62iQfU7%2BvWnuKgIGdI%3D&sid=e11707d5-02a7-43ef-b45e-2cf4d2036f7d&ts=1779357541"
1 < Server: cloudflare
1 < vary: Origin, Accept-Encoding
1 < via: 2.0 heroku-router
1 < x-content-type-options: nosniff
1 < x-powered-by: Express
1 < x-ratelimit-limit: 1000
1 < x-ratelimit-remaining: 853
1 < x-ratelimit-reset: 1779357555
1 < Server-Timing: cfCacheStatus;desc="REVALIDATED"
1 < Server-Timing: cfEdge;dur=23,cfOrigin;dur=325
1 < cf-cache-status: REVALIDATED
1 < CF-RAY: a013c271e97ecd5d-MRS
1 < alt-svc: h3=":443"; ma=86400
{
  "userId": 3,
  "id": 22,
  "title": "dolor sint quo a velit explicabo quia nam",
  "body": "eos qui et ipsum ipsam suscipit aut\nsed omnis non odio\nexpedita earum mollitia molestiae aut atque rem suscipit\nnam impedit esse"
}

15:42:04.538 [main] INFO  com.intuit.karate - karate.env system property was: null 
15:42:04.539 [main] INFO  com.intuit.karate - Loaded API Key: free_user_3DvGOP3388gqq71IAt6bHhQ6DDZ 
15:42:04.542 [main] DEBUG com.intuit.karate - request:
1 > GET https://jsonplaceholder.typicode.com/posts/23
1 > Host: jsonplaceholder.typicode.com
1 > Connection: Keep-Alive
1 > User-Agent: Apache-HttpClient/4.5.14 (Java/17.0.9)
1 > Accept-Encoding: gzip,deflate


15:42:05.470 [main] DEBUG com.intuit.karate - response time in milliseconds: 926
1 < 200
1 < Date: Mon, 25 May 2026 10:12:05 GMT
1 < Content-Type: application/json; charset=utf-8
1 < Transfer-Encoding: chunked
1 < Connection: keep-alive
1 < access-control-allow-credentials: true
1 < Cache-Control: max-age=43200
1 < etag: W/"fd-2cknVyBv5gWr1s/pxvkFBL7N/38"
1 < expires: -1
1 < nel: {"report_to":"heroku-nel","response_headers":["Via"],"max_age":3600,"success_fraction":0.01,"failure_fraction":0.1}
1 < pragma: no-cache
1 < report-to: {"group":"heroku-nel","endpoints":[{"url":"https://nel.heroku.com/reports?s=YPchQNI3TWy6i8OA8R5MPcr1Ufn4BTcWm%2BnY3LM39C0%3D\u0026sid=e11707d5-02a7-43ef-b45e-2cf4d2036f7d\u0026ts=1779184782"}],"max_age":3600}
1 < reporting-endpoints: heroku-nel="https://nel.heroku.com/reports?s=YPchQNI3TWy6i8OA8R5MPcr1Ufn4BTcWm%2BnY3LM39C0%3D&sid=e11707d5-02a7-43ef-b45e-2cf4d2036f7d&ts=1779184782"
1 < Server: cloudflare
1 < vary: Origin, Accept-Encoding
1 < via: 2.0 heroku-router
1 < x-content-type-options: nosniff
1 < x-powered-by: Express
1 < x-ratelimit-limit: 1000
1 < x-ratelimit-remaining: 993
1 < x-ratelimit-reset: 1779184796
1 < Server-Timing: cfCacheStatus;desc="REVALIDATED"
1 < Server-Timing: cfEdge;dur=24,cfOrigin;dur=283
1 < cf-cache-status: REVALIDATED
1 < CF-RAY: a013c27c2e9fe179-MRS
1 < alt-svc: h3=":443"; ma=86400
{
  "userId": 3,
  "id": 23,
  "title": "maxime id vitae nihil numquam",
  "body": "veritatis unde neque eligendi\nquae quod architecto quo neque vitae\nest illo sit tempora doloremque fugit quod\net et vel beatae sequi ullam sed tenetur perspiciatis"
}

15:42:05.473 [main] INFO  com.intuit.karate - karate.env system property was: null 
15:42:05.474 [main] INFO  com.intuit.karate - Loaded API Key: free_user_3DvGOP3388gqq71IAt6bHhQ6DDZ 
15:42:05.476 [main] DEBUG com.intuit.karate - request:
1 > GET https://jsonplaceholder.typicode.com/posts/24
1 > Host: jsonplaceholder.typicode.com
1 > Connection: Keep-Alive
1 > User-Agent: Apache-HttpClient/4.5.14 (Java/17.0.9)
1 > Accept-Encoding: gzip,deflate


15:42:06.686 [main] DEBUG com.intuit.karate - response time in milliseconds: 1208
1 < 200
1 < Date: Mon, 25 May 2026 10:12:06 GMT
1 < Content-Type: application/json; charset=utf-8
1 < Transfer-Encoding: chunked
1 < Connection: keep-alive
1 < access-control-allow-credentials: true
1 < Cache-Control: max-age=43200
1 < etag: W/"f3-ifVym0pMyH3QE/zD+bJosWWZ/xY"
1 < expires: -1
1 < nel: {"report_to":"heroku-nel","response_headers":["Via"],"max_age":3600,"success_fraction":0.01,"failure_fraction":0.1}
1 < pragma: no-cache
1 < report-to: {"group":"heroku-nel","endpoints":[{"url":"https://nel.heroku.com/reports?s=GAxTUS99p5viLk74fKuGXSOWryc%2F%2BuYzAjEmOeKHErA%3D\u0026sid=e11707d5-02a7-43ef-b45e-2cf4d2036f7d\u0026ts=1779703926"}],"max_age":3600}
1 < reporting-endpoints: heroku-nel="https://nel.heroku.com/reports?s=GAxTUS99p5viLk74fKuGXSOWryc%2F%2BuYzAjEmOeKHErA%3D&sid=e11707d5-02a7-43ef-b45e-2cf4d2036f7d&ts=1779703926"
1 < Server: cloudflare
1 < vary: Origin, Accept-Encoding
1 < via: 2.0 heroku-router
1 < x-content-type-options: nosniff
1 < x-powered-by: Express
1 < x-ratelimit-limit: 1000
1 < x-ratelimit-remaining: 994
1 < x-ratelimit-reset: 1779703930
1 < Server-Timing: cfCacheStatus;desc="MISS"
1 < Server-Timing: cfEdge;dur=9,cfOrigin;dur=343
1 < cf-cache-status: MISS
1 < CF-RAY: a013c2842af3e275-MRS
1 < alt-svc: h3=":443"; ma=86400
{
  "userId": 3,
  "id": 24,
  "title": "autem hic labore sunt dolores incidunt",
  "body": "enim et ex nulla\nomnis voluptas quia qui\nvoluptatem consequatur numquam aliquam sunt\ntotam recusandae id dignissimos aut sed asperiores deserunt"
}

15:42:06.690 [main] INFO  com.intuit.karate - karate.env system property was: null 
15:42:06.691 [main] INFO  com.intuit.karate - Loaded API Key: free_user_3DvGOP3388gqq71IAt6bHhQ6DDZ 
15:42:06.694 [main] DEBUG com.intuit.karate - request:
1 > GET https://jsonplaceholder.typicode.com/posts/25
1 > Host: jsonplaceholder.typicode.com
1 > Connection: Keep-Alive
1 > User-Agent: Apache-HttpClient/4.5.14 (Java/17.0.9)
1 > Accept-Encoding: gzip,deflate


15:42:07.631 [main] DEBUG com.intuit.karate - response time in milliseconds: 936
1 < 200
1 < Date: Mon, 25 May 2026 10:12:07 GMT
1 < Content-Type: application/json; charset=utf-8
1 < Transfer-Encoding: chunked
1 < Connection: keep-alive
1 < access-control-allow-credentials: true
1 < Cache-Control: max-age=43200
1 < etag: W/"ed-5nZjsj4lJ1lY/Chj2v9voa/MRVw"
1 < expires: -1
1 < nel: {"report_to":"heroku-nel","response_headers":["Via"],"max_age":3600,"success_fraction":0.01,"failure_fraction":0.1}
1 < pragma: no-cache
1 < report-to: {"group":"heroku-nel","endpoints":[{"url":"https://nel.heroku.com/reports?s=3bVin7AFxgYMQGoBwFv%2FIs3%2BPA4YF19ugJkVleeh3SU%3D\u0026sid=e11707d5-02a7-43ef-b45e-2cf4d2036f7d\u0026ts=1779357460"}],"max_age":3600}
1 < reporting-endpoints: heroku-nel="https://nel.heroku.com/reports?s=3bVin7AFxgYMQGoBwFv%2FIs3%2BPA4YF19ugJkVleeh3SU%3D&sid=e11707d5-02a7-43ef-b45e-2cf4d2036f7d&ts=1779357460"
1 < Server: cloudflare
1 < vary: Origin, Accept-Encoding
1 < via: 2.0 heroku-router
1 < x-content-type-options: nosniff
1 < x-powered-by: Express
1 < x-ratelimit-limit: 1000
1 < x-ratelimit-remaining: 945
1 < x-ratelimit-reset: 1779357495
1 < Server-Timing: cfCacheStatus;desc="REVALIDATED"
1 < Server-Timing: cfEdge;dur=10,cfOrigin;dur=328
1 < cf-cache-status: REVALIDATED
1 < CF-RAY: a013c2899d70e159-MRS
1 < alt-svc: h3=":443"; ma=86400
{
  "userId": 3,
  "id": 25,
  "title": "rem alias distinctio quo quis",
  "body": "ullam consequatur ut\nomnis quis sit vel consequuntur\nipsa eligendi ipsum molestiae et omnis error nostrum\nmolestiae illo tempore quia et distinctio"
}

15:42:07.634 [main] INFO  com.intuit.karate - karate.env system property was: null 
15:42:07.635 [main] INFO  com.intuit.karate - Loaded API Key: free_user_3DvGOP3388gqq71IAt6bHhQ6DDZ 
15:42:07.636 [main] DEBUG com.intuit.karate - request:
1 > GET https://jsonplaceholder.typicode.com/posts/26
1 > Host: jsonplaceholder.typicode.com
1 > Connection: Keep-Alive
1 > User-Agent: Apache-HttpClient/4.5.14 (Java/17.0.9)
1 > Accept-Encoding: gzip,deflate


15:42:08.476 [main] DEBUG com.intuit.karate - response time in milliseconds: 838
1 < 200
1 < Date: Mon, 25 May 2026 10:12:08 GMT
1 < Content-Type: application/json; charset=utf-8
1 < Transfer-Encoding: chunked
1 < Connection: keep-alive
1 < access-control-allow-credentials: true
1 < Cache-Control: max-age=43200
1 < etag: W/"103-nvdlqF1XCHpBd3+QuyEzLJ0DKRU"
1 < expires: -1
1 < nel: {"report_to":"heroku-nel","response_headers":["Via"],"max_age":3600,"success_fraction":0.01,"failure_fraction":0.1}
1 < pragma: no-cache
1 < report-to: {"group":"heroku-nel","endpoints":[{"url":"https://nel.heroku.com/reports?s=0QictJtbfnsFUigikY9K4onTr6CotDFI7gXMCfotjMw%3D\u0026sid=e11707d5-02a7-43ef-b45e-2cf4d2036f7d\u0026ts=1779703928"}],"max_age":3600}
1 < reporting-endpoints: heroku-nel="https://nel.heroku.com/reports?s=0QictJtbfnsFUigikY9K4onTr6CotDFI7gXMCfotjMw%3D&sid=e11707d5-02a7-43ef-b45e-2cf4d2036f7d&ts=1779703928"
1 < Server: cloudflare
1 < vary: Origin, Accept-Encoding
1 < via: 2.0 heroku-router
1 < x-content-type-options: nosniff
1 < x-powered-by: Express
1 < x-ratelimit-limit: 1000
1 < x-ratelimit-remaining: 992
1 < x-ratelimit-reset: 1779703930
1 < Server-Timing: cfCacheStatus;desc="MISS"
1 < Server-Timing: cfEdge;dur=12,cfOrigin;dur=304
1 < cf-cache-status: MISS
1 < CF-RAY: a013c28f3fc8184e-MRS
1 < alt-svc: h3=":443"; ma=86400
{
  "userId": 3,
  "id": 26,
  "title": "est et quae odit qui non",
  "body": "similique esse doloribus nihil accusamus\nomnis dolorem fuga consequuntur reprehenderit fugit recusandae temporibus\nperspiciatis cum ut laudantium\nomnis aut molestiae vel vero"
}

15:42:08.479 [main] INFO  com.intuit.karate - karate.env system property was: null 
15:42:08.480 [main] INFO  com.intuit.karate - Loaded API Key: free_user_3DvGOP3388gqq71IAt6bHhQ6DDZ 
15:42:08.481 [main] DEBUG com.intuit.karate - request:
1 > GET https://jsonplaceholder.typicode.com/posts/27
1 > Host: jsonplaceholder.typicode.com
1 > Connection: Keep-Alive
1 > User-Agent: Apache-HttpClient/4.5.14 (Java/17.0.9)
1 > Accept-Encoding: gzip,deflate


15:42:09.440 [main] DEBUG com.intuit.karate - response time in milliseconds: 958
1 < 200
1 < Date: Mon, 25 May 2026 10:12:09 GMT
1 < Content-Type: application/json; charset=utf-8
1 < Transfer-Encoding: chunked
1 < Connection: keep-alive
1 < access-control-allow-credentials: true
1 < Cache-Control: max-age=43200
1 < etag: W/"120-qKM2azhXtnWXfnWclKp4KhCN+BA"
1 < expires: -1
1 < nel: {"report_to":"heroku-nel","response_headers":["Via"],"max_age":3600,"success_fraction":0.01,"failure_fraction":0.1}
1 < pragma: no-cache
1 < report-to: {"group":"heroku-nel","endpoints":[{"url":"https://nel.heroku.com/reports?s=jqp6pvlHR%2FDx7x1k5jXZIGJH8GCTdLU8Py9vuPwR8L8%3D\u0026sid=e11707d5-02a7-43ef-b45e-2cf4d2036f7d\u0026ts=1779703929"}],"max_age":3600}
1 < reporting-endpoints: heroku-nel="https://nel.heroku.com/reports?s=jqp6pvlHR%2FDx7x1k5jXZIGJH8GCTdLU8Py9vuPwR8L8%3D&sid=e11707d5-02a7-43ef-b45e-2cf4d2036f7d&ts=1779703929"
1 < Server: cloudflare
1 < vary: Origin, Accept-Encoding
1 < via: 2.0 heroku-router
1 < x-content-type-options: nosniff
1 < x-powered-by: Express
1 < x-ratelimit-limit: 1000
1 < x-ratelimit-remaining: 991
1 < x-ratelimit-reset: 1779703930
1 < Server-Timing: cfCacheStatus;desc="MISS"
1 < Server-Timing: cfEdge;dur=10,cfOrigin;dur=327
1 < cf-cache-status: MISS
1 < CF-RAY: a013c294cf48a631-MRS
1 < alt-svc: h3=":443"; ma=86400
{
  "userId": 3,
  "id": 27,
  "title": "quasi id et eos tenetur aut quo autem",
  "body": "eum sed dolores ipsam sint possimus debitis occaecati\ndebitis qui qui et\nut placeat enim earum aut odit facilis\nconsequatur suscipit necessitatibus rerum sed inventore temporibus consequatur"
}

15:42:09.445 [main] INFO  com.intuit.karate - karate.env system property was: null 
15:42:09.446 [main] INFO  com.intuit.karate - Loaded API Key: free_user_3DvGOP3388gqq71IAt6bHhQ6DDZ 
15:42:09.449 [main] DEBUG com.intuit.karate - request:
1 > GET https://jsonplaceholder.typicode.com/posts/28
1 > Host: jsonplaceholder.typicode.com
1 > Connection: Keep-Alive
1 > User-Agent: Apache-HttpClient/4.5.14 (Java/17.0.9)
1 > Accept-Encoding: gzip,deflate


15:42:10.277 [main] DEBUG com.intuit.karate - response time in milliseconds: 827
1 < 200
1 < Date: Mon, 25 May 2026 10:12:10 GMT
1 < Content-Type: application/json; charset=utf-8
1 < Transfer-Encoding: chunked
1 < Connection: keep-alive
1 < access-control-allow-credentials: true
1 < Cache-Control: max-age=43200
1 < etag: W/"f9-AEZ+sXaihdyQslUCCBcxh7QHSIc"
1 < expires: -1
1 < nel: {"report_to":"heroku-nel","response_headers":["Via"],"max_age":3600,"success_fraction":0.01,"failure_fraction":0.1}
1 < pragma: no-cache
1 < report-to: {"group":"heroku-nel","endpoints":[{"url":"https://nel.heroku.com/reports?s=VQS%2Bc0%2BUg3HVGEX%2FB%2BNFWKrk2GN0Bppt905e1smzdS4%3D\u0026sid=e11707d5-02a7-43ef-b45e-2cf4d2036f7d\u0026ts=1779358000"}],"max_age":3600}
1 < reporting-endpoints: heroku-nel="https://nel.heroku.com/reports?s=VQS%2Bc0%2BUg3HVGEX%2FB%2BNFWKrk2GN0Bppt905e1smzdS4%3D&sid=e11707d5-02a7-43ef-b45e-2cf4d2036f7d&ts=1779358000"
1 < Server: cloudflare
1 < vary: Origin, Accept-Encoding
1 < via: 2.0 heroku-router
1 < x-content-type-options: nosniff
1 < x-powered-by: Express
1 < x-ratelimit-limit: 1000
1 < x-ratelimit-remaining: 954
1 < x-ratelimit-reset: 1779358035
1 < Server-Timing: cfCacheStatus;desc="REVALIDATED"
1 < Server-Timing: cfEdge;dur=10,cfOrigin;dur=330
1 < cf-cache-status: REVALIDATED
1 < CF-RAY: a013c29a592412a2-MRS
1 < alt-svc: h3=":443"; ma=86400
{
  "userId": 3,
  "id": 28,
  "title": "delectus ullam et corporis nulla voluptas sequi",
  "body": "non et quaerat ex quae ad maiores\nmaiores recusandae totam aut blanditiis mollitia quas illo\nut voluptatibus voluptatem\nsimilique nostrum eum"
}

15:42:10.283 [main] INFO  com.intuit.karate - karate.env system property was: null 
15:42:10.285 [main] INFO  com.intuit.karate - Loaded API Key: free_user_3DvGOP3388gqq71IAt6bHhQ6DDZ 
15:42:10.286 [main] DEBUG com.intuit.karate - request:
1 > GET https://jsonplaceholder.typicode.com/posts/29
1 > Host: jsonplaceholder.typicode.com
1 > Connection: Keep-Alive
1 > User-Agent: Apache-HttpClient/4.5.14 (Java/17.0.9)
1 > Accept-Encoding: gzip,deflate


15:42:11.229 [main] DEBUG com.intuit.karate - response time in milliseconds: 941
1 < 200
1 < Date: Mon, 25 May 2026 10:12:11 GMT
1 < Content-Type: application/json; charset=utf-8
1 < Transfer-Encoding: chunked
1 < Connection: keep-alive
1 < access-control-allow-credentials: true
1 < Cache-Control: max-age=43200
1 < etag: W/"f7-s0ld/Dvp7Q01gQ2gs/shmGjHA3Q"
1 < expires: -1
1 < nel: {"report_to":"heroku-nel","response_headers":["Via"],"max_age":3600,"success_fraction":0.01,"failure_fraction":0.1}
1 < pragma: no-cache
1 < report-to: {"group":"heroku-nel","endpoints":[{"url":"https://nel.heroku.com/reports?s=s%2FBRWs4UjN2wAklwy4xGrdhVWfaIGEPRKzlVoNjZrko%3D\u0026sid=e11707d5-02a7-43ef-b45e-2cf4d2036f7d\u0026ts=1779357448"}],"max_age":3600}
1 < reporting-endpoints: heroku-nel="https://nel.heroku.com/reports?s=s%2FBRWs4UjN2wAklwy4xGrdhVWfaIGEPRKzlVoNjZrko%3D&sid=e11707d5-02a7-43ef-b45e-2cf4d2036f7d&ts=1779357448"
1 < Server: cloudflare
1 < vary: Origin, Accept-Encoding
1 < via: 2.0 heroku-router
1 < x-content-type-options: nosniff
1 < x-powered-by: Express
1 < x-ratelimit-limit: 1000
1 < x-ratelimit-remaining: 982
1 < x-ratelimit-reset: 1779357495
1 < Server-Timing: cfCacheStatus;desc="REVALIDATED"
1 < Server-Timing: cfEdge;dur=12,cfOrigin;dur=328
1 < cf-cache-status: REVALIDATED
1 < CF-RAY: a013c2a00a686488-MRS
1 < alt-svc: h3=":443"; ma=86400
{
  "userId": 3,
  "id": 29,
  "title": "iusto eius quod necessitatibus culpa ea",
  "body": "odit magnam ut saepe sed non qui\ntempora atque nihil\naccusamus illum doloribus illo dolor\neligendi repudiandae odit magni similique sed cum maiores"
}

15:42:11.233 [main] INFO  com.intuit.karate - karate.env system property was: null 
15:42:11.234 [main] INFO  com.intuit.karate - Loaded API Key: free_user_3DvGOP3388gqq71IAt6bHhQ6DDZ 
15:42:11.236 [main] DEBUG com.intuit.karate - request:
1 > GET https://jsonplaceholder.typicode.com/posts/30
1 > Host: jsonplaceholder.typicode.com
1 > Connection: Keep-Alive
1 > User-Agent: Apache-HttpClient/4.5.14 (Java/17.0.9)
1 > Accept-Encoding: gzip,deflate


15:42:11.841 [main] DEBUG com.intuit.karate - response time in milliseconds: 604
1 < 200
1 < Date: Mon, 25 May 2026 10:12:11 GMT
1 < Content-Type: application/json; charset=utf-8
1 < Transfer-Encoding: chunked
1 < Connection: keep-alive
1 < access-control-allow-credentials: true
1 < Cache-Control: max-age=43200
1 < etag: W/"ea-p/fED6+/tICtAVNeMV6EIhtgIes"
1 < expires: -1
1 < nel: {"report_to":"heroku-nel","response_headers":["Via"],"max_age":3600,"success_fraction":0.01,"failure_fraction":0.1}
1 < pragma: no-cache
1 < report-to: {"group":"heroku-nel","endpoints":[{"url":"https://nel.heroku.com/reports?s=s6crUrGrlrPMowbiKwF6xT5ibGjjvujfiC7L30c9%2Bko%3D\u0026sid=e11707d5-02a7-43ef-b45e-2cf4d2036f7d\u0026ts=1777999480"}],"max_age":3600}
1 < reporting-endpoints: heroku-nel="https://nel.heroku.com/reports?s=s6crUrGrlrPMowbiKwF6xT5ibGjjvujfiC7L30c9%2Bko%3D&sid=e11707d5-02a7-43ef-b45e-2cf4d2036f7d&ts=1777999480"
1 < Server: cloudflare
1 < vary: Origin, Accept-Encoding
1 < via: 2.0 heroku-router
1 < x-content-type-options: nosniff
1 < x-powered-by: Express
1 < x-ratelimit-limit: 1000
1 < x-ratelimit-remaining: 999
1 < x-ratelimit-reset: 1777999503
1 < Age: 8874
1 < Server-Timing: cfCacheStatus;desc="HIT"
1 < Server-Timing: cfEdge;dur=4,cfOrigin;dur=0
1 < cf-cache-status: HIT
1 < CF-RAY: a013c2a5e9ee1412-MRS
1 < alt-svc: h3=":443"; ma=86400
{
  "userId": 3,
  "id": 30,
  "title": "a quo magni similique perferendis",
  "body": "alias dolor cumque\nimpedit blanditiis non eveniet odio maxime\nblanditiis amet eius quis tempora quia autem rem\na provident perspiciatis quia"
}

15:42:11.844 [main] INFO  com.intuit.karate - karate.env system property was: null 
15:42:11.845 [main] INFO  com.intuit.karate - Loaded API Key: free_user_3DvGOP3388gqq71IAt6bHhQ6DDZ 
15:42:11.846 [main] DEBUG com.intuit.karate - request:
1 > GET https://jsonplaceholder.typicode.com/posts/31
1 > Host: jsonplaceholder.typicode.com
1 > Connection: Keep-Alive
1 > User-Agent: Apache-HttpClient/4.5.14 (Java/17.0.9)
1 > Accept-Encoding: gzip,deflate


15:42:12.801 [main] DEBUG com.intuit.karate - response time in milliseconds: 954
1 < 200
1 < Date: Mon, 25 May 2026 10:12:12 GMT
1 < Content-Type: application/json; charset=utf-8
1 < Transfer-Encoding: chunked
1 < Connection: keep-alive
1 < access-control-allow-credentials: true
1 < Cache-Control: max-age=43200
1 < etag: W/"114-fvaKvcE5R6RW/jKcF4ij0mXJXnI"
1 < expires: -1
1 < nel: {"report_to":"heroku-nel","response_headers":["Via"],"max_age":3600,"success_fraction":0.01,"failure_fraction":0.1}
1 < pragma: no-cache
1 < report-to: {"group":"heroku-nel","endpoints":[{"url":"https://nel.heroku.com/reports?s=VygCs1%2FtSy4HglvUrg9eMy1HGL20M3f1jLi9Uf2uHcM%3D\u0026sid=e11707d5-02a7-43ef-b45e-2cf4d2036f7d\u0026ts=1778749802"}],"max_age":3600}
1 < reporting-endpoints: heroku-nel="https://nel.heroku.com/reports?s=VygCs1%2FtSy4HglvUrg9eMy1HGL20M3f1jLi9Uf2uHcM%3D&sid=e11707d5-02a7-43ef-b45e-2cf4d2036f7d&ts=1778749802"
1 < Server: cloudflare
1 < vary: Origin, Accept-Encoding
1 < via: 2.0 heroku-router
1 < x-content-type-options: nosniff
1 < x-powered-by: Express
1 < x-ratelimit-limit: 1000
1 < x-ratelimit-remaining: 969
1 < x-ratelimit-reset: 1778749861
1 < Server-Timing: cfCacheStatus;desc="REVALIDATED"
1 < Server-Timing: cfEdge;dur=9,cfOrigin;dur=331
1 < cf-cache-status: REVALIDATED
1 < CF-RAY: a013c2a9bedb6488-MRS
1 < alt-svc: h3=":443"; ma=86400
{
  "userId": 4,
  "id": 31,
  "title": "ullam ut quidem id aut vel consequuntur",
  "body": "debitis eius sed quibusdam non quis consectetur vitae\nimpedit ut qui consequatur sed aut in\nquidem sit nostrum et maiores adipisci atque\nquaerat voluptatem adipisci repudiandae"
}

15:42:12.804 [main] INFO  com.intuit.karate - karate.env system property was: null 
15:42:12.805 [main] INFO  com.intuit.karate - Loaded API Key: free_user_3DvGOP3388gqq71IAt6bHhQ6DDZ 
15:42:12.809 [main] DEBUG com.intuit.karate - request:
1 > GET https://jsonplaceholder.typicode.com/posts/32
1 > Host: jsonplaceholder.typicode.com
1 > Connection: Keep-Alive
1 > User-Agent: Apache-HttpClient/4.5.14 (Java/17.0.9)
1 > Accept-Encoding: gzip,deflate


15:42:14.166 [main] DEBUG com.intuit.karate - response time in milliseconds: 1355
1 < 200
1 < Date: Mon, 25 May 2026 10:12:14 GMT
1 < Content-Type: application/json; charset=utf-8
1 < Transfer-Encoding: chunked
1 < Connection: keep-alive
1 < access-control-allow-credentials: true
1 < Cache-Control: max-age=43200
1 < etag: W/"118-gU6x6yKuGnLxOVfx4b/csDm80xc"
1 < expires: -1
1 < nel: {"report_to":"heroku-nel","response_headers":["Via"],"max_age":3600,"success_fraction":0.01,"failure_fraction":0.1}
1 < pragma: no-cache
1 < report-to: {"group":"heroku-nel","endpoints":[{"url":"https://nel.heroku.com/reports?s=pH9VOXEN%2Ff7oIDxdqq7fJxdAQV21MM4Ii%2BYM%2FKFLgiA%3D\u0026sid=e11707d5-02a7-43ef-b45e-2cf4d2036f7d\u0026ts=1779703934"}],"max_age":3600}
1 < reporting-endpoints: heroku-nel="https://nel.heroku.com/reports?s=pH9VOXEN%2Ff7oIDxdqq7fJxdAQV21MM4Ii%2BYM%2FKFLgiA%3D&sid=e11707d5-02a7-43ef-b45e-2cf4d2036f7d&ts=1779703934"
1 < Server: cloudflare
1 < vary: Origin, Accept-Encoding
1 < via: 2.0 heroku-router
1 < x-content-type-options: nosniff
1 < x-powered-by: Express
1 < x-ratelimit-limit: 1000
1 < x-ratelimit-remaining: 996
1 < x-ratelimit-reset: 1779703990
1 < Server-Timing: cfCacheStatus;desc="MISS"
1 < Server-Timing: cfEdge;dur=22,cfOrigin;dur=350
1 < cf-cache-status: MISS
1 < CF-RAY: a013c2b21f6de22c-MRS
1 < alt-svc: h3=":443"; ma=86400
{
  "userId": 4,
  "id": 32,
  "title": "doloremque illum aliquid sunt",
  "body": "deserunt eos nobis asperiores et hic\nest debitis repellat molestiae optio\nnihil ratione ut eos beatae quibusdam distinctio maiores\nearum voluptates et aut adipisci ea maiores voluptas maxime"
}

15:42:14.170 [main] INFO  com.intuit.karate - karate.env system property was: null 
15:42:14.171 [main] INFO  com.intuit.karate - Loaded API Key: free_user_3DvGOP3388gqq71IAt6bHhQ6DDZ 
15:42:14.173 [main] DEBUG com.intuit.karate - request:
1 > GET https://jsonplaceholder.typicode.com/posts/33
1 > Host: jsonplaceholder.typicode.com
1 > Connection: Keep-Alive
1 > User-Agent: Apache-HttpClient/4.5.14 (Java/17.0.9)
1 > Accept-Encoding: gzip,deflate


15:42:14.729 [main] DEBUG com.intuit.karate - response time in milliseconds: 554
1 < 200
1 < Date: Mon, 25 May 2026 10:12:14 GMT
1 < Content-Type: application/json; charset=utf-8
1 < Transfer-Encoding: chunked
1 < Connection: keep-alive
1 < access-control-allow-credentials: true
1 < Cache-Control: max-age=43200
1 < etag: W/"e4-eJS5AAgYswVFXcpPGUc/6yS0JGs"
1 < expires: -1
1 < nel: {"report_to":"heroku-nel","response_headers":["Via"],"max_age":3600,"success_fraction":0.01,"failure_fraction":0.1}
1 < pragma: no-cache
1 < report-to: {"group":"heroku-nel","endpoints":[{"url":"https://nel.heroku.com/reports?s=hujmFlqENe92WPFkTcghVCw80sfQQAzcvRPH6i1Sz8U%3D\u0026sid=e11707d5-02a7-43ef-b45e-2cf4d2036f7d\u0026ts=1779357473"}],"max_age":3600}
1 < reporting-endpoints: heroku-nel="https://nel.heroku.com/reports?s=hujmFlqENe92WPFkTcghVCw80sfQQAzcvRPH6i1Sz8U%3D&sid=e11707d5-02a7-43ef-b45e-2cf4d2036f7d&ts=1779357473"
1 < Server: cloudflare
1 < vary: Origin, Accept-Encoding
1 < via: 2.0 heroku-router
1 < x-content-type-options: nosniff
1 < x-powered-by: Express
1 < x-ratelimit-limit: 1000
1 < x-ratelimit-remaining: 900
1 < x-ratelimit-reset: 1779357495
1 < Age: 8901
1 < Server-Timing: cfCacheStatus;desc="HIT"
1 < Server-Timing: cfEdge;dur=7,cfOrigin;dur=0
1 < cf-cache-status: HIT
1 < CF-RAY: a013c2b83eaae244-MRS
1 < alt-svc: h3=":443"; ma=86400
{
  "userId": 4,
  "id": 33,
  "title": "qui explicabo molestiae dolorem",
  "body": "rerum ut et numquam laborum odit est sit\nid qui sint in\nquasi tenetur tempore aperiam et quaerat qui in\nrerum officiis sequi cumque quod"
}

15:42:14.734 [main] INFO  com.intuit.karate - karate.env system property was: null 
15:42:14.736 [main] INFO  com.intuit.karate - Loaded API Key: free_user_3DvGOP3388gqq71IAt6bHhQ6DDZ 
15:42:14.737 [main] DEBUG com.intuit.karate - request:
1 > GET https://jsonplaceholder.typicode.com/posts/34
1 > Host: jsonplaceholder.typicode.com
1 > Connection: Keep-Alive
1 > User-Agent: Apache-HttpClient/4.5.14 (Java/17.0.9)
1 > Accept-Encoding: gzip,deflate


15:42:15.314 [main] DEBUG com.intuit.karate - response time in milliseconds: 575
1 < 200
1 < Date: Mon, 25 May 2026 10:12:15 GMT
1 < Content-Type: application/json; charset=utf-8
1 < Transfer-Encoding: chunked
1 < Connection: keep-alive
1 < access-control-allow-credentials: true
1 < Cache-Control: max-age=43200
1 < etag: W/"125-Vy2bCExpJwbgL2QLF7SvYE5QZaQ"
1 < expires: -1
1 < nel: {"report_to":"heroku-nel","response_headers":["Via"],"max_age":3600,"success_fraction":0.01,"failure_fraction":0.1}
1 < pragma: no-cache
1 < report-to: {"group":"heroku-nel","endpoints":[{"url":"https://nel.heroku.com/reports?s=jbnwxtKSz1TRX1RXNHVAM9umptZ1kmN5RiFnWybwNn0%3D\u0026sid=e11707d5-02a7-43ef-b45e-2cf4d2036f7d\u0026ts=1778838799"}],"max_age":3600}
1 < reporting-endpoints: heroku-nel="https://nel.heroku.com/reports?s=jbnwxtKSz1TRX1RXNHVAM9umptZ1kmN5RiFnWybwNn0%3D&sid=e11707d5-02a7-43ef-b45e-2cf4d2036f7d&ts=1778838799"
1 < Server: cloudflare
1 < vary: Origin, Accept-Encoding
1 < via: 2.0 heroku-router
1 < x-content-type-options: nosniff
1 < x-powered-by: Express
1 < x-ratelimit-limit: 1000
1 < x-ratelimit-remaining: 833
1 < x-ratelimit-reset: 1778838820
1 < Age: 15310
1 < Server-Timing: cfCacheStatus;desc="HIT"
1 < Server-Timing: cfEdge;dur=4,cfOrigin;dur=0
1 < cf-cache-status: HIT
1 < CF-RAY: a013c2bbaa4e636c-MRS
1 < alt-svc: h3=":443"; ma=86400
{
  "userId": 4,
  "id": 34,
  "title": "magnam ut rerum iure",
  "body": "ea velit perferendis earum ut voluptatem voluptate itaque iusto\ntotam pariatur in\nnemo voluptatem voluptatem autem magni tempora minima in\nest distinctio qui assumenda accusamus dignissimos officia nesciunt nobis"
}

15:42:15.316 [main] INFO  com.intuit.karate - karate.env system property was: null 
15:42:15.318 [main] INFO  com.intuit.karate - Loaded API Key: free_user_3DvGOP3388gqq71IAt6bHhQ6DDZ 
15:42:15.320 [main] DEBUG com.intuit.karate - request:
1 > GET https://jsonplaceholder.typicode.com/posts/35
1 > Host: jsonplaceholder.typicode.com
1 > Connection: Keep-Alive
1 > User-Agent: Apache-HttpClient/4.5.14 (Java/17.0.9)
1 > Accept-Encoding: gzip,deflate


15:42:16.279 [main] DEBUG com.intuit.karate - response time in milliseconds: 958
1 < 200
1 < Date: Mon, 25 May 2026 10:12:15 GMT
1 < Content-Type: application/json; charset=utf-8
1 < Transfer-Encoding: chunked
1 < Connection: keep-alive
1 < access-control-allow-credentials: true
1 < Cache-Control: max-age=43200
1 < etag: W/"11b-iEiJpVAW3iKhqKkCM+WpQc2jSXM"
1 < expires: -1
1 < nel: {"report_to":"heroku-nel","response_headers":["Via"],"max_age":3600,"success_fraction":0.01,"failure_fraction":0.1}
1 < pragma: no-cache
1 < report-to: {"group":"heroku-nel","endpoints":[{"url":"https://nel.heroku.com/reports?s=bXh5WMoTqTsO36ZgoenPoKGmNKZBPH5itRqQ99ypcgQ%3D\u0026sid=e11707d5-02a7-43ef-b45e-2cf4d2036f7d\u0026ts=1779358302"}],"max_age":3600}
1 < reporting-endpoints: heroku-nel="https://nel.heroku.com/reports?s=bXh5WMoTqTsO36ZgoenPoKGmNKZBPH5itRqQ99ypcgQ%3D&sid=e11707d5-02a7-43ef-b45e-2cf4d2036f7d&ts=1779358302"
1 < Server: cloudflare
1 < vary: Origin, Accept-Encoding
1 < via: 2.0 heroku-router
1 < x-content-type-options: nosniff
1 < x-powered-by: Express
1 < x-ratelimit-limit: 1000
1 < x-ratelimit-remaining: 971
1 < x-ratelimit-reset: 1779358335
1 < Age: 8724
1 < Server-Timing: cfCacheStatus;desc="HIT"
1 < Server-Timing: cfEdge;dur=5,cfOrigin;dur=0
1 < cf-cache-status: HIT
1 < CF-RAY: a013c2bfbabbe179-MRS
1 < alt-svc: h3=":443"; ma=86400
{
  "userId": 4,
  "id": 35,
  "title": "id nihil consequatur molestias animi provident",
  "body": "nisi error delectus possimus ut eligendi vitae\nplaceat eos harum cupiditate facilis reprehenderit voluptatem beatae\nmodi ducimus quo illum voluptas eligendi\net nobis quia fugit"
}

15:42:16.282 [main] INFO  com.intuit.karate - karate.env system property was: null 
15:42:16.282 [main] INFO  com.intuit.karate - Loaded API Key: free_user_3DvGOP3388gqq71IAt6bHhQ6DDZ 
15:42:16.284 [main] DEBUG com.intuit.karate - request:
1 > GET https://jsonplaceholder.typicode.com/posts/36
1 > Host: jsonplaceholder.typicode.com
1 > Connection: Keep-Alive
1 > User-Agent: Apache-HttpClient/4.5.14 (Java/17.0.9)
1 > Accept-Encoding: gzip,deflate


15:42:17.547 [main] DEBUG com.intuit.karate - response time in milliseconds: 1263
1 < 200
1 < Date: Mon, 25 May 2026 10:12:17 GMT
1 < Content-Type: application/json; charset=utf-8
1 < Transfer-Encoding: chunked
1 < Connection: keep-alive
1 < access-control-allow-credentials: true
1 < Cache-Control: max-age=43200
1 < etag: W/"137-0d4vuWkf3JGVhfhGGDlsOUqEBTg"
1 < expires: -1
1 < nel: {"report_to":"heroku-nel","response_headers":["Via"],"max_age":3600,"success_fraction":0.01,"failure_fraction":0.1}
1 < pragma: no-cache
1 < report-to: {"group":"heroku-nel","endpoints":[{"url":"https://nel.heroku.com/reports?s=3TkZgvBZWBZdwpBxC3ag87SPdsO0Phuo594mfu%2BjLeU%3D\u0026sid=e11707d5-02a7-43ef-b45e-2cf4d2036f7d\u0026ts=1779703937"}],"max_age":3600}
1 < reporting-endpoints: heroku-nel="https://nel.heroku.com/reports?s=3TkZgvBZWBZdwpBxC3ag87SPdsO0Phuo594mfu%2BjLeU%3D&sid=e11707d5-02a7-43ef-b45e-2cf4d2036f7d&ts=1779703937"
1 < Server: cloudflare
1 < vary: Origin, Accept-Encoding
1 < via: 2.0 heroku-router
1 < x-content-type-options: nosniff
1 < x-powered-by: Express
1 < x-ratelimit-limit: 1000
1 < x-ratelimit-remaining: 995
1 < x-ratelimit-reset: 1779703990
1 < Server-Timing: cfCacheStatus;desc="MISS"
1 < Server-Timing: cfEdge;dur=21,cfOrigin;dur=311
1 < cf-cache-status: MISS
1 < CF-RAY: a013c2c78d4088ed-MRS
1 < alt-svc: h3=":443"; ma=86400
{
  "userId": 4,
  "id": 36,
  "title": "fuga nam accusamus voluptas reiciendis itaque",
  "body": "ad mollitia et omnis minus architecto odit\nvoluptas doloremque maxime aut non ipsa qui alias veniam\nblanditiis culpa aut quia nihil cumque facere et occaecati\nqui aspernatur quia eaque ut aperiam inventore"
}

15:42:17.551 [main] INFO  com.intuit.karate - karate.env system property was: null 
15:42:17.552 [main] INFO  com.intuit.karate - Loaded API Key: free_user_3DvGOP3388gqq71IAt6bHhQ6DDZ 
15:42:17.553 [main] DEBUG com.intuit.karate - request:
1 > GET https://jsonplaceholder.typicode.com/posts/37
1 > Host: jsonplaceholder.typicode.com
1 > Connection: Keep-Alive
1 > User-Agent: Apache-HttpClient/4.5.14 (Java/17.0.9)
1 > Accept-Encoding: gzip,deflate


15:42:18.299 [main] DEBUG com.intuit.karate - response time in milliseconds: 745
1 < 200
1 < Date: Mon, 25 May 2026 10:12:18 GMT
1 < Content-Type: application/json; charset=utf-8
1 < Transfer-Encoding: chunked
1 < Connection: keep-alive
1 < access-control-allow-credentials: true
1 < Cache-Control: max-age=43200
1 < etag: W/"10d-xivyKLJTyyTwJlVChjsxbkyN93k"
1 < expires: -1
1 < nel: {"report_to":"heroku-nel","response_headers":["Via"],"max_age":3600,"success_fraction":0.01,"failure_fraction":0.1}
1 < pragma: no-cache
1 < report-to: {"group":"heroku-nel","endpoints":[{"url":"https://nel.heroku.com/reports?s=LzcgrwzEOAfpktOuiIgOGYPtinJZJpm2EaI4nk7js9M%3D\u0026sid=e11707d5-02a7-43ef-b45e-2cf4d2036f7d\u0026ts=1779079088"}],"max_age":3600}
1 < reporting-endpoints: heroku-nel="https://nel.heroku.com/reports?s=LzcgrwzEOAfpktOuiIgOGYPtinJZJpm2EaI4nk7js9M%3D&sid=e11707d5-02a7-43ef-b45e-2cf4d2036f7d&ts=1779079088"
1 < Server: cloudflare
1 < vary: Origin, Accept-Encoding
1 < via: 2.0 heroku-router
1 < x-content-type-options: nosniff
1 < x-powered-by: Express
1 < x-ratelimit-limit: 1000
1 < x-ratelimit-remaining: 999
1 < x-ratelimit-reset: 1779079103
1 < Server-Timing: cfCacheStatus;desc="REVALIDATED"
1 < Server-Timing: cfEdge;dur=7,cfOrigin;dur=110
1 < cf-cache-status: REVALIDATED
1 < CF-RAY: a013c2cdac55e15d-MRS
1 < alt-svc: h3=":443"; ma=86400
{
  "userId": 4,
  "id": 37,
  "title": "provident vel ut sit ratione est",
  "body": "debitis et eaque non officia sed nesciunt pariatur vel\nvoluptatem iste vero et ea\nnumquam aut expedita ipsum nulla in\nvoluptates omnis consequatur aut enim officiis in quam qui"
}

15:42:18.302 [main] INFO  com.intuit.karate - karate.env system property was: null 
15:42:18.303 [main] INFO  com.intuit.karate - Loaded API Key: free_user_3DvGOP3388gqq71IAt6bHhQ6DDZ 
15:42:18.304 [main] DEBUG com.intuit.karate - request:
1 > GET https://jsonplaceholder.typicode.com/posts/38
1 > Host: jsonplaceholder.typicode.com
1 > Connection: Keep-Alive
1 > User-Agent: Apache-HttpClient/4.5.14 (Java/17.0.9)
1 > Accept-Encoding: gzip,deflate


15:42:18.748 [main] DEBUG com.intuit.karate - response time in milliseconds: 444
1 < 200
1 < Date: Mon, 25 May 2026 10:12:18 GMT
1 < Content-Type: application/json; charset=utf-8
1 < Transfer-Encoding: chunked
1 < Connection: keep-alive
1 < access-control-allow-credentials: true
1 < Cache-Control: max-age=43200
1 < etag: W/"13a-HzjuaEKBfsU2W89T3U0Yxx0R1zE"
1 < expires: -1
1 < nel: {"report_to":"heroku-nel","response_headers":["Via"],"max_age":3600,"success_fraction":0.01,"failure_fraction":0.1}
1 < pragma: no-cache
1 < report-to: {"group":"heroku-nel","endpoints":[{"url":"https://nel.heroku.com/reports?s=sWg0%2FB2I9x1LHIa4Cfhvt%2BR7hDyQ05o2TwIsqrgna5k%3D\u0026sid=e11707d5-02a7-43ef-b45e-2cf4d2036f7d\u0026ts=1778937393"}],"max_age":3600}
1 < reporting-endpoints: heroku-nel="https://nel.heroku.com/reports?s=sWg0%2FB2I9x1LHIa4Cfhvt%2BR7hDyQ05o2TwIsqrgna5k%3D&sid=e11707d5-02a7-43ef-b45e-2cf4d2036f7d&ts=1778937393"
1 < Server: cloudflare
1 < vary: Origin, Accept-Encoding
1 < via: 2.0 heroku-router
1 < x-content-type-options: nosniff
1 < x-powered-by: Express
1 < x-ratelimit-limit: 1000
1 < x-ratelimit-remaining: 992
1 < x-ratelimit-reset: 1778937397
1 < Age: 15180
1 < Server-Timing: cfCacheStatus;desc="HIT"
1 < Server-Timing: cfEdge;dur=4,cfOrigin;dur=0
1 < cf-cache-status: HIT
1 < CF-RAY: a013c2d188e1e175-MRS
1 < alt-svc: h3=":443"; ma=86400
{
  "userId": 4,
  "id": 38,
  "title": "explicabo et eos deleniti nostrum ab id repellendus",
  "body": "animi esse sit aut sit nesciunt assumenda eum voluptas\nquia voluptatibus provident quia necessitatibus ea\nrerum repudiandae quia voluptatem delectus fugit aut id quia\nratione optio eos iusto veniam iure"
}

15:42:18.752 [main] INFO  com.intuit.karate - karate.env system property was: null 
15:42:18.752 [main] INFO  com.intuit.karate - Loaded API Key: free_user_3DvGOP3388gqq71IAt6bHhQ6DDZ 
15:42:18.754 [main] DEBUG com.intuit.karate - request:
1 > GET https://jsonplaceholder.typicode.com/posts/39
1 > Host: jsonplaceholder.typicode.com
1 > Connection: Keep-Alive
1 > User-Agent: Apache-HttpClient/4.5.14 (Java/17.0.9)
1 > Accept-Encoding: gzip,deflate


15:42:19.695 [main] DEBUG com.intuit.karate - response time in milliseconds: 941
1 < 200
1 < Date: Mon, 25 May 2026 10:12:19 GMT
1 < Content-Type: application/json; charset=utf-8
1 < Transfer-Encoding: chunked
1 < Connection: keep-alive
1 < access-control-allow-credentials: true
1 < Cache-Control: max-age=43200
1 < etag: W/"11e-UefH5pVf0iJOGuchVJ4dBA7q9aw"
1 < expires: -1
1 < nel: {"report_to":"heroku-nel","response_headers":["Via"],"max_age":3600,"success_fraction":0.01,"failure_fraction":0.1}
1 < pragma: no-cache
1 < report-to: {"group":"heroku-nel","endpoints":[{"url":"https://nel.heroku.com/reports?s=g%2BiTEOvyRmU612Ll5sZxUlihMJ1sOaKarmSI09MMFFM%3D\u0026sid=e11707d5-02a7-43ef-b45e-2cf4d2036f7d\u0026ts=1779357456"}],"max_age":3600}
1 < reporting-endpoints: heroku-nel="https://nel.heroku.com/reports?s=g%2BiTEOvyRmU612Ll5sZxUlihMJ1sOaKarmSI09MMFFM%3D&sid=e11707d5-02a7-43ef-b45e-2cf4d2036f7d&ts=1779357456"
1 < Server: cloudflare
1 < vary: Origin, Accept-Encoding
1 < via: 2.0 heroku-router
1 < x-content-type-options: nosniff
1 < x-powered-by: Express
1 < x-ratelimit-limit: 1000
1 < x-ratelimit-remaining: 955
1 < x-ratelimit-reset: 1779357495
1 < Server-Timing: cfCacheStatus;desc="REVALIDATED"
1 < Server-Timing: cfEdge;dur=8,cfOrigin;dur=349
1 < cf-cache-status: REVALIDATED
1 < CF-RAY: a013c2d4f845e1f0-MRS
1 < alt-svc: h3=":443"; ma=86400
{
  "userId": 4,
  "id": 39,
  "title": "eos dolorem iste accusantium est eaque quam",
  "body": "corporis rerum ducimus vel eum accusantium\nmaxime aspernatur a porro possimus iste omnis\nest in deleniti asperiores fuga aut\nvoluptas sapiente vel dolore minus voluptatem incidunt ex"
}

15:42:19.699 [main] INFO  com.intuit.karate - karate.env system property was: null 
15:42:19.700 [main] INFO  com.intuit.karate - Loaded API Key: free_user_3DvGOP3388gqq71IAt6bHhQ6DDZ 
15:42:19.701 [main] DEBUG com.intuit.karate - request:
1 > GET https://jsonplaceholder.typicode.com/posts/40
1 > Host: jsonplaceholder.typicode.com
1 > Connection: Keep-Alive
1 > User-Agent: Apache-HttpClient/4.5.14 (Java/17.0.9)
1 > Accept-Encoding: gzip,deflate


15:42:20.348 [main] DEBUG com.intuit.karate - response time in milliseconds: 645
1 < 200
1 < Date: Mon, 25 May 2026 10:12:20 GMT
1 < Content-Type: application/json; charset=utf-8
1 < Transfer-Encoding: chunked
1 < Connection: keep-alive
1 < access-control-allow-credentials: true
1 < Cache-Control: max-age=43200
1 < etag: W/"f4-I7RG0h0Rd47Iq9Rj+KpOcUnz3RA"
1 < expires: -1
1 < nel: {"report_to":"heroku-nel","response_headers":["Via"],"max_age":3600,"success_fraction":0.01,"failure_fraction":0.1}
1 < pragma: no-cache
1 < report-to: {"group":"heroku-nel","endpoints":[{"url":"https://nel.heroku.com/reports?s=HkSKg1I4Iwmgf%2F5yp%2BgaeYagqQABQTvBysyouAJHm2s%3D\u0026sid=e11707d5-02a7-43ef-b45e-2cf4d2036f7d\u0026ts=1779688723"}],"max_age":3600}
1 < reporting-endpoints: heroku-nel="https://nel.heroku.com/reports?s=HkSKg1I4Iwmgf%2F5yp%2BgaeYagqQABQTvBysyouAJHm2s%3D&sid=e11707d5-02a7-43ef-b45e-2cf4d2036f7d&ts=1779688723"
1 < Server: cloudflare
1 < vary: Origin, Accept-Encoding
1 < via: 2.0 heroku-router
1 < x-content-type-options: nosniff
1 < x-powered-by: Express
1 < x-ratelimit-limit: 1000
1 < x-ratelimit-remaining: 999
1 < x-ratelimit-reset: 1779688750
1 < Age: 15216
1 < Server-Timing: cfCacheStatus;desc="HIT"
1 < Server-Timing: cfEdge;dur=5,cfOrigin;dur=0
1 < cf-cache-status: HIT
1 < CF-RAY: a013c2daf8c9da31-MRS
1 < alt-svc: h3=":443"; ma=86400
{
  "userId": 4,
  "id": 40,
  "title": "enim quo cumque",
  "body": "ut voluptatum aliquid illo tenetur nemo sequi quo facilis\nipsum rem optio mollitia quas\nvoluptatem eum voluptas qui\nunde omnis voluptatem iure quasi maxime voluptas nam"
}

15:42:20.353 [main] INFO  com.intuit.karate - karate.env system property was: null 
15:42:20.354 [main] INFO  com.intuit.karate - Loaded API Key: free_user_3DvGOP3388gqq71IAt6bHhQ6DDZ 
15:42:20.355 [main] DEBUG com.intuit.karate - request:
1 > GET https://jsonplaceholder.typicode.com/posts/41
1 > Host: jsonplaceholder.typicode.com
1 > Connection: Keep-Alive
1 > User-Agent: Apache-HttpClient/4.5.14 (Java/17.0.9)
1 > Accept-Encoding: gzip,deflate


15:42:21.082 [main] DEBUG com.intuit.karate - response time in milliseconds: 726
1 < 200
1 < Date: Mon, 25 May 2026 10:12:21 GMT
1 < Content-Type: application/json; charset=utf-8
1 < Transfer-Encoding: chunked
1 < Connection: keep-alive
1 < access-control-allow-credentials: true
1 < Cache-Control: max-age=43200
1 < etag: W/"100-Q8c9gEwMpBLWIJsW0KobJ16pdlE"
1 < expires: -1
1 < nel: {"report_to":"heroku-nel","response_headers":["Via"],"max_age":3600,"success_fraction":0.01,"failure_fraction":0.1}
1 < pragma: no-cache
1 < report-to: {"group":"heroku-nel","endpoints":[{"url":"https://nel.heroku.com/reports?s=jbnwxtKSz1TRX1RXNHVAM9umptZ1kmN5RiFnWybwNn0%3D\u0026sid=e11707d5-02a7-43ef-b45e-2cf4d2036f7d\u0026ts=1778838799"}],"max_age":3600}
1 < reporting-endpoints: heroku-nel="https://nel.heroku.com/reports?s=jbnwxtKSz1TRX1RXNHVAM9umptZ1kmN5RiFnWybwNn0%3D&sid=e11707d5-02a7-43ef-b45e-2cf4d2036f7d&ts=1778838799"
1 < Server: cloudflare
1 < vary: Origin, Accept-Encoding
1 < via: 2.0 heroku-router
1 < x-content-type-options: nosniff
1 < x-powered-by: Express
1 < x-ratelimit-limit: 1000
1 < x-ratelimit-remaining: 840
1 < x-ratelimit-reset: 1778838820
1 < Server-Timing: cfCacheStatus;desc="REVALIDATED"
1 < Server-Timing: cfEdge;dur=7,cfOrigin;dur=117
1 < cf-cache-status: REVALIDATED
1 < CF-RAY: a013c2df0ef0df81-MRS
1 < alt-svc: h3=":443"; ma=86400
{
  "userId": 5,
  "id": 41,
  "title": "non est facere",
  "body": "molestias id nostrum\nexcepturi molestiae dolore omnis repellendus quaerat saepe\nconsectetur iste quaerat tenetur asperiores accusamus ex ut\nnam quidem est ducimus sunt debitis saepe"
}

15:42:21.087 [main] INFO  com.intuit.karate - karate.env system property was: null 
15:42:21.087 [main] INFO  com.intuit.karate - Loaded API Key: free_user_3DvGOP3388gqq71IAt6bHhQ6DDZ 
15:42:21.088 [main] DEBUG com.intuit.karate - request:
1 > GET https://jsonplaceholder.typicode.com/posts/42
1 > Host: jsonplaceholder.typicode.com
1 > Connection: Keep-Alive
1 > User-Agent: Apache-HttpClient/4.5.14 (Java/17.0.9)
1 > Accept-Encoding: gzip,deflate


15:42:21.954 [main] DEBUG com.intuit.karate - response time in milliseconds: 865
1 < 200
1 < Date: Mon, 25 May 2026 10:12:22 GMT
1 < Content-Type: application/json; charset=utf-8
1 < Transfer-Encoding: chunked
1 < Connection: keep-alive
1 < access-control-allow-credentials: true
1 < Cache-Control: max-age=43200
1 < etag: W/"131-uHddi0mgHIPmmzZ13FEZKREc9o4"
1 < expires: -1
1 < nel: {"report_to":"heroku-nel","response_headers":["Via"],"max_age":3600,"success_fraction":0.01,"failure_fraction":0.1}
1 < pragma: no-cache
1 < report-to: {"group":"heroku-nel","endpoints":[{"url":"https://nel.heroku.com/reports?s=AiwAfrtha1toOXi%2FlsFd1PTP7vuiBn5oAXe1j60l6yM%3D\u0026sid=e11707d5-02a7-43ef-b45e-2cf4d2036f7d\u0026ts=1779357517"}],"max_age":3600}
1 < reporting-endpoints: heroku-nel="https://nel.heroku.com/reports?s=AiwAfrtha1toOXi%2FlsFd1PTP7vuiBn5oAXe1j60l6yM%3D&sid=e11707d5-02a7-43ef-b45e-2cf4d2036f7d&ts=1779357517"
1 < Server: cloudflare
1 < vary: Origin, Accept-Encoding
1 < via: 2.0 heroku-router
1 < x-content-type-options: nosniff
1 < x-powered-by: Express
1 < x-ratelimit-limit: 1000
1 < x-ratelimit-remaining: 925
1 < x-ratelimit-reset: 1779357555
1 < Server-Timing: cfCacheStatus;desc="REVALIDATED"
1 < Server-Timing: cfEdge;dur=24,cfOrigin;dur=347
1 < cf-cache-status: REVALIDATED
1 < CF-RAY: a013c2e37c27536e-MRS
1 < alt-svc: h3=":443"; ma=86400
{
  "userId": 5,
  "id": 42,
  "title": "commodi ullam sint et excepturi error explicabo praesentium voluptas",
  "body": "odio fugit voluptatum ducimus earum autem est incidunt voluptatem\nodit reiciendis aliquam sunt sequi nulla dolorem\nnon facere repellendus voluptates quia\nratione harum vitae ut"
}

15:42:21.957 [main] INFO  com.intuit.karate - karate.env system property was: null 
15:42:21.959 [main] INFO  com.intuit.karate - Loaded API Key: free_user_3DvGOP3388gqq71IAt6bHhQ6DDZ 
15:42:21.961 [main] DEBUG com.intuit.karate - request:
1 > GET https://jsonplaceholder.typicode.com/posts/43
1 > Host: jsonplaceholder.typicode.com
1 > Connection: Keep-Alive
1 > User-Agent: Apache-HttpClient/4.5.14 (Java/17.0.9)
1 > Accept-Encoding: gzip,deflate


15:42:22.574 [main] DEBUG com.intuit.karate - response time in milliseconds: 612
1 < 200
1 < Date: Mon, 25 May 2026 10:12:22 GMT
1 < Content-Type: application/json; charset=utf-8
1 < Transfer-Encoding: chunked
1 < Connection: keep-alive
1 < access-control-allow-credentials: true
1 < Cache-Control: max-age=43200
1 < etag: W/"149-CIe5MorMt/6eiC+lMhHtDjhofck"
1 < expires: -1
1 < nel: {"report_to":"heroku-nel","response_headers":["Via"],"max_age":3600,"success_fraction":0.01,"failure_fraction":0.1}
1 < pragma: no-cache
1 < report-to: {"group":"heroku-nel","endpoints":[{"url":"https://nel.heroku.com/reports?s=f1rFHGpGyxb5GHcEWBj7d34alpQayIB%2FWzG6s%2FgTQUk%3D\u0026sid=e11707d5-02a7-43ef-b45e-2cf4d2036f7d\u0026ts=1779694731"}],"max_age":3600}
1 < reporting-endpoints: heroku-nel="https://nel.heroku.com/reports?s=f1rFHGpGyxb5GHcEWBj7d34alpQayIB%2FWzG6s%2FgTQUk%3D&sid=e11707d5-02a7-43ef-b45e-2cf4d2036f7d&ts=1779694731"
1 < Server: cloudflare
1 < vary: Origin, Accept-Encoding
1 < via: 2.0 heroku-router
1 < x-content-type-options: nosniff
1 < x-powered-by: Express
1 < x-ratelimit-limit: 1000
1 < x-ratelimit-remaining: 997
1 < x-ratelimit-reset: 1779694750
1 < Age: 9210
1 < Server-Timing: cfCacheStatus;desc="HIT"
1 < Server-Timing: cfEdge;dur=7,cfOrigin;dur=0
1 < cf-cache-status: HIT
1 < CF-RAY: a013c2e8fd3bae2d-MRS
1 < alt-svc: h3=":443"; ma=86400
{
  "userId": 5,
  "id": 43,
  "title": "eligendi iste nostrum consequuntur adipisci praesentium sit beatae perferendis",
  "body": "similique fugit est\nillum et dolorum harum et voluptate eaque quidem\nexercitationem quos nam commodi possimus cum odio nihil nulla\ndolorum exercitationem magnam ex et a et distinctio debitis"
}

15:42:22.577 [main] INFO  com.intuit.karate - karate.env system property was: null 
15:42:22.579 [main] INFO  com.intuit.karate - Loaded API Key: free_user_3DvGOP3388gqq71IAt6bHhQ6DDZ 
15:42:22.581 [main] DEBUG com.intuit.karate - request:
1 > GET https://jsonplaceholder.typicode.com/posts/44
1 > Host: jsonplaceholder.typicode.com
1 > Connection: Keep-Alive
1 > User-Agent: Apache-HttpClient/4.5.14 (Java/17.0.9)
1 > Accept-Encoding: gzip,deflate


15:42:23.550 [main] DEBUG com.intuit.karate - response time in milliseconds: 968
1 < 200
1 < Date: Mon, 25 May 2026 10:12:23 GMT
1 < Content-Type: application/json; charset=utf-8
1 < Transfer-Encoding: chunked
1 < Connection: keep-alive
1 < access-control-allow-credentials: true
1 < Cache-Control: max-age=43200
1 < etag: W/"f9-qeEI4xhxJyQd+h1AmBEbRcZU5LE"
1 < expires: -1
1 < nel: {"report_to":"heroku-nel","response_headers":["Via"],"max_age":3600,"success_fraction":0.01,"failure_fraction":0.1}
1 < pragma: no-cache
1 < report-to: {"group":"heroku-nel","endpoints":[{"url":"https://nel.heroku.com/reports?s=VUztCqtI0%2FsoVTLDgV6VX0qnOkbYPbG3%2B1ekQ1wFflc%3D\u0026sid=e11707d5-02a7-43ef-b45e-2cf4d2036f7d\u0026ts=1779357509"}],"max_age":3600}
1 < reporting-endpoints: heroku-nel="https://nel.heroku.com/reports?s=VUztCqtI0%2FsoVTLDgV6VX0qnOkbYPbG3%2B1ekQ1wFflc%3D&sid=e11707d5-02a7-43ef-b45e-2cf4d2036f7d&ts=1779357509"
1 < Server: cloudflare
1 < vary: Origin, Accept-Encoding
1 < via: 2.0 heroku-router
1 < x-content-type-options: nosniff
1 < x-powered-by: Express
1 < x-ratelimit-limit: 1000
1 < x-ratelimit-remaining: 954
1 < x-ratelimit-reset: 1779357555
1 < Age: 18915
1 < Server-Timing: cfCacheStatus;desc="HIT"
1 < Server-Timing: cfEdge;dur=5,cfOrigin;dur=0
1 < cf-cache-status: HIT
1 < CF-RAY: a013c2ef2a2fe218-MRS
1 < alt-svc: h3=":443"; ma=86400
{
  "userId": 5,
  "id": 44,
  "title": "optio dolor molestias sit",
  "body": "temporibus est consectetur dolore\net libero debitis vel velit laboriosam quia\nipsum quibusdam qui itaque fuga rem aut\nea et iure quam sed maxime ut distinctio quae"
}

15:42:23.554 [main] INFO  com.intuit.karate - karate.env system property was: null 
15:42:23.555 [main] INFO  com.intuit.karate - Loaded API Key: free_user_3DvGOP3388gqq71IAt6bHhQ6DDZ 
15:42:23.556 [main] DEBUG com.intuit.karate - request:
1 > GET https://jsonplaceholder.typicode.com/posts/45
1 > Host: jsonplaceholder.typicode.com
1 > Connection: Keep-Alive
1 > User-Agent: Apache-HttpClient/4.5.14 (Java/17.0.9)
1 > Accept-Encoding: gzip,deflate


15:42:23.999 [main] DEBUG com.intuit.karate - response time in milliseconds: 442
1 < 200
1 < Date: Mon, 25 May 2026 10:12:24 GMT
1 < Content-Type: application/json; charset=utf-8
1 < Transfer-Encoding: chunked
1 < Connection: keep-alive
1 < access-control-allow-credentials: true
1 < Cache-Control: max-age=43200
1 < etag: W/"ed-rWKwMfMntbkO4fMbZo0ZEINfI8c"
1 < expires: -1
1 < nel: {"report_to":"heroku-nel","response_headers":["Via"],"max_age":3600,"success_fraction":0.01,"failure_fraction":0.1}
1 < pragma: no-cache
1 < report-to: {"group":"heroku-nel","endpoints":[{"url":"https://nel.heroku.com/reports?s=56z7OQ5RyJ2RAWsH0LL2NE1q3OYgCMNXIIigk4e%2FhtY%3D\u0026sid=e11707d5-02a7-43ef-b45e-2cf4d2036f7d\u0026ts=1779357977"}],"max_age":3600}
1 < reporting-endpoints: heroku-nel="https://nel.heroku.com/reports?s=56z7OQ5RyJ2RAWsH0LL2NE1q3OYgCMNXIIigk4e%2FhtY%3D&sid=e11707d5-02a7-43ef-b45e-2cf4d2036f7d&ts=1779357977"
1 < Server: cloudflare
1 < vary: Origin, Accept-Encoding
1 < via: 2.0 heroku-router
1 < x-content-type-options: nosniff
1 < x-powered-by: Express
1 < x-ratelimit-limit: 1000
1 < x-ratelimit-remaining: 994
1 < x-ratelimit-reset: 1779358035
1 < Age: 11064
1 < Server-Timing: cfCacheStatus;desc="HIT"
1 < Server-Timing: cfEdge;dur=6,cfOrigin;dur=0
1 < cf-cache-status: HIT
1 < CF-RAY: a013c2f28ff9da75-MRS
1 < alt-svc: h3=":443"; ma=86400
{
  "userId": 5,
  "id": 45,
  "title": "ut numquam possimus omnis eius suscipit laudantium iure",
  "body": "est natus reiciendis nihil possimus aut provident\nex et dolor\nrepellat pariatur est\nnobis rerum repellendus dolorem autem"
}

15:42:24.002 [main] INFO  com.intuit.karate - karate.env system property was: null 
15:42:24.003 [main] INFO  com.intuit.karate - Loaded API Key: free_user_3DvGOP3388gqq71IAt6bHhQ6DDZ 
15:42:24.005 [main] DEBUG com.intuit.karate - request:
1 > GET https://jsonplaceholder.typicode.com/posts/46
1 > Host: jsonplaceholder.typicode.com
1 > Connection: Keep-Alive
1 > User-Agent: Apache-HttpClient/4.5.14 (Java/17.0.9)
1 > Accept-Encoding: gzip,deflate


15:42:24.624 [main] DEBUG com.intuit.karate - response time in milliseconds: 617
1 < 200
1 < Date: Mon, 25 May 2026 10:12:24 GMT
1 < Content-Type: application/json; charset=utf-8
1 < Transfer-Encoding: chunked
1 < Connection: keep-alive
1 < access-control-allow-credentials: true
1 < Cache-Control: max-age=43200
1 < etag: W/"d0-OhfTd80AsvDHSFm9T0Fi068MWcY"
1 < expires: -1
1 < nel: {"report_to":"heroku-nel","response_headers":["Via"],"max_age":3600,"success_fraction":0.01,"failure_fraction":0.1}
1 < pragma: no-cache
1 < report-to: {"group":"heroku-nel","endpoints":[{"url":"https://nel.heroku.com/reports?s=WkSyKTkP8WUn74GPHa0HeHBThnr8EtFKyV9GSH5FHgA%3D\u0026sid=e11707d5-02a7-43ef-b45e-2cf4d2036f7d\u0026ts=1779197290"}],"max_age":3600}
1 < reporting-endpoints: heroku-nel="https://nel.heroku.com/reports?s=WkSyKTkP8WUn74GPHa0HeHBThnr8EtFKyV9GSH5FHgA%3D&sid=e11707d5-02a7-43ef-b45e-2cf4d2036f7d&ts=1779197290"
1 < Server: cloudflare
1 < vary: Origin, Accept-Encoding
1 < via: 2.0 heroku-router
1 < x-content-type-options: nosniff
1 < x-powered-by: Express
1 < x-ratelimit-limit: 1000
1 < x-ratelimit-remaining: 997
1 < x-ratelimit-reset: 1779197336
1 < Age: 15283
1 < Server-Timing: cfCacheStatus;desc="HIT"
1 < Server-Timing: cfEdge;dur=6,cfOrigin;dur=0
1 < cf-cache-status: HIT
1 < CF-RAY: a013c2f5bd8ae28a-MRS
1 < alt-svc: h3=":443"; ma=86400
{
  "userId": 5,
  "id": 46,
  "title": "aut quo modi neque nostrum ducimus",
  "body": "voluptatem quisquam iste\nvoluptatibus natus officiis facilis dolorem\nquis quas ipsam\nvel et voluptatum in aliquid"
}

15:42:24.628 [main] INFO  com.intuit.karate - karate.env system property was: null 
15:42:24.629 [main] INFO  com.intuit.karate - Loaded API Key: free_user_3DvGOP3388gqq71IAt6bHhQ6DDZ 
15:42:24.631 [main] DEBUG com.intuit.karate - request:
1 > GET https://jsonplaceholder.typicode.com/posts/47
1 > Host: jsonplaceholder.typicode.com
1 > Connection: Keep-Alive
1 > User-Agent: Apache-HttpClient/4.5.14 (Java/17.0.9)
1 > Accept-Encoding: gzip,deflate


15:42:25.189 [main] DEBUG com.intuit.karate - response time in milliseconds: 557
1 < 200
1 < Date: Mon, 25 May 2026 10:12:25 GMT
1 < Content-Type: application/json; charset=utf-8
1 < Transfer-Encoding: chunked
1 < Connection: keep-alive
1 < access-control-allow-credentials: true
1 < Cache-Control: max-age=43200
1 < etag: W/"109-s96ANlpy6qW0Y5CU7Xc8LI9hFKE"
1 < expires: -1
1 < nel: {"report_to":"heroku-nel","response_headers":["Via"],"max_age":3600,"success_fraction":0.01,"failure_fraction":0.1}
1 < pragma: no-cache
1 < report-to: {"group":"heroku-nel","endpoints":[{"url":"https://nel.heroku.com/reports?s=UQTvSvqyVFEL%2Bvn9azMaaQsFjDmNRCzHRl08%2B5ICAcE%3D\u0026sid=e11707d5-02a7-43ef-b45e-2cf4d2036f7d\u0026ts=1779357482"}],"max_age":3600}
1 < reporting-endpoints: heroku-nel="https://nel.heroku.com/reports?s=UQTvSvqyVFEL%2Bvn9azMaaQsFjDmNRCzHRl08%2B5ICAcE%3D&sid=e11707d5-02a7-43ef-b45e-2cf4d2036f7d&ts=1779357482"
1 < Server: cloudflare
1 < vary: Origin, Accept-Encoding
1 < via: 2.0 heroku-router
1 < x-content-type-options: nosniff
1 < x-powered-by: Express
1 < x-ratelimit-limit: 1000
1 < x-ratelimit-remaining: 866
1 < x-ratelimit-reset: 1779357495
1 < Age: 26518
1 < Server-Timing: cfCacheStatus;desc="HIT"
1 < Server-Timing: cfEdge;dur=7,cfOrigin;dur=0
1 < cf-cache-status: HIT
1 < CF-RAY: a013c2f94896e15c-MRS
1 < alt-svc: h3=":443"; ma=86400
{
  "userId": 5,
  "id": 47,
  "title": "quibusdam cumque rem aut deserunt",
  "body": "voluptatem assumenda ut qui ut cupiditate aut impedit veniam\noccaecati nemo illum voluptatem laudantium\nmolestiae beatae rerum ea iure soluta nostrum\neligendi et voluptate"
}

15:42:25.194 [main] INFO  com.intuit.karate - karate.env system property was: null 
15:42:25.196 [main] INFO  com.intuit.karate - Loaded API Key: free_user_3DvGOP3388gqq71IAt6bHhQ6DDZ 
15:42:25.198 [main] DEBUG com.intuit.karate - request:
1 > GET https://jsonplaceholder.typicode.com/posts/48
1 > Host: jsonplaceholder.typicode.com
1 > Connection: Keep-Alive
1 > User-Agent: Apache-HttpClient/4.5.14 (Java/17.0.9)
1 > Accept-Encoding: gzip,deflate


15:42:26.098 [main] DEBUG com.intuit.karate - response time in milliseconds: 898
1 < 200
1 < Date: Mon, 25 May 2026 10:12:26 GMT
1 < Content-Type: application/json; charset=utf-8
1 < Transfer-Encoding: chunked
1 < Connection: keep-alive
1 < access-control-allow-credentials: true
1 < Cache-Control: max-age=43200
1 < etag: W/"107-td+hSQ4ZRU5RdRcCg9ZABJ7WwQI"
1 < expires: -1
1 < nel: {"report_to":"heroku-nel","response_headers":["Via"],"max_age":3600,"success_fraction":0.01,"failure_fraction":0.1}
1 < pragma: no-cache
1 < report-to: {"group":"heroku-nel","endpoints":[{"url":"https://nel.heroku.com/reports?s=kcwKVsYrnd17UHBh5Mg%2FbdkDuhtkmLRdIpGXPbCB8KA%3D\u0026sid=e11707d5-02a7-43ef-b45e-2cf4d2036f7d\u0026ts=1779703946"}],"max_age":3600}
1 < reporting-endpoints: heroku-nel="https://nel.heroku.com/reports?s=kcwKVsYrnd17UHBh5Mg%2FbdkDuhtkmLRdIpGXPbCB8KA%3D&sid=e11707d5-02a7-43ef-b45e-2cf4d2036f7d&ts=1779703946"
1 < Server: cloudflare
1 < vary: Origin, Accept-Encoding
1 < via: 2.0 heroku-router
1 < x-content-type-options: nosniff
1 < x-powered-by: Express
1 < x-ratelimit-limit: 1000
1 < x-ratelimit-remaining: 990
1 < x-ratelimit-reset: 1779703990
1 < Server-Timing: cfCacheStatus;desc="MISS"
1 < Server-Timing: cfEdge;dur=10,cfOrigin;dur=302
1 < cf-cache-status: MISS
1 < CF-RAY: a013c2fd6c6ccd8f-MRS
1 < alt-svc: h3=":443"; ma=86400
{
  "userId": 5,
  "id": 48,
  "title": "ut voluptatem illum ea doloribus itaque eos",
  "body": "voluptates quo voluptatem facilis iure occaecati\nvel assumenda rerum officia et\nillum perspiciatis ab deleniti\nlaudantium repellat ad ut et autem reprehenderit"
}

15:42:26.101 [main] INFO  com.intuit.karate - karate.env system property was: null 
15:42:26.103 [main] INFO  com.intuit.karate - Loaded API Key: free_user_3DvGOP3388gqq71IAt6bHhQ6DDZ 
15:42:26.105 [main] DEBUG com.intuit.karate - request:
1 > GET https://jsonplaceholder.typicode.com/posts/49
1 > Host: jsonplaceholder.typicode.com
1 > Connection: Keep-Alive
1 > User-Agent: Apache-HttpClient/4.5.14 (Java/17.0.9)
1 > Accept-Encoding: gzip,deflate


15:42:26.713 [main] DEBUG com.intuit.karate - response time in milliseconds: 607
1 < 200
1 < Date: Mon, 25 May 2026 10:12:26 GMT
1 < Content-Type: application/json; charset=utf-8
1 < Transfer-Encoding: chunked
1 < Connection: keep-alive
1 < access-control-allow-credentials: true
1 < Cache-Control: max-age=43200
1 < etag: W/"112-lKkCmj93YmY7yVGzoTlsICQTIV8"
1 < expires: -1
1 < nel: {"report_to":"heroku-nel","response_headers":["Via"],"max_age":3600,"success_fraction":0.01,"failure_fraction":0.1}
1 < pragma: no-cache
1 < report-to: {"group":"heroku-nel","endpoints":[{"url":"https://nel.heroku.com/reports?s=QBbzdvffZDNS%2B9J0MmEoVUMut27%2F9g7BJCj39Wd9wsk%3D\u0026sid=e11707d5-02a7-43ef-b45e-2cf4d2036f7d\u0026ts=1779677434"}],"max_age":3600}
1 < reporting-endpoints: heroku-nel="https://nel.heroku.com/reports?s=QBbzdvffZDNS%2B9J0MmEoVUMut27%2F9g7BJCj39Wd9wsk%3D&sid=e11707d5-02a7-43ef-b45e-2cf4d2036f7d&ts=1779677434"
1 < Server: cloudflare
1 < vary: Origin, Accept-Encoding
1 < via: 2.0 heroku-router
1 < x-content-type-options: nosniff
1 < x-powered-by: Express
1 < x-ratelimit-limit: 1000
1 < x-ratelimit-remaining: 998
1 < x-ratelimit-reset: 1779677461
1 < Age: 26512
1 < Server-Timing: cfCacheStatus;desc="HIT"
1 < Server-Timing: cfEdge;dur=6,cfOrigin;dur=0
1 < cf-cache-status: HIT
1 < CF-RAY: a013c302d83097b3-MRS
1 < alt-svc: h3=":443"; ma=86400
{
  "userId": 5,
  "id": 49,
  "title": "laborum non sunt aut ut assumenda perspiciatis voluptas",
  "body": "inventore ab sint\nnatus fugit id nulla sequi architecto nihil quaerat\neos tenetur in in eum veritatis non\nquibusdam officiis aspernatur cumque aut commodi aut"
}

15:42:26.716 [main] INFO  com.intuit.karate - karate.env system property was: null 
15:42:26.717 [main] INFO  com.intuit.karate - Loaded API Key: free_user_3DvGOP3388gqq71IAt6bHhQ6DDZ 
15:42:26.718 [main] DEBUG com.intuit.karate - request:
1 > GET https://jsonplaceholder.typicode.com/posts/50
1 > Host: jsonplaceholder.typicode.com
1 > Connection: Keep-Alive
1 > User-Agent: Apache-HttpClient/4.5.14 (Java/17.0.9)
1 > Accept-Encoding: gzip,deflate


15:42:27.628 [main] DEBUG com.intuit.karate - response time in milliseconds: 909
1 < 200
1 < Date: Mon, 25 May 2026 10:12:27 GMT
1 < Content-Type: application/json; charset=utf-8
1 < Transfer-Encoding: chunked
1 < Connection: keep-alive
1 < access-control-allow-credentials: true
1 < Cache-Control: max-age=43200
1 < etag: W/"14d-XND1VIG+pZHF+RVMSi1awppS1XI"
1 < expires: -1
1 < nel: {"report_to":"heroku-nel","response_headers":["Via"],"max_age":3600,"success_fraction":0.01,"failure_fraction":0.1}
1 < pragma: no-cache
1 < report-to: {"group":"heroku-nel","endpoints":[{"url":"https://nel.heroku.com/reports?s=yKhn6wsoSsfD8NfqQC%2F6lkXjVONkMWdb0f7ts5jayzk%3D\u0026sid=e11707d5-02a7-43ef-b45e-2cf4d2036f7d\u0026ts=1779447575"}],"max_age":3600}
1 < reporting-endpoints: heroku-nel="https://nel.heroku.com/reports?s=yKhn6wsoSsfD8NfqQC%2F6lkXjVONkMWdb0f7ts5jayzk%3D&sid=e11707d5-02a7-43ef-b45e-2cf4d2036f7d&ts=1779447575"
1 < Server: cloudflare
1 < vary: Origin, Accept-Encoding
1 < via: 2.0 heroku-router
1 < x-content-type-options: nosniff
1 < x-powered-by: Express
1 < x-ratelimit-limit: 1000
1 < x-ratelimit-remaining: 998
1 < x-ratelimit-reset: 1779447609
1 < Server-Timing: cfCacheStatus;desc="REVALIDATED"
1 < Server-Timing: cfEdge;dur=12,cfOrigin;dur=312
1 < cf-cache-status: REVALIDATED
1 < CF-RAY: a013c306a86f11b5-MRS
1 < alt-svc: h3=":443"; ma=86400
{
  "userId": 5,
  "id": 50,
  "title": "repellendus qui recusandae incidunt voluptates tenetur qui omnis exercitationem",
  "body": "error suscipit maxime adipisci consequuntur recusandae\nvoluptas eligendi et est et voluptates\nquia distinctio ab amet quaerat molestiae et vitae\nadipisci impedit sequi nesciunt quis consectetur"
}

15:42:27.632 [main] INFO  com.intuit.karate - karate.env system property was: null 
15:42:27.633 [main] INFO  com.intuit.karate - Loaded API Key: free_user_3DvGOP3388gqq71IAt6bHhQ6DDZ 
15:42:27.635 [main] DEBUG com.intuit.karate - request:
1 > GET https://jsonplaceholder.typicode.com/posts/51
1 > Host: jsonplaceholder.typicode.com
1 > Connection: Keep-Alive
1 > User-Agent: Apache-HttpClient/4.5.14 (Java/17.0.9)
1 > Accept-Encoding: gzip,deflate


15:42:28.583 [main] DEBUG com.intuit.karate - response time in milliseconds: 947
1 < 200
1 < Date: Mon, 25 May 2026 10:12:28 GMT
1 < Content-Type: application/json; charset=utf-8
1 < Transfer-Encoding: chunked
1 < Connection: keep-alive
1 < access-control-allow-credentials: true
1 < Cache-Control: max-age=43200
1 < etag: W/"ec-KSZLw8b2VyQH0CoS7Z65vSSln78"
1 < expires: -1
1 < nel: {"report_to":"heroku-nel","response_headers":["Via"],"max_age":3600,"success_fraction":0.01,"failure_fraction":0.1}
1 < pragma: no-cache
1 < report-to: {"group":"heroku-nel","endpoints":[{"url":"https://nel.heroku.com/reports?s=ppp%2BatjWxX1Q8bhYg4QsOQ3vgKv1l8YhILZD9kYYIhQ%3D\u0026sid=e11707d5-02a7-43ef-b45e-2cf4d2036f7d\u0026ts=1779703948"}],"max_age":3600}
1 < reporting-endpoints: heroku-nel="https://nel.heroku.com/reports?s=ppp%2BatjWxX1Q8bhYg4QsOQ3vgKv1l8YhILZD9kYYIhQ%3D&sid=e11707d5-02a7-43ef-b45e-2cf4d2036f7d&ts=1779703948"
1 < Server: cloudflare
1 < vary: Origin, Accept-Encoding
1 < via: 2.0 heroku-router
1 < x-content-type-options: nosniff
1 < x-powered-by: Express
1 < x-ratelimit-limit: 1000
1 < x-ratelimit-remaining: 988
1 < x-ratelimit-reset: 1779703990
1 < Server-Timing: cfCacheStatus;desc="MISS"
1 < Server-Timing: cfEdge;dur=7,cfOrigin;dur=327
1 < cf-cache-status: MISS
1 < CF-RAY: a013c30c8af90ba3-MRS
1 < alt-svc: h3=":443"; ma=86400
{
  "userId": 6,
  "id": 51,
  "title": "soluta aliquam aperiam consequatur illo quis voluptas",
  "body": "sunt dolores aut doloribus\ndolore doloribus voluptates tempora et\ndoloremque et quo\ncum asperiores sit consectetur dolorem"
}

15:42:28.586 [main] INFO  com.intuit.karate - karate.env system property was: null 
15:42:28.588 [main] INFO  com.intuit.karate - Loaded API Key: free_user_3DvGOP3388gqq71IAt6bHhQ6DDZ 
15:42:28.591 [main] DEBUG com.intuit.karate - request:
1 > GET https://jsonplaceholder.typicode.com/posts/52
1 > Host: jsonplaceholder.typicode.com
1 > Connection: Keep-Alive
1 > User-Agent: Apache-HttpClient/4.5.14 (Java/17.0.9)
1 > Accept-Encoding: gzip,deflate


15:42:29.552 [main] DEBUG com.intuit.karate - response time in milliseconds: 961
1 < 200
1 < Date: Mon, 25 May 2026 10:12:29 GMT
1 < Content-Type: application/json; charset=utf-8
1 < Transfer-Encoding: chunked
1 < Connection: keep-alive
1 < access-control-allow-credentials: true
1 < Cache-Control: max-age=43200
1 < etag: W/"11d-WmrD+HyY132p7brEZQ1rec9ZC6E"
1 < expires: -1
1 < nel: {"report_to":"heroku-nel","response_headers":["Via"],"max_age":3600,"success_fraction":0.01,"failure_fraction":0.1}
1 < pragma: no-cache
1 < report-to: {"group":"heroku-nel","endpoints":[{"url":"https://nel.heroku.com/reports?s=VFsqR9PRK17GVPFFhdre4eWhB4kuoRAQSjS64XXGNAQ%3D\u0026sid=e11707d5-02a7-43ef-b45e-2cf4d2036f7d\u0026ts=1779703949"}],"max_age":3600}
1 < reporting-endpoints: heroku-nel="https://nel.heroku.com/reports?s=VFsqR9PRK17GVPFFhdre4eWhB4kuoRAQSjS64XXGNAQ%3D&sid=e11707d5-02a7-43ef-b45e-2cf4d2036f7d&ts=1779703949"
1 < Server: cloudflare
1 < vary: Origin, Accept-Encoding
1 < via: 2.0 heroku-router
1 < x-content-type-options: nosniff
1 < x-powered-by: Express
1 < x-ratelimit-limit: 1000
1 < x-ratelimit-remaining: 987
1 < x-ratelimit-reset: 1779703990
1 < Server-Timing: cfCacheStatus;desc="MISS"
1 < Server-Timing: cfEdge;dur=8,cfOrigin;dur=342
1 < cf-cache-status: MISS
1 < CF-RAY: a013c312799fe218-MRS
1 < alt-svc: h3=":443"; ma=86400
{
  "userId": 6,
  "id": 52,
  "title": "qui enim et consequuntur quia animi quis voluptate quibusdam",
  "body": "iusto est quibusdam fuga quas quaerat molestias\na enim ut sit accusamus enim\ntemporibus iusto accusantium provident architecto\nsoluta esse reprehenderit qui laborum"
}

15:42:29.558 [main] INFO  com.intuit.karate - karate.env system property was: null 
15:42:29.559 [main] INFO  com.intuit.karate - Loaded API Key: free_user_3DvGOP3388gqq71IAt6bHhQ6DDZ 
15:42:29.562 [main] DEBUG com.intuit.karate - request:
1 > GET https://jsonplaceholder.typicode.com/posts/53
1 > Host: jsonplaceholder.typicode.com
1 > Connection: Keep-Alive
1 > User-Agent: Apache-HttpClient/4.5.14 (Java/17.0.9)
1 > Accept-Encoding: gzip,deflate


15:42:30.289 [main] DEBUG com.intuit.karate - response time in milliseconds: 726
1 < 200
1 < Date: Mon, 25 May 2026 10:12:30 GMT
1 < Content-Type: application/json; charset=utf-8
1 < Transfer-Encoding: chunked
1 < Connection: keep-alive
1 < access-control-allow-credentials: true
1 < Cache-Control: max-age=43200
1 < etag: W/"fd-X55YQF6JtuvUfAW398enLPpXN4M"
1 < expires: -1
1 < nel: {"report_to":"heroku-nel","response_headers":["Via"],"max_age":3600,"success_fraction":0.01,"failure_fraction":0.1}
1 < pragma: no-cache
1 < report-to: {"group":"heroku-nel","endpoints":[{"url":"https://nel.heroku.com/reports?s=%2FLRZJE5yJ4rEdjF5lhRKUXjONGnbABK%2FM%2FhVe2mT7xw%3D\u0026sid=e11707d5-02a7-43ef-b45e-2cf4d2036f7d\u0026ts=1779703950"}],"max_age":3600}
1 < reporting-endpoints: heroku-nel="https://nel.heroku.com/reports?s=%2FLRZJE5yJ4rEdjF5lhRKUXjONGnbABK%2FM%2FhVe2mT7xw%3D&sid=e11707d5-02a7-43ef-b45e-2cf4d2036f7d&ts=1779703950"
1 < Server: cloudflare
1 < vary: Origin, Accept-Encoding
1 < via: 2.0 heroku-router
1 < x-content-type-options: nosniff
1 < x-powered-by: Express
1 < x-ratelimit-limit: 1000
1 < x-ratelimit-remaining: 986
1 < x-ratelimit-reset: 1779703990
1 < Server-Timing: cfCacheStatus;desc="MISS"
1 < Server-Timing: cfEdge;dur=7,cfOrigin;dur=117
1 < cf-cache-status: MISS
1 < CF-RAY: a013c3185e253d27-MRS
1 < alt-svc: h3=":443"; ma=86400
{
  "userId": 6,
  "id": 53,
  "title": "ut quo aut ducimus alias",
  "body": "minima harum praesentium eum rerum illo dolore\nquasi exercitationem rerum nam\nporro quis neque quo\nconsequatur minus dolor quidem veritatis sunt non explicabo similique"
}

15:42:30.293 [main] INFO  com.intuit.karate - karate.env system property was: null 
15:42:30.294 [main] INFO  com.intuit.karate - Loaded API Key: free_user_3DvGOP3388gqq71IAt6bHhQ6DDZ 
15:42:30.295 [main] DEBUG com.intuit.karate - request:
1 > GET https://jsonplaceholder.typicode.com/posts/54
1 > Host: jsonplaceholder.typicode.com
1 > Connection: Keep-Alive
1 > User-Agent: Apache-HttpClient/4.5.14 (Java/17.0.9)
1 > Accept-Encoding: gzip,deflate


15:42:37.111 [main] DEBUG com.intuit.karate - response time in milliseconds: 6815
1 < 200
1 < Date: Mon, 25 May 2026 10:12:36 GMT
1 < Content-Type: application/json; charset=utf-8
1 < Transfer-Encoding: chunked
1 < Connection: keep-alive
1 < access-control-allow-credentials: true
1 < Cache-Control: max-age=43200
1 < etag: W/"ea-/rMACUfvajsqfpLr5SV6d7Kh/pA"
1 < expires: -1
1 < nel: {"report_to":"heroku-nel","response_headers":["Via"],"max_age":3600,"success_fraction":0.01,"failure_fraction":0.1}
1 < pragma: no-cache
1 < report-to: {"group":"heroku-nel","endpoints":[{"url":"https://nel.heroku.com/reports?s=rVCKZPkinw4yDhZoIW3BlmXp11Nht7o5cSN0sPKKNl8%3D\u0026sid=e11707d5-02a7-43ef-b45e-2cf4d2036f7d\u0026ts=1779701019"}],"max_age":3600}
1 < reporting-endpoints: heroku-nel="https://nel.heroku.com/reports?s=rVCKZPkinw4yDhZoIW3BlmXp11Nht7o5cSN0sPKKNl8%3D&sid=e11707d5-02a7-43ef-b45e-2cf4d2036f7d&ts=1779701019"
1 < Server: cloudflare
1 < vary: Origin, Accept-Encoding
1 < via: 2.0 heroku-router
1 < x-content-type-options: nosniff
1 < x-powered-by: Express
1 < x-ratelimit-limit: 1000
1 < x-ratelimit-remaining: 998
1 < x-ratelimit-reset: 1779701050
1 < Age: 2937
1 < Server-Timing: cfCacheStatus;desc="HIT"
1 < Server-Timing: cfEdge;dur=5,cfOrigin;dur=0
1 < cf-cache-status: HIT
1 < CF-RAY: a013c3422d7ce1fd-MRS
1 < alt-svc: h3=":443"; ma=86400
{
  "userId": 6,
  "id": 54,
  "title": "sit asperiores ipsam eveniet odio non quia",
  "body": "totam corporis dignissimos\nvitae dolorem ut occaecati accusamus\nex velit deserunt\net exercitationem vero incidunt corrupti mollitia"
}

15:42:37.114 [main] INFO  com.intuit.karate - karate.env system property was: null 
15:42:37.116 [main] INFO  com.intuit.karate - Loaded API Key: free_user_3DvGOP3388gqq71IAt6bHhQ6DDZ 
15:42:37.118 [main] DEBUG com.intuit.karate - request:
1 > GET https://jsonplaceholder.typicode.com/posts/55
1 > Host: jsonplaceholder.typicode.com
1 > Connection: Keep-Alive
1 > User-Agent: Apache-HttpClient/4.5.14 (Java/17.0.9)
1 > Accept-Encoding: gzip,deflate


15:42:38.085 [main] DEBUG com.intuit.karate - response time in milliseconds: 966
1 < 200
1 < Date: Mon, 25 May 2026 10:12:38 GMT
1 < Content-Type: application/json; charset=utf-8
1 < Transfer-Encoding: chunked
1 < Connection: keep-alive
1 < access-control-allow-credentials: true
1 < Cache-Control: max-age=43200
1 < etag: W/"f0-VxeBMfiov8SnmTjGIBYMw53XYbw"
1 < expires: -1
1 < nel: {"report_to":"heroku-nel","response_headers":["Via"],"max_age":3600,"success_fraction":0.01,"failure_fraction":0.1}
1 < pragma: no-cache
1 < report-to: {"group":"heroku-nel","endpoints":[{"url":"https://nel.heroku.com/reports?s=uelL%2BgGDFH2TjYfMpEtFv5CqX0Ij9ntWjJKidRNWTag%3D\u0026sid=e11707d5-02a7-43ef-b45e-2cf4d2036f7d\u0026ts=1779703958"}],"max_age":3600}
1 < reporting-endpoints: heroku-nel="https://nel.heroku.com/reports?s=uelL%2BgGDFH2TjYfMpEtFv5CqX0Ij9ntWjJKidRNWTag%3D&sid=e11707d5-02a7-43ef-b45e-2cf4d2036f7d&ts=1779703958"
1 < Server: cloudflare
1 < vary: Origin, Accept-Encoding
1 < via: 2.0 heroku-router
1 < x-content-type-options: nosniff
1 < x-powered-by: Express
1 < x-ratelimit-limit: 1000
1 < x-ratelimit-remaining: 985
1 < x-ratelimit-reset: 1779703990
1 < Server-Timing: cfCacheStatus;desc="MISS"
1 < Server-Timing: cfEdge;dur=7,cfOrigin;dur=349
1 < cf-cache-status: MISS
1 < CF-RAY: a013c347ad35e22c-MRS
1 < alt-svc: h3=":443"; ma=86400
{
  "userId": 6,
  "id": 55,
  "title": "sit vel voluptatem et non libero",
  "body": "debitis excepturi ea perferendis harum libero optio\neos accusamus cum fuga ut sapiente repudiandae\net ut incidunt omnis molestiae\nnihil ut eum odit"
}

15:42:38.088 [main] INFO  com.intuit.karate - karate.env system property was: null 
15:42:38.090 [main] INFO  com.intuit.karate - Loaded API Key: free_user_3DvGOP3388gqq71IAt6bHhQ6DDZ 
15:42:38.093 [main] DEBUG com.intuit.karate - request:
1 > GET https://jsonplaceholder.typicode.com/posts/56
1 > Host: jsonplaceholder.typicode.com
1 > Connection: Keep-Alive
1 > User-Agent: Apache-HttpClient/4.5.14 (Java/17.0.9)
1 > Accept-Encoding: gzip,deflate


15:42:39.056 [main] DEBUG com.intuit.karate - response time in milliseconds: 961
1 < 200
1 < Date: Mon, 25 May 2026 10:12:39 GMT
1 < Content-Type: application/json; charset=utf-8
1 < Transfer-Encoding: chunked
1 < Connection: keep-alive
1 < access-control-allow-credentials: true
1 < Cache-Control: max-age=43200
1 < etag: W/"f7-u98FTQTucjGThpIemwDEky3CeT0"
1 < expires: -1
1 < nel: {"report_to":"heroku-nel","response_headers":["Via"],"max_age":3600,"success_fraction":0.01,"failure_fraction":0.1}
1 < pragma: no-cache
1 < report-to: {"group":"heroku-nel","endpoints":[{"url":"https://nel.heroku.com/reports?s=uelL%2BgGDFH2TjYfMpEtFv5CqX0Ij9ntWjJKidRNWTag%3D\u0026sid=e11707d5-02a7-43ef-b45e-2cf4d2036f7d\u0026ts=1779703958"}],"max_age":3600}
1 < reporting-endpoints: heroku-nel="https://nel.heroku.com/reports?s=uelL%2BgGDFH2TjYfMpEtFv5CqX0Ij9ntWjJKidRNWTag%3D&sid=e11707d5-02a7-43ef-b45e-2cf4d2036f7d&ts=1779703958"
1 < Server: cloudflare
1 < vary: Origin, Accept-Encoding
1 < via: 2.0 heroku-router
1 < x-content-type-options: nosniff
1 < x-powered-by: Express
1 < x-ratelimit-limit: 1000
1 < x-ratelimit-remaining: 984
1 < x-ratelimit-reset: 1779703990
1 < Server-Timing: cfCacheStatus;desc="MISS"
1 < Server-Timing: cfEdge;dur=11,cfOrigin;dur=356
1 < cf-cache-status: MISS
1 < CF-RAY: a013c34dbc63e23c-MRS
1 < alt-svc: h3=":443"; ma=86400
{
  "userId": 6,
  "id": 56,
  "title": "qui et at rerum necessitatibus",
  "body": "aut est omnis dolores\nneque rerum quod ea rerum velit pariatur beatae excepturi\net provident voluptas corrupti\ncorporis harum reprehenderit dolores eligendi"
}

15:42:39.060 [main] INFO  com.intuit.karate - karate.env system property was: null 
15:42:39.061 [main] INFO  com.intuit.karate - Loaded API Key: free_user_3DvGOP3388gqq71IAt6bHhQ6DDZ 
15:42:39.063 [main] DEBUG com.intuit.karate - request:
1 > GET https://jsonplaceholder.typicode.com/posts/57
1 > Host: jsonplaceholder.typicode.com
1 > Connection: Keep-Alive
1 > User-Agent: Apache-HttpClient/4.5.14 (Java/17.0.9)
1 > Accept-Encoding: gzip,deflate


15:42:40.826 [main] DEBUG com.intuit.karate - response time in milliseconds: 1763
1 < 200
1 < Date: Mon, 25 May 2026 10:12:40 GMT
1 < Content-Type: application/json; charset=utf-8
1 < Transfer-Encoding: chunked
1 < Connection: keep-alive
1 < access-control-allow-credentials: true
1 < Cache-Control: max-age=43200
1 < etag: W/"ce-Iwt4vkAV2fTGb7NKDpU2J1zQlLg"
1 < expires: -1
1 < nel: {"report_to":"heroku-nel","response_headers":["Via"],"max_age":3600,"success_fraction":0.01,"failure_fraction":0.1}
1 < pragma: no-cache
1 < report-to: {"group":"heroku-nel","endpoints":[{"url":"https://nel.heroku.com/reports?s=K91aQsmmYP3GefBKLi6HI9DZNHwq2z3HG2%2Bsi3wcU4Q%3D\u0026sid=e11707d5-02a7-43ef-b45e-2cf4d2036f7d\u0026ts=1779209913"}],"max_age":3600}
1 < reporting-endpoints: heroku-nel="https://nel.heroku.com/reports?s=K91aQsmmYP3GefBKLi6HI9DZNHwq2z3HG2%2Bsi3wcU4Q%3D&sid=e11707d5-02a7-43ef-b45e-2cf4d2036f7d&ts=1779209913"
1 < Server: cloudflare
1 < vary: Origin, Accept-Encoding
1 < via: 2.0 heroku-router
1 < x-content-type-options: nosniff
1 < x-powered-by: Express
1 < x-ratelimit-limit: 1000
1 < x-ratelimit-remaining: 999
1 < x-ratelimit-reset: 1779209936
1 < Server-Timing: cfCacheStatus;desc="REVALIDATED"
1 < Server-Timing: cfEdge;dur=9,cfOrigin;dur=328
1 < cf-cache-status: REVALIDATED
1 < CF-RAY: a013c353f8843ee8-MRS
1 < alt-svc: h3=":443"; ma=86400
{
  "userId": 6,
  "id": 57,
  "title": "sed ab est est",
  "body": "at pariatur consequuntur earum quidem\nquo est laudantium soluta voluptatem\nqui ullam et est\net cum voluptas voluptatum repellat est"
}

15:42:40.831 [main] INFO  com.intuit.karate - karate.env system property was: null 
15:42:40.831 [main] INFO  com.intuit.karate - Loaded API Key: free_user_3DvGOP3388gqq71IAt6bHhQ6DDZ 
15:42:40.833 [main] DEBUG com.intuit.karate - request:
1 > GET https://jsonplaceholder.typicode.com/posts/58
1 > Host: jsonplaceholder.typicode.com
1 > Connection: Keep-Alive
1 > User-Agent: Apache-HttpClient/4.5.14 (Java/17.0.9)
1 > Accept-Encoding: gzip,deflate


15:42:41.748 [main] DEBUG com.intuit.karate - response time in milliseconds: 914
1 < 200
1 < Date: Mon, 25 May 2026 10:12:41 GMT
1 < Content-Type: application/json; charset=utf-8
1 < Transfer-Encoding: chunked
1 < Connection: keep-alive
1 < access-control-allow-credentials: true
1 < Cache-Control: max-age=43200
1 < etag: W/"df-bD3LY230qxsVBb8KHrs4UpWT93M"
1 < expires: -1
1 < nel: {"report_to":"heroku-nel","response_headers":["Via"],"max_age":3600,"success_fraction":0.01,"failure_fraction":0.1}
1 < pragma: no-cache
1 < report-to: {"group":"heroku-nel","endpoints":[{"url":"https://nel.heroku.com/reports?s=4%2FpsGvnB7eLMYkXfaO%2B8H7ucHcwH%2B8dD591SNpbLL7s%3D\u0026sid=e11707d5-02a7-43ef-b45e-2cf4d2036f7d\u0026ts=1779703961"}],"max_age":3600}
1 < reporting-endpoints: heroku-nel="https://nel.heroku.com/reports?s=4%2FpsGvnB7eLMYkXfaO%2B8H7ucHcwH%2B8dD591SNpbLL7s%3D&sid=e11707d5-02a7-43ef-b45e-2cf4d2036f7d&ts=1779703961"
1 < Server: cloudflare
1 < vary: Origin, Accept-Encoding
1 < via: 2.0 heroku-router
1 < x-content-type-options: nosniff
1 < x-powered-by: Express
1 < x-ratelimit-limit: 1000
1 < x-ratelimit-remaining: 982
1 < x-ratelimit-reset: 1779703990
1 < Server-Timing: cfCacheStatus;desc="MISS"
1 < Server-Timing: cfEdge;dur=8,cfOrigin;dur=357
1 < cf-cache-status: MISS
1 < CF-RAY: a013c35e989fb0fd-MRS
1 < alt-svc: h3=":443"; ma=86400
{
  "userId": 6,
  "id": 58,
  "title": "voluptatum itaque dolores nisi et quasi",
  "body": "veniam voluptatum quae adipisci id\net id quia eos ad et dolorem\naliquam quo nisi sunt eos impedit error\nad similique veniam"
}

15:42:41.751 [main] INFO  com.intuit.karate - karate.env system property was: null 
15:42:41.753 [main] INFO  com.intuit.karate - Loaded API Key: free_user_3DvGOP3388gqq71IAt6bHhQ6DDZ 
15:42:41.755 [main] DEBUG com.intuit.karate - request:
1 > GET https://jsonplaceholder.typicode.com/posts/59
1 > Host: jsonplaceholder.typicode.com
1 > Connection: Keep-Alive
1 > User-Agent: Apache-HttpClient/4.5.14 (Java/17.0.9)
1 > Accept-Encoding: gzip,deflate


15:42:42.708 [main] DEBUG com.intuit.karate - response time in milliseconds: 952
1 < 200
1 < Date: Mon, 25 May 2026 10:12:42 GMT
1 < Content-Type: application/json; charset=utf-8
1 < Transfer-Encoding: chunked
1 < Connection: keep-alive
1 < access-control-allow-credentials: true
1 < Cache-Control: max-age=43200
1 < etag: W/"135-f8DoN5pkvK3E3Z4uNHbshLKUln0"
1 < expires: -1
1 < nel: {"report_to":"heroku-nel","response_headers":["Via"],"max_age":3600,"success_fraction":0.01,"failure_fraction":0.1}
1 < pragma: no-cache
1 < report-to: {"group":"heroku-nel","endpoints":[{"url":"https://nel.heroku.com/reports?s=MrBc85QKdd%2B8RNUa1MFXRPALY0q2OvOX5orsCzwdkb4%3D\u0026sid=e11707d5-02a7-43ef-b45e-2cf4d2036f7d\u0026ts=1779357480"}],"max_age":3600}
1 < reporting-endpoints: heroku-nel="https://nel.heroku.com/reports?s=MrBc85QKdd%2B8RNUa1MFXRPALY0q2OvOX5orsCzwdkb4%3D&sid=e11707d5-02a7-43ef-b45e-2cf4d2036f7d&ts=1779357480"
1 < Server: cloudflare
1 < vary: Origin, Accept-Encoding
1 < via: 2.0 heroku-router
1 < x-content-type-options: nosniff
1 < x-powered-by: Express
1 < x-ratelimit-limit: 1000
1 < x-ratelimit-remaining: 874
1 < x-ratelimit-reset: 1779357495
1 < Server-Timing: cfCacheStatus;desc="REVALIDATED"
1 < Server-Timing: cfEdge;dur=10,cfOrigin;dur=329
1 < cf-cache-status: REVALIDATED
1 < CF-RAY: a013c364baf8e23a-MRS
1 < alt-svc: h3=":443"; ma=86400
{
  "userId": 6,
  "id": 59,
  "title": "qui commodi dolor at maiores et quis id accusantium",
  "body": "perspiciatis et quam ea autem temporibus non voluptatibus qui\nbeatae a earum officia nesciunt dolores suscipit voluptas et\nanimi doloribus cum rerum quas et magni\net hic ut ut commodi expedita sunt"
}

15:42:42.712 [main] INFO  com.intuit.karate - karate.env system property was: null 
15:42:42.714 [main] INFO  com.intuit.karate - Loaded API Key: free_user_3DvGOP3388gqq71IAt6bHhQ6DDZ 
15:42:42.717 [main] DEBUG com.intuit.karate - request:
1 > GET https://jsonplaceholder.typicode.com/posts/60
1 > Host: jsonplaceholder.typicode.com
1 > Connection: Keep-Alive
1 > User-Agent: Apache-HttpClient/4.5.14 (Java/17.0.9)
1 > Accept-Encoding: gzip,deflate


15:42:43.596 [main] DEBUG com.intuit.karate - response time in milliseconds: 879
1 < 200
1 < Date: Mon, 25 May 2026 10:12:43 GMT
1 < Content-Type: application/json; charset=utf-8
1 < Transfer-Encoding: chunked
1 < Connection: keep-alive
1 < access-control-allow-credentials: true
1 < Cache-Control: max-age=43200
1 < etag: W/"10c-7tnlht60JBKnr58PtdEE+vo8WCI"
1 < expires: -1
1 < nel: {"report_to":"heroku-nel","response_headers":["Via"],"max_age":3600,"success_fraction":0.01,"failure_fraction":0.1}
1 < pragma: no-cache
1 < report-to: {"group":"heroku-nel","endpoints":[{"url":"https://nel.heroku.com/reports?s=aYrCD%2FvsahlUrXl0r83vcYcDk%2BRLmPbZsu0mW%2FtNJVo%3D\u0026sid=e11707d5-02a7-43ef-b45e-2cf4d2036f7d\u0026ts=1777587842"}],"max_age":3600}
1 < reporting-endpoints: heroku-nel="https://nel.heroku.com/reports?s=aYrCD%2FvsahlUrXl0r83vcYcDk%2BRLmPbZsu0mW%2FtNJVo%3D&sid=e11707d5-02a7-43ef-b45e-2cf4d2036f7d&ts=1777587842"
1 < Server: cloudflare
1 < vary: Origin, Accept-Encoding
1 < via: 2.0 heroku-router
1 < x-content-type-options: nosniff
1 < x-powered-by: Express
1 < x-ratelimit-limit: 1000
1 < x-ratelimit-remaining: 999
1 < x-ratelimit-reset: 1777587845
1 < Server-Timing: cfCacheStatus;desc="REVALIDATED"
1 < Server-Timing: cfEdge;dur=7,cfOrigin;dur=358
1 < cf-cache-status: REVALIDATED
1 < CF-RAY: a013c36aba8ce23f-MRS
1 < alt-svc: h3=":443"; ma=86400
{
  "userId": 6,
  "id": 60,
  "title": "consequatur placeat omnis quisquam quia reprehenderit fugit veritatis facere",
  "body": "asperiores sunt ab assumenda cumque modi velit\nqui esse omnis\nvoluptate et fuga perferendis voluptas\nillo ratione amet aut et omnis"
}

15:42:43.600 [main] INFO  com.intuit.karate - karate.env system property was: null 
15:42:43.601 [main] INFO  com.intuit.karate - Loaded API Key: free_user_3DvGOP3388gqq71IAt6bHhQ6DDZ 
15:42:43.603 [main] DEBUG com.intuit.karate - request:
1 > GET https://jsonplaceholder.typicode.com/posts/61
1 > Host: jsonplaceholder.typicode.com
1 > Connection: Keep-Alive
1 > User-Agent: Apache-HttpClient/4.5.14 (Java/17.0.9)
1 > Accept-Encoding: gzip,deflate


15:42:44.509 [main] DEBUG com.intuit.karate - response time in milliseconds: 905
1 < 200
1 < Date: Mon, 25 May 2026 10:12:44 GMT
1 < Content-Type: application/json; charset=utf-8
1 < Transfer-Encoding: chunked
1 < Connection: keep-alive
1 < access-control-allow-credentials: true
1 < Cache-Control: max-age=43200
1 < etag: W/"117-2lMq4LJFOqWrZ3nCurXp4bbe50g"
1 < expires: -1
1 < nel: {"report_to":"heroku-nel","response_headers":["Via"],"max_age":3600,"success_fraction":0.01,"failure_fraction":0.1}
1 < pragma: no-cache
1 < report-to: {"group":"heroku-nel","endpoints":[{"url":"https://nel.heroku.com/reports?s=KNYOBLopMUQbrblUBLXajpmvVzuhTv6Z6cqiw6w4FoA%3D\u0026sid=e11707d5-02a7-43ef-b45e-2cf4d2036f7d\u0026ts=1779358235"}],"max_age":3600}
1 < reporting-endpoints: heroku-nel="https://nel.heroku.com/reports?s=KNYOBLopMUQbrblUBLXajpmvVzuhTv6Z6cqiw6w4FoA%3D&sid=e11707d5-02a7-43ef-b45e-2cf4d2036f7d&ts=1779358235"
1 < Server: cloudflare
1 < vary: Origin, Accept-Encoding
1 < via: 2.0 heroku-router
1 < x-content-type-options: nosniff
1 < x-powered-by: Express
1 < x-ratelimit-limit: 1000
1 < x-ratelimit-remaining: 998
1 < x-ratelimit-reset: 1779358275
1 < Server-Timing: cfCacheStatus;desc="REVALIDATED"
1 < Server-Timing: cfEdge;dur=5,cfOrigin;dur=354
1 < cf-cache-status: REVALIDATED
1 < CF-RAY: a013c36fc91961ee-MRS
1 < alt-svc: h3=":443"; ma=86400
{
  "userId": 7,
  "id": 61,
  "title": "voluptatem doloribus consectetur est ut ducimus",
  "body": "ab nemo optio odio\ndelectus tenetur corporis similique nobis repellendus rerum omnis facilis\nvero blanditiis debitis in nesciunt doloribus dicta dolores\nmagnam minus velit"
}

15:42:44.512 [main] INFO  com.intuit.karate - karate.env system property was: null 
15:42:44.514 [main] INFO  com.intuit.karate - Loaded API Key: free_user_3DvGOP3388gqq71IAt6bHhQ6DDZ 
15:42:44.515 [main] DEBUG com.intuit.karate - request:
1 > GET https://jsonplaceholder.typicode.com/posts/62
1 > Host: jsonplaceholder.typicode.com
1 > Connection: Keep-Alive
1 > User-Agent: Apache-HttpClient/4.5.14 (Java/17.0.9)
1 > Accept-Encoding: gzip,deflate


15:42:46.149 [main] DEBUG com.intuit.karate - response time in milliseconds: 1633
1 < 200
1 < Date: Mon, 25 May 2026 10:12:45 GMT
1 < Content-Type: application/json; charset=utf-8
1 < Transfer-Encoding: chunked
1 < Connection: keep-alive
1 < access-control-allow-credentials: true
1 < Cache-Control: max-age=43200
1 < etag: W/"fc-wUwohCARVvkGoN5CwlwsirOR5iU"
1 < expires: -1
1 < nel: {"report_to":"heroku-nel","response_headers":["Via"],"max_age":3600,"success_fraction":0.01,"failure_fraction":0.1}
1 < pragma: no-cache
1 < report-to: {"group":"heroku-nel","endpoints":[{"url":"https://nel.heroku.com/reports?s=4MzIIq9CWUoBeF2%2F7lvMnXjxu2TJ0LfdOTZuRsAkhK4%3D\u0026sid=e11707d5-02a7-43ef-b45e-2cf4d2036f7d\u0026ts=1779628300"}],"max_age":3600}
1 < reporting-endpoints: heroku-nel="https://nel.heroku.com/reports?s=4MzIIq9CWUoBeF2%2F7lvMnXjxu2TJ0LfdOTZuRsAkhK4%3D&sid=e11707d5-02a7-43ef-b45e-2cf4d2036f7d&ts=1779628300"
1 < Server: cloudflare
1 < vary: Origin, Accept-Encoding
1 < via: 2.0 heroku-router
1 < x-content-type-options: nosniff
1 < x-powered-by: Express
1 < x-ratelimit-limit: 1000
1 < x-ratelimit-remaining: 999
1 < x-ratelimit-reset: 1779628321
1 < Server-Timing: cfCacheStatus;desc="REVALIDATED"
1 < Server-Timing: cfEdge;dur=9,cfOrigin;dur=293
1 < cf-cache-status: REVALIDATED
1 < CF-RAY: a013c375bc5d9d99-MRS
1 < alt-svc: h3=":443"; ma=86400
{
  "userId": 7,
  "id": 62,
  "title": "beatae enim quia vel",
  "body": "enim aspernatur illo distinctio quae praesentium\nbeatae alias amet delectus qui voluptate distinctio\nodit sint accusantium autem omnis\nquo molestiae omnis ea eveniet optio"
}

15:42:46.153 [main] INFO  com.intuit.karate - karate.env system property was: null 
15:42:46.154 [main] INFO  com.intuit.karate - Loaded API Key: free_user_3DvGOP3388gqq71IAt6bHhQ6DDZ 
15:42:46.156 [main] DEBUG com.intuit.karate - request:
1 > GET https://jsonplaceholder.typicode.com/posts/63
1 > Host: jsonplaceholder.typicode.com
1 > Connection: Keep-Alive
1 > User-Agent: Apache-HttpClient/4.5.14 (Java/17.0.9)
1 > Accept-Encoding: gzip,deflate


15:42:46.764 [main] DEBUG com.intuit.karate - response time in milliseconds: 606
1 < 200
1 < Date: Mon, 25 May 2026 10:12:46 GMT
1 < Content-Type: application/json; charset=utf-8
1 < Transfer-Encoding: chunked
1 < Connection: keep-alive
1 < access-control-allow-credentials: true
1 < Cache-Control: max-age=43200
1 < etag: W/"154-0kFmwh5nu5wS1Jzcpk0yszfjrjQ"
1 < expires: -1
1 < nel: {"report_to":"heroku-nel","response_headers":["Via"],"max_age":3600,"success_fraction":0.01,"failure_fraction":0.1}
1 < pragma: no-cache
1 < report-to: {"group":"heroku-nel","endpoints":[{"url":"https://nel.heroku.com/reports?s=qGGaDjNNWTKkqtL%2BmiQdG1nmc%2FfjRDNmBgZBM3iw1c0%3D\u0026sid=e11707d5-02a7-43ef-b45e-2cf4d2036f7d\u0026ts=1778749480"}],"max_age":3600}
1 < reporting-endpoints: heroku-nel="https://nel.heroku.com/reports?s=qGGaDjNNWTKkqtL%2BmiQdG1nmc%2FfjRDNmBgZBM3iw1c0%3D&sid=e11707d5-02a7-43ef-b45e-2cf4d2036f7d&ts=1778749480"
1 < Server: cloudflare
1 < vary: Origin, Accept-Encoding
1 < via: 2.0 heroku-router
1 < x-content-type-options: nosniff
1 < x-powered-by: Express
1 < x-ratelimit-limit: 1000
1 < x-ratelimit-remaining: 966
1 < x-ratelimit-reset: 1778749501
1 < Age: 8742
1 < Server-Timing: cfCacheStatus;desc="HIT"
1 < Server-Timing: cfEdge;dur=5,cfOrigin;dur=0
1 < cf-cache-status: HIT
1 < CF-RAY: a013c3802c0ee162-MRS
1 < alt-svc: h3=":443"; ma=86400
{
  "userId": 7,
  "id": 63,
  "title": "voluptas blanditiis repellendus animi ducimus error sapiente et suscipit",
  "body": "enim adipisci aspernatur nemo\nnumquam omnis facere dolorem dolor ex quis temporibus incidunt\nab delectus culpa quo reprehenderit blanditiis asperiores\naccusantium ut quam in voluptatibus voluptas ipsam dicta"
}

15:42:46.767 [main] INFO  com.intuit.karate - karate.env system property was: null 
15:42:46.769 [main] INFO  com.intuit.karate - Loaded API Key: free_user_3DvGOP3388gqq71IAt6bHhQ6DDZ 
15:42:46.770 [main] DEBUG com.intuit.karate - request:
1 > GET https://jsonplaceholder.typicode.com/posts/64
1 > Host: jsonplaceholder.typicode.com
1 > Connection: Keep-Alive
1 > User-Agent: Apache-HttpClient/4.5.14 (Java/17.0.9)
1 > Accept-Encoding: gzip,deflate


15:42:47.418 [main] DEBUG com.intuit.karate - response time in milliseconds: 646
1 < 200
1 < Date: Mon, 25 May 2026 10:12:47 GMT
1 < Content-Type: application/json; charset=utf-8
1 < Transfer-Encoding: chunked
1 < Connection: keep-alive
1 < access-control-allow-credentials: true
1 < Cache-Control: max-age=43200
1 < etag: W/"e1-fG+p7wNrgpgJUc/3oEW9IALNB1s"
1 < expires: -1
1 < nel: {"report_to":"heroku-nel","response_headers":["Via"],"max_age":3600,"success_fraction":0.01,"failure_fraction":0.1}
1 < pragma: no-cache
1 < report-to: {"group":"heroku-nel","endpoints":[{"url":"https://nel.heroku.com/reports?s=8QuHq2itNp90jMMhZPibTnVFxOH4Fq072rCkanU%2BMoU%3D\u0026sid=e11707d5-02a7-43ef-b45e-2cf4d2036f7d\u0026ts=1779357970"}],"max_age":3600}
1 < reporting-endpoints: heroku-nel="https://nel.heroku.com/reports?s=8QuHq2itNp90jMMhZPibTnVFxOH4Fq072rCkanU%2BMoU%3D&sid=e11707d5-02a7-43ef-b45e-2cf4d2036f7d&ts=1779357970"
1 < Server: cloudflare
1 < vary: Origin, Accept-Encoding
1 < via: 2.0 heroku-router
1 < x-content-type-options: nosniff
1 < x-powered-by: Express
1 < x-ratelimit-limit: 1000
1 < x-ratelimit-remaining: 988
1 < x-ratelimit-reset: 1779357975
1 < Age: 9207
1 < Server-Timing: cfCacheStatus;desc="HIT"
1 < Server-Timing: cfEdge;dur=6,cfOrigin;dur=0
1 < cf-cache-status: HIT
1 < CF-RAY: a013c3842f623d70-MRS
1 < alt-svc: h3=":443"; ma=86400
{
  "userId": 7,
  "id": 64,
  "title": "et fugit quas eum in in aperiam quod",
  "body": "id velit blanditiis\neum ea voluptatem\nmolestiae sint occaecati est eos perspiciatis\nincidunt a error provident eaque aut aut qui"
}

15:42:47.422 [main] INFO  com.intuit.karate - karate.env system property was: null 
15:42:47.423 [main] INFO  com.intuit.karate - Loaded API Key: free_user_3DvGOP3388gqq71IAt6bHhQ6DDZ 
15:42:47.425 [main] DEBUG com.intuit.karate - request:
1 > GET https://jsonplaceholder.typicode.com/posts/65
1 > Host: jsonplaceholder.typicode.com
1 > Connection: Keep-Alive
1 > User-Agent: Apache-HttpClient/4.5.14 (Java/17.0.9)
1 > Accept-Encoding: gzip,deflate


15:42:48.283 [main] DEBUG com.intuit.karate - response time in milliseconds: 857
1 < 200
1 < Date: Mon, 25 May 2026 10:12:48 GMT
1 < Content-Type: application/json; charset=utf-8
1 < Transfer-Encoding: chunked
1 < Connection: keep-alive
1 < access-control-allow-credentials: true
1 < Cache-Control: max-age=43200
1 < etag: W/"108-o7Djqn++3cXC+SK+HeS4ds9s4Dk"
1 < expires: -1
1 < nel: {"report_to":"heroku-nel","response_headers":["Via"],"max_age":3600,"success_fraction":0.01,"failure_fraction":0.1}
1 < pragma: no-cache
1 < report-to: {"group":"heroku-nel","endpoints":[{"url":"https://nel.heroku.com/reports?s=Aeg6C8277%2FG6lvaYEAqQZD0%2Fv6m9XTbMopSxvRXZNn0%3D\u0026sid=e11707d5-02a7-43ef-b45e-2cf4d2036f7d\u0026ts=1779357450"}],"max_age":3600}
1 < reporting-endpoints: heroku-nel="https://nel.heroku.com/reports?s=Aeg6C8277%2FG6lvaYEAqQZD0%2Fv6m9XTbMopSxvRXZNn0%3D&sid=e11707d5-02a7-43ef-b45e-2cf4d2036f7d&ts=1779357450"
1 < Server: cloudflare
1 < vary: Origin, Accept-Encoding
1 < via: 2.0 heroku-router
1 < x-content-type-options: nosniff
1 < x-powered-by: Express
1 < x-ratelimit-limit: 1000
1 < x-ratelimit-remaining: 976
1 < x-ratelimit-reset: 1779357495
1 < Server-Timing: cfCacheStatus;desc="REVALIDATED"
1 < Server-Timing: cfEdge;dur=8,cfOrigin;dur=348
1 < cf-cache-status: REVALIDATED
1 < CF-RAY: a013c3878c3fc08f-MRS
1 < alt-svc: h3=":443"; ma=86400
{
  "userId": 7,
  "id": 65,
  "title": "consequatur id enim sunt et et",
  "body": "voluptatibus ex esse\nsint explicabo est aliquid cumque adipisci fuga repellat labore\nmolestiae corrupti ex saepe at asperiores et perferendis\nnatus id esse incidunt pariatur"
}

15:42:48.288 [main] INFO  com.intuit.karate - karate.env system property was: null 
15:42:48.289 [main] INFO  com.intuit.karate - Loaded API Key: free_user_3DvGOP3388gqq71IAt6bHhQ6DDZ 
15:42:48.290 [main] DEBUG com.intuit.karate - request:
1 > GET https://jsonplaceholder.typicode.com/posts/66
1 > Host: jsonplaceholder.typicode.com
1 > Connection: Keep-Alive
1 > User-Agent: Apache-HttpClient/4.5.14 (Java/17.0.9)
1 > Accept-Encoding: gzip,deflate


15:42:49.196 [main] DEBUG com.intuit.karate - response time in milliseconds: 905
1 < 200
1 < Date: Mon, 25 May 2026 10:12:49 GMT
1 < Content-Type: application/json; charset=utf-8
1 < Transfer-Encoding: chunked
1 < Connection: keep-alive
1 < access-control-allow-credentials: true
1 < Cache-Control: max-age=43200
1 < etag: W/"ea-wkA8VfsJ18Eh0sMF7Ua9wR/8DVg"
1 < expires: -1
1 < nel: {"report_to":"heroku-nel","response_headers":["Via"],"max_age":3600,"success_fraction":0.01,"failure_fraction":0.1}
1 < pragma: no-cache
1 < report-to: {"group":"heroku-nel","endpoints":[{"url":"https://nel.heroku.com/reports?s=Dh0fUDfwsvbXF5HNsjKRKn2e5Tg0kohiDB7DHGPcE48%3D\u0026sid=e11707d5-02a7-43ef-b45e-2cf4d2036f7d\u0026ts=1779357512"}],"max_age":3600}
1 < reporting-endpoints: heroku-nel="https://nel.heroku.com/reports?s=Dh0fUDfwsvbXF5HNsjKRKn2e5Tg0kohiDB7DHGPcE48%3D&sid=e11707d5-02a7-43ef-b45e-2cf4d2036f7d&ts=1779357512"
1 < Server: cloudflare
1 < vary: Origin, Accept-Encoding
1 < via: 2.0 heroku-router
1 < x-content-type-options: nosniff
1 < x-powered-by: Express
1 < x-ratelimit-limit: 1000
1 < x-ratelimit-remaining: 946
1 < x-ratelimit-reset: 1779357555
1 < Server-Timing: cfCacheStatus;desc="REVALIDATED"
1 < Server-Timing: cfEdge;dur=11,cfOrigin;dur=362
1 < cf-cache-status: REVALIDATED
1 < CF-RAY: a013c38da9276cb1-MRS
1 < alt-svc: h3=":443"; ma=86400
{
  "userId": 7,
  "id": 66,
  "title": "repudiandae ea animi iusto",
  "body": "officia veritatis tenetur vero qui itaque\nsint non ratione\nsed et ut asperiores iusto eos molestiae nostrum\nveritatis quibusdam et nemo iusto saepe"
}

15:42:49.201 [main] INFO  com.intuit.karate - karate.env system property was: null 
15:42:49.203 [main] INFO  com.intuit.karate - Loaded API Key: free_user_3DvGOP3388gqq71IAt6bHhQ6DDZ 
15:42:49.205 [main] DEBUG com.intuit.karate - request:
1 > GET https://jsonplaceholder.typicode.com/posts/67
1 > Host: jsonplaceholder.typicode.com
1 > Connection: Keep-Alive
1 > User-Agent: Apache-HttpClient/4.5.14 (Java/17.0.9)
1 > Accept-Encoding: gzip,deflate


15:42:50.026 [main] DEBUG com.intuit.karate - response time in milliseconds: 820
1 < 200
1 < Date: Mon, 25 May 2026 10:12:50 GMT
1 < Content-Type: application/json; charset=utf-8
1 < Transfer-Encoding: chunked
1 < Connection: keep-alive
1 < access-control-allow-credentials: true
1 < Cache-Control: max-age=43200
1 < etag: W/"10a-zdbQphdSEl28vma+RxuMlor5ACo"
1 < expires: -1
1 < nel: {"report_to":"heroku-nel","response_headers":["Via"],"max_age":3600,"success_fraction":0.01,"failure_fraction":0.1}
1 < pragma: no-cache
1 < report-to: {"group":"heroku-nel","endpoints":[{"url":"https://nel.heroku.com/reports?s=%2Bcov%2FSISt7aLRtV1n9yqIzix6DdHFgJTobCszRYhu%2FE%3D\u0026sid=e11707d5-02a7-43ef-b45e-2cf4d2036f7d\u0026ts=1779653772"}],"max_age":3600}
1 < reporting-endpoints: heroku-nel="https://nel.heroku.com/reports?s=%2Bcov%2FSISt7aLRtV1n9yqIzix6DdHFgJTobCszRYhu%2FE%3D&sid=e11707d5-02a7-43ef-b45e-2cf4d2036f7d&ts=1779653772"
1 < Server: cloudflare
1 < vary: Origin, Accept-Encoding
1 < via: 2.0 heroku-router
1 < x-content-type-options: nosniff
1 < x-powered-by: Express
1 < x-ratelimit-limit: 1000
1 < x-ratelimit-remaining: 998
1 < x-ratelimit-reset: 1779653821
1 < Server-Timing: cfCacheStatus;desc="REVALIDATED"
1 < Server-Timing: cfEdge;dur=18,cfOrigin;dur=315
1 < cf-cache-status: REVALIDATED
1 < CF-RAY: a013c392be101858-MRS
1 < alt-svc: h3=":443"; ma=86400
{
  "userId": 7,
  "id": 67,
  "title": "aliquid eos sed fuga est maxime repellendus",
  "body": "reprehenderit id nostrum\nvoluptas doloremque pariatur sint et accusantium quia quod aspernatur\net fugiat amet\nnon sapiente et consequatur necessitatibus molestiae"
}

15:42:50.031 [main] INFO  com.intuit.karate - karate.env system property was: null 
15:42:50.032 [main] INFO  com.intuit.karate - Loaded API Key: free_user_3DvGOP3388gqq71IAt6bHhQ6DDZ 
15:42:50.035 [main] DEBUG com.intuit.karate - request:
1 > GET https://jsonplaceholder.typicode.com/posts/68
1 > Host: jsonplaceholder.typicode.com
1 > Connection: Keep-Alive
1 > User-Agent: Apache-HttpClient/4.5.14 (Java/17.0.9)
1 > Accept-Encoding: gzip,deflate


15:42:50.996 [main] DEBUG com.intuit.karate - response time in milliseconds: 960
1 < 200
1 < Date: Mon, 25 May 2026 10:12:50 GMT
1 < Content-Type: application/json; charset=utf-8
1 < Transfer-Encoding: chunked
1 < Connection: keep-alive
1 < access-control-allow-credentials: true
1 < Cache-Control: max-age=43200
1 < etag: W/"ec-n7dxDg5V05y/RJHBgoUuNuvDA5M"
1 < expires: -1
1 < nel: {"report_to":"heroku-nel","response_headers":["Via"],"max_age":3600,"success_fraction":0.01,"failure_fraction":0.1}
1 < pragma: no-cache
1 < report-to: {"group":"heroku-nel","endpoints":[{"url":"https://nel.heroku.com/reports?s=TAALtyBigVnKQxh1II5FBXzRzttV9mwODET0pJPMSXg%3D\u0026sid=e11707d5-02a7-43ef-b45e-2cf4d2036f7d\u0026ts=1779703970"}],"max_age":3600}
1 < reporting-endpoints: heroku-nel="https://nel.heroku.com/reports?s=TAALtyBigVnKQxh1II5FBXzRzttV9mwODET0pJPMSXg%3D&sid=e11707d5-02a7-43ef-b45e-2cf4d2036f7d&ts=1779703970"
1 < Server: cloudflare
1 < vary: Origin, Accept-Encoding
1 < via: 2.0 heroku-router
1 < x-content-type-options: nosniff
1 < x-powered-by: Express
1 < x-ratelimit-limit: 1000
1 < x-ratelimit-remaining: 974
1 < x-ratelimit-reset: 1779703990
1 < Server-Timing: cfCacheStatus;desc="MISS"
1 < Server-Timing: cfEdge;dur=10,cfOrigin;dur=328
1 < cf-cache-status: MISS
1 < CF-RAY: a013c3987ce4e1e4-MRS
1 < alt-svc: h3=":443"; ma=86400
{
  "userId": 7,
  "id": 68,
  "title": "odio quis facere architecto reiciendis optio",
  "body": "magnam molestiae perferendis quisquam\nqui cum reiciendis\nquaerat animi amet hic inventore\nea quia deleniti quidem saepe porro velit"
}

15:42:51.001 [main] INFO  com.intuit.karate - karate.env system property was: null 
15:42:51.002 [main] INFO  com.intuit.karate - Loaded API Key: free_user_3DvGOP3388gqq71IAt6bHhQ6DDZ 
15:42:51.004 [main] DEBUG com.intuit.karate - request:
1 > GET https://jsonplaceholder.typicode.com/posts/69
1 > Host: jsonplaceholder.typicode.com
1 > Connection: Keep-Alive
1 > User-Agent: Apache-HttpClient/4.5.14 (Java/17.0.9)
1 > Accept-Encoding: gzip,deflate


15:42:52.864 [main] DEBUG com.intuit.karate - response time in milliseconds: 1860
1 < 200
1 < Date: Mon, 25 May 2026 10:12:51 GMT
1 < Content-Type: application/json; charset=utf-8
1 < Transfer-Encoding: chunked
1 < Connection: keep-alive
1 < access-control-allow-credentials: true
1 < Cache-Control: max-age=43200
1 < etag: W/"137-6SkfkEH2vZX2tDrUhH6X9K8msxE"
1 < expires: -1
1 < nel: {"report_to":"heroku-nel","response_headers":["Via"],"max_age":3600,"success_fraction":0.01,"failure_fraction":0.1}
1 < pragma: no-cache
1 < report-to: {"group":"heroku-nel","endpoints":[{"url":"https://nel.heroku.com/reports?s=BvfJtteAfKNsRyp3eMK9yLQ2ssYEmYXm9RaNse3k%2BtE%3D\u0026sid=e11707d5-02a7-43ef-b45e-2cf4d2036f7d\u0026ts=1779703971"}],"max_age":3600}
1 < reporting-endpoints: heroku-nel="https://nel.heroku.com/reports?s=BvfJtteAfKNsRyp3eMK9yLQ2ssYEmYXm9RaNse3k%2BtE%3D&sid=e11707d5-02a7-43ef-b45e-2cf4d2036f7d&ts=1779703971"
1 < Server: cloudflare
1 < vary: Origin, Accept-Encoding
1 < via: 2.0 heroku-router
1 < x-content-type-options: nosniff
1 < x-powered-by: Express
1 < x-ratelimit-limit: 1000
1 < x-ratelimit-remaining: 973
1 < x-ratelimit-reset: 1779703990
1 < Server-Timing: cfCacheStatus;desc="MISS"
1 < Server-Timing: cfEdge;dur=12,cfOrigin;dur=302
1 < cf-cache-status: MISS
1 < CF-RAY: a013c39e5a35e185-MRS
1 < alt-svc: h3=":443"; ma=86400
{
  "userId": 7,
  "id": 69,
  "title": "fugiat quod pariatur odit minima",
  "body": "officiis error culpa consequatur modi asperiores et\ndolorum assumenda voluptas et vel qui aut vel rerum\nvoluptatum quisquam perspiciatis quia rerum consequatur totam quas\nsequi commodi repudiandae asperiores et saepe a"
}

15:42:52.866 [main] INFO  com.intuit.karate - karate.env system property was: null 
15:42:52.868 [main] INFO  com.intuit.karate - Loaded API Key: free_user_3DvGOP3388gqq71IAt6bHhQ6DDZ 
15:42:52.869 [main] DEBUG com.intuit.karate - request:
1 > GET https://jsonplaceholder.typicode.com/posts/70
1 > Host: jsonplaceholder.typicode.com
1 > Connection: Keep-Alive
1 > User-Agent: Apache-HttpClient/4.5.14 (Java/17.0.9)
1 > Accept-Encoding: gzip,deflate


15:42:53.818 [main] DEBUG com.intuit.karate - response time in milliseconds: 948
1 < 200
1 < Date: Mon, 25 May 2026 10:12:53 GMT
1 < Content-Type: application/json; charset=utf-8
1 < Transfer-Encoding: chunked
1 < Connection: keep-alive
1 < access-control-allow-credentials: true
1 < Cache-Control: max-age=43200
1 < etag: W/"d4-rM/RXlmI+ICK+LslODlpNGE3yUw"
1 < expires: -1
1 < nel: {"report_to":"heroku-nel","response_headers":["Via"],"max_age":3600,"success_fraction":0.01,"failure_fraction":0.1}
1 < pragma: no-cache
1 < report-to: {"group":"heroku-nel","endpoints":[{"url":"https://nel.heroku.com/reports?s=NhTM9DUX5aXvQuIZiACKh5UhnKbm8sA858kf8j%2FsLHE%3D\u0026sid=e11707d5-02a7-43ef-b45e-2cf4d2036f7d\u0026ts=1779703973"}],"max_age":3600}
1 < reporting-endpoints: heroku-nel="https://nel.heroku.com/reports?s=NhTM9DUX5aXvQuIZiACKh5UhnKbm8sA858kf8j%2FsLHE%3D&sid=e11707d5-02a7-43ef-b45e-2cf4d2036f7d&ts=1779703973"
1 < Server: cloudflare
1 < vary: Origin, Accept-Encoding
1 < via: 2.0 heroku-router
1 < x-content-type-options: nosniff
1 < x-powered-by: Express
1 < x-ratelimit-limit: 1000
1 < x-ratelimit-remaining: 972
1 < x-ratelimit-reset: 1779703990
1 < Server-Timing: cfCacheStatus;desc="MISS"
1 < Server-Timing: cfEdge;dur=8,cfOrigin;dur=327
1 < cf-cache-status: MISS
1 < CF-RAY: a013c3aa2aade17d-MRS
1 < alt-svc: h3=":443"; ma=86400
{
  "userId": 7,
  "id": 70,
  "title": "voluptatem laborum magni",
  "body": "sunt repellendus quae\nest asperiores aut deleniti esse accusamus repellendus quia aut\nquia dolorem unde\neum tempora esse dolore"
}

15:42:53.822 [main] INFO  com.intuit.karate - karate.env system property was: null 
15:42:53.824 [main] INFO  com.intuit.karate - Loaded API Key: free_user_3DvGOP3388gqq71IAt6bHhQ6DDZ 
15:42:53.826 [main] DEBUG com.intuit.karate - request:
1 > GET https://jsonplaceholder.typicode.com/posts/71
1 > Host: jsonplaceholder.typicode.com
1 > Connection: Keep-Alive
1 > User-Agent: Apache-HttpClient/4.5.14 (Java/17.0.9)
1 > Accept-Encoding: gzip,deflate


15:42:54.681 [main] DEBUG com.intuit.karate - response time in milliseconds: 854
1 < 200
1 < Date: Mon, 25 May 2026 10:12:54 GMT
1 < Content-Type: application/json; charset=utf-8
1 < Transfer-Encoding: chunked
1 < Connection: keep-alive
1 < access-control-allow-credentials: true
1 < Cache-Control: max-age=43200
1 < etag: W/"e8-Yh7j20Q0i9NFG2BtR9OGdKEdmek"
1 < expires: -1
1 < nel: {"report_to":"heroku-nel","response_headers":["Via"],"max_age":3600,"success_fraction":0.01,"failure_fraction":0.1}
1 < pragma: no-cache
1 < report-to: {"group":"heroku-nel","endpoints":[{"url":"https://nel.heroku.com/reports?s=SYaqXfHHp6JQi1TXjDVKDPBeXBUTWBpHloG9SdJB6WI%3D\u0026sid=e11707d5-02a7-43ef-b45e-2cf4d2036f7d\u0026ts=1779703974"}],"max_age":3600}
1 < reporting-endpoints: heroku-nel="https://nel.heroku.com/reports?s=SYaqXfHHp6JQi1TXjDVKDPBeXBUTWBpHloG9SdJB6WI%3D&sid=e11707d5-02a7-43ef-b45e-2cf4d2036f7d&ts=1779703974"
1 < Server: cloudflare
1 < vary: Origin, Accept-Encoding
1 < via: 2.0 heroku-router
1 < x-content-type-options: nosniff
1 < x-powered-by: Express
1 < x-ratelimit-limit: 1000
1 < x-ratelimit-remaining: 971
1 < x-ratelimit-reset: 1779703990
1 < Server-Timing: cfCacheStatus;desc="MISS"
1 < Server-Timing: cfEdge;dur=8,cfOrigin;dur=283
1 < cf-cache-status: MISS
1 < CF-RAY: a013c3b01df1ad93-MRS
1 < alt-svc: h3=":443"; ma=86400
{
  "userId": 8,
  "id": 71,
  "title": "et iusto veniam et illum aut fuga",
  "body": "occaecati a doloribus\niste saepe consectetur placeat eum voluptate dolorem et\nqui quo quia voluptas\nrerum ut id enim velit est perferendis"
}

15:42:54.686 [main] INFO  com.intuit.karate - karate.env system property was: null 
15:42:54.687 [main] INFO  com.intuit.karate - Loaded API Key: free_user_3DvGOP3388gqq71IAt6bHhQ6DDZ 
15:42:54.689 [main] DEBUG com.intuit.karate - request:
1 > GET https://jsonplaceholder.typicode.com/posts/72
1 > Host: jsonplaceholder.typicode.com
1 > Connection: Keep-Alive
1 > User-Agent: Apache-HttpClient/4.5.14 (Java/17.0.9)
1 > Accept-Encoding: gzip,deflate


15:42:55.640 [main] DEBUG com.intuit.karate - response time in milliseconds: 950
1 < 200
1 < Date: Mon, 25 May 2026 10:12:55 GMT
1 < Content-Type: application/json; charset=utf-8
1 < Transfer-Encoding: chunked
1 < Connection: keep-alive
1 < access-control-allow-credentials: true
1 < Cache-Control: max-age=43200
1 < etag: W/"116-H6k0vQJtj/XCaxWK+1+y9a8ry70"
1 < expires: -1
1 < nel: {"report_to":"heroku-nel","response_headers":["Via"],"max_age":3600,"success_fraction":0.01,"failure_fraction":0.1}
1 < pragma: no-cache
1 < report-to: {"group":"heroku-nel","endpoints":[{"url":"https://nel.heroku.com/reports?s=zgLzuJMNAjNMPLD0zWzxTwzn8CdM77cywyc4MTZQiM8%3D\u0026sid=e11707d5-02a7-43ef-b45e-2cf4d2036f7d\u0026ts=1779703975"}],"max_age":3600}
1 < reporting-endpoints: heroku-nel="https://nel.heroku.com/reports?s=zgLzuJMNAjNMPLD0zWzxTwzn8CdM77cywyc4MTZQiM8%3D&sid=e11707d5-02a7-43ef-b45e-2cf4d2036f7d&ts=1779703975"
1 < Server: cloudflare
1 < vary: Origin, Accept-Encoding
1 < via: 2.0 heroku-router
1 < x-content-type-options: nosniff
1 < x-powered-by: Express
1 < x-ratelimit-limit: 1000
1 < x-ratelimit-remaining: 970
1 < x-ratelimit-reset: 1779703990
1 < Server-Timing: cfCacheStatus;desc="MISS"
1 < Server-Timing: cfEdge;dur=4,cfOrigin;dur=326
1 < cf-cache-status: MISS
1 < CF-RAY: a013c3b598c9e23a-MRS
1 < alt-svc: h3=":443"; ma=86400
{
  "userId": 8,
  "id": 72,
  "title": "sint hic doloribus consequatur eos non id",
  "body": "quam occaecati qui deleniti consectetur\nconsequatur aut facere quas exercitationem aliquam hic voluptas\nneque id sunt ut aut accusamus\nsunt consectetur expedita inventore velit"
}

15:42:55.644 [main] INFO  com.intuit.karate - karate.env system property was: null 
15:42:55.644 [main] INFO  com.intuit.karate - Loaded API Key: free_user_3DvGOP3388gqq71IAt6bHhQ6DDZ 
15:42:55.646 [main] DEBUG com.intuit.karate - request:
1 > GET https://jsonplaceholder.typicode.com/posts/73
1 > Host: jsonplaceholder.typicode.com
1 > Connection: Keep-Alive
1 > User-Agent: Apache-HttpClient/4.5.14 (Java/17.0.9)
1 > Accept-Encoding: gzip,deflate


15:42:56.426 [main] DEBUG com.intuit.karate - response time in milliseconds: 778
1 < 200
1 < Date: Mon, 25 May 2026 10:12:56 GMT
1 < Content-Type: application/json; charset=utf-8
1 < Transfer-Encoding: chunked
1 < Connection: keep-alive
1 < access-control-allow-credentials: true
1 < Cache-Control: max-age=43200
1 < etag: W/"11f-rOkoGp9hOJP88vceK/3kAJdMgVE"
1 < expires: -1
1 < nel: {"report_to":"heroku-nel","response_headers":["Via"],"max_age":3600,"success_fraction":0.01,"failure_fraction":0.1}
1 < pragma: no-cache
1 < report-to: {"group":"heroku-nel","endpoints":[{"url":"https://nel.heroku.com/reports?s=kPuVSNKCt%2F1pia4ws0c4M%2Bc%2FH7PGzXSpbnBEVv9XHMg%3D\u0026sid=e11707d5-02a7-43ef-b45e-2cf4d2036f7d\u0026ts=1779703976"}],"max_age":3600}
1 < reporting-endpoints: heroku-nel="https://nel.heroku.com/reports?s=kPuVSNKCt%2F1pia4ws0c4M%2Bc%2FH7PGzXSpbnBEVv9XHMg%3D&sid=e11707d5-02a7-43ef-b45e-2cf4d2036f7d&ts=1779703976"
1 < Server: cloudflare
1 < vary: Origin, Accept-Encoding
1 < via: 2.0 heroku-router
1 < x-content-type-options: nosniff
1 < x-powered-by: Express
1 < x-ratelimit-limit: 1000
1 < x-ratelimit-remaining: 969
1 < x-ratelimit-reset: 1779703990
1 < Server-Timing: cfCacheStatus;desc="MISS"
1 < Server-Timing: cfEdge;dur=10,cfOrigin;dur=362
1 < cf-cache-status: MISS
1 < CF-RAY: a013c3baeaf670e5-MRS
1 < alt-svc: h3=":443"; ma=86400
{
  "userId": 8,
  "id": 73,
  "title": "consequuntur deleniti eos quia temporibus ab aliquid at",
  "body": "voluptatem cumque tenetur consequatur expedita ipsum nemo quia explicabo\naut eum minima consequatur\ntempore cumque quae est et\net in consequuntur voluptatem voluptates aut"
}

15:42:56.429 [main] INFO  com.intuit.karate - karate.env system property was: null 
15:42:56.429 [main] INFO  com.intuit.karate - Loaded API Key: free_user_3DvGOP3388gqq71IAt6bHhQ6DDZ 
15:42:56.431 [main] DEBUG com.intuit.karate - request:
1 > GET https://jsonplaceholder.typicode.com/posts/74
1 > Host: jsonplaceholder.typicode.com
1 > Connection: Keep-Alive
1 > User-Agent: Apache-HttpClient/4.5.14 (Java/17.0.9)
1 > Accept-Encoding: gzip,deflate


15:42:57.102 [main] DEBUG com.intuit.karate - response time in milliseconds: 671
1 < 200
1 < Date: Mon, 25 May 2026 10:12:57 GMT
1 < Content-Type: application/json; charset=utf-8
1 < Transfer-Encoding: chunked
1 < Connection: keep-alive
1 < access-control-allow-credentials: true
1 < Cache-Control: max-age=43200
1 < etag: W/"128-7qIwxKiVOzrfywOEfThc/blClHw"
1 < expires: -1
1 < nel: {"report_to":"heroku-nel","response_headers":["Via"],"max_age":3600,"success_fraction":0.01,"failure_fraction":0.1}
1 < pragma: no-cache
1 < report-to: {"group":"heroku-nel","endpoints":[{"url":"https://nel.heroku.com/reports?s=o%2BUq9U7%2B2wiPe5WsUtr7I3AzXVEE7%2BKx3hrfIZZCCPM%3D\u0026sid=e11707d5-02a7-43ef-b45e-2cf4d2036f7d\u0026ts=1779703977"}],"max_age":3600}
1 < reporting-endpoints: heroku-nel="https://nel.heroku.com/reports?s=o%2BUq9U7%2B2wiPe5WsUtr7I3AzXVEE7%2BKx3hrfIZZCCPM%3D&sid=e11707d5-02a7-43ef-b45e-2cf4d2036f7d&ts=1779703977"
1 < Server: cloudflare
1 < vary: Origin, Accept-Encoding
1 < via: 2.0 heroku-router
1 < x-content-type-options: nosniff
1 < x-powered-by: Express
1 < x-ratelimit-limit: 1000
1 < x-ratelimit-remaining: 968
1 < x-ratelimit-reset: 1779703990
1 < Server-Timing: cfCacheStatus;desc="MISS"
1 < Server-Timing: cfEdge;dur=6,cfOrigin;dur=120
1 < cf-cache-status: MISS
1 < CF-RAY: a013c3c05c91e1a8-MRS
1 < alt-svc: h3=":443"; ma=86400
{
  "userId": 8,
  "id": 74,
  "title": "enim unde ratione doloribus quas enim ut sit sapiente",
  "body": "odit qui et et necessitatibus sint veniam\nmollitia amet doloremque molestiae commodi similique magnam et quam\nblanditiis est itaque\nquo et tenetur ratione occaecati molestiae tempora"
}

15:42:57.104 [main] INFO  com.intuit.karate - karate.env system property was: null 
15:42:57.104 [main] INFO  com.intuit.karate - Loaded API Key: free_user_3DvGOP3388gqq71IAt6bHhQ6DDZ 
15:42:57.107 [main] DEBUG com.intuit.karate - request:
1 > GET https://jsonplaceholder.typicode.com/posts/75
1 > Host: jsonplaceholder.typicode.com
1 > Connection: Keep-Alive
1 > User-Agent: Apache-HttpClient/4.5.14 (Java/17.0.9)
1 > Accept-Encoding: gzip,deflate


15:42:58.061 [main] DEBUG com.intuit.karate - response time in milliseconds: 954
1 < 200
1 < Date: Mon, 25 May 2026 10:12:58 GMT
1 < Content-Type: application/json; charset=utf-8
1 < Transfer-Encoding: chunked
1 < Connection: keep-alive
1 < access-control-allow-credentials: true
1 < Cache-Control: max-age=43200
1 < etag: W/"12d-f7+LvQ2H9gp0KtIQ9o5Rm53qeaE"
1 < expires: -1
1 < nel: {"report_to":"heroku-nel","response_headers":["Via"],"max_age":3600,"success_fraction":0.01,"failure_fraction":0.1}
1 < pragma: no-cache
1 < report-to: {"group":"heroku-nel","endpoints":[{"url":"https://nel.heroku.com/reports?s=o%2BUq9U7%2B2wiPe5WsUtr7I3AzXVEE7%2BKx3hrfIZZCCPM%3D\u0026sid=e11707d5-02a7-43ef-b45e-2cf4d2036f7d\u0026ts=1779703977"}],"max_age":3600}
1 < reporting-endpoints: heroku-nel="https://nel.heroku.com/reports?s=o%2BUq9U7%2B2wiPe5WsUtr7I3AzXVEE7%2BKx3hrfIZZCCPM%3D&sid=e11707d5-02a7-43ef-b45e-2cf4d2036f7d&ts=1779703977"
1 < Server: cloudflare
1 < vary: Origin, Accept-Encoding
1 < via: 2.0 heroku-router
1 < x-content-type-options: nosniff
1 < x-powered-by: Express
1 < x-ratelimit-limit: 1000
1 < x-ratelimit-remaining: 967
1 < x-ratelimit-reset: 1779703990
1 < Server-Timing: cfCacheStatus;desc="MISS"
1 < Server-Timing: cfEdge;dur=9,cfOrigin;dur=351
1 < cf-cache-status: MISS
1 < CF-RAY: a013c3c48fad890f-MRS
1 < alt-svc: h3=":443"; ma=86400
{
  "userId": 8,
  "id": 75,
  "title": "dignissimos eum dolor ut enim et delectus in",
  "body": "commodi non non omnis et voluptas sit\nautem aut nobis magnam et sapiente voluptatem\net laborum repellat qui delectus facilis temporibus\nrerum amet et nemo voluptate expedita adipisci error dolorem"
}

15:42:58.064 [main] INFO  com.intuit.karate - karate.env system property was: null 
15:42:58.065 [main] INFO  com.intuit.karate - Loaded API Key: free_user_3DvGOP3388gqq71IAt6bHhQ6DDZ 
15:42:58.066 [main] DEBUG com.intuit.karate - request:
1 > GET https://jsonplaceholder.typicode.com/posts/76
1 > Host: jsonplaceholder.typicode.com
1 > Connection: Keep-Alive
1 > User-Agent: Apache-HttpClient/4.5.14 (Java/17.0.9)
1 > Accept-Encoding: gzip,deflate


15:42:58.985 [main] DEBUG com.intuit.karate - response time in milliseconds: 918
1 < 200
1 < Date: Mon, 25 May 2026 10:12:58 GMT
1 < Content-Type: application/json; charset=utf-8
1 < Transfer-Encoding: chunked
1 < Connection: keep-alive
1 < access-control-allow-credentials: true
1 < Cache-Control: max-age=43200
1 < etag: W/"cc-u0/g+lWkxIsGyIKpelypYLpuJj8"
1 < expires: -1
1 < nel: {"report_to":"heroku-nel","response_headers":["Via"],"max_age":3600,"success_fraction":0.01,"failure_fraction":0.1}
1 < pragma: no-cache
1 < report-to: {"group":"heroku-nel","endpoints":[{"url":"https://nel.heroku.com/reports?s=FLaohasHM2w4ASGyComgcMLmEYclu4DClwPrye21vL8%3D\u0026sid=e11707d5-02a7-43ef-b45e-2cf4d2036f7d\u0026ts=1779303078"}],"max_age":3600}
1 < reporting-endpoints: heroku-nel="https://nel.heroku.com/reports?s=FLaohasHM2w4ASGyComgcMLmEYclu4DClwPrye21vL8%3D&sid=e11707d5-02a7-43ef-b45e-2cf4d2036f7d&ts=1779303078"
1 < Server: cloudflare
1 < vary: Origin, Accept-Encoding
1 < via: 2.0 heroku-router
1 < x-content-type-options: nosniff
1 < x-powered-by: Express
1 < x-ratelimit-limit: 1000
1 < x-ratelimit-remaining: 999
1 < x-ratelimit-reset: 1779303089
1 < Server-Timing: cfCacheStatus;desc="REVALIDATED"
1 < Server-Timing: cfEdge;dur=6,cfOrigin;dur=290
1 < cf-cache-status: REVALIDATED
1 < CF-RAY: a013c3cabc15c6a5-MRS
1 < alt-svc: h3=":443"; ma=86400
{
  "userId": 8,
  "id": 76,
  "title": "doloremque officiis ad et non perferendis",
  "body": "ut animi facere\ntotam iusto tempore\nmolestiae eum aut et dolorem aperiam\nquaerat recusandae totam odio"
}

15:42:58.989 [main] INFO  com.intuit.karate - karate.env system property was: null 
15:42:58.989 [main] INFO  com.intuit.karate - Loaded API Key: free_user_3DvGOP3388gqq71IAt6bHhQ6DDZ 
15:42:58.991 [main] DEBUG com.intuit.karate - request:
1 > GET https://jsonplaceholder.typicode.com/posts/77
1 > Host: jsonplaceholder.typicode.com
1 > Connection: Keep-Alive
1 > User-Agent: Apache-HttpClient/4.5.14 (Java/17.0.9)
1 > Accept-Encoding: gzip,deflate


15:42:59.901 [main] DEBUG com.intuit.karate - response time in milliseconds: 909
1 < 200
1 < Date: Mon, 25 May 2026 10:12:59 GMT
1 < Content-Type: application/json; charset=utf-8
1 < Transfer-Encoding: chunked
1 < Connection: keep-alive
1 < access-control-allow-credentials: true
1 < Cache-Control: max-age=43200
1 < etag: W/"11f-2lbe4Q56bYTg/IcJf6JOSbSCscI"
1 < expires: -1
1 < nel: {"report_to":"heroku-nel","response_headers":["Via"],"max_age":3600,"success_fraction":0.01,"failure_fraction":0.1}
1 < pragma: no-cache
1 < report-to: {"group":"heroku-nel","endpoints":[{"url":"https://nel.heroku.com/reports?s=t2cbccF5Z9AmqrkzvBA80HR1x2VDzY9t860ESAxM5NI%3D\u0026sid=e11707d5-02a7-43ef-b45e-2cf4d2036f7d\u0026ts=1779293581"}],"max_age":3600}
1 < reporting-endpoints: heroku-nel="https://nel.heroku.com/reports?s=t2cbccF5Z9AmqrkzvBA80HR1x2VDzY9t860ESAxM5NI%3D&sid=e11707d5-02a7-43ef-b45e-2cf4d2036f7d&ts=1779293581"
1 < Server: cloudflare
1 < vary: Origin, Accept-Encoding
1 < via: 2.0 heroku-router
1 < x-content-type-options: nosniff
1 < x-powered-by: Express
1 < x-ratelimit-limit: 1000
1 < x-ratelimit-remaining: 999
1 < x-ratelimit-reset: 1779293609
1 < Server-Timing: cfCacheStatus;desc="REVALIDATED"
1 < Server-Timing: cfEdge;dur=10,cfOrigin;dur=327
1 < cf-cache-status: REVALIDATED
1 < CF-RAY: a013c3d05d6db870-MRS
1 < alt-svc: h3=":443"; ma=86400
{
  "userId": 8,
  "id": 77,
  "title": "necessitatibus quasi exercitationem odio",
  "body": "modi ut in nulla repudiandae dolorum nostrum eos\naut consequatur omnis\nut incidunt est omnis iste et quam\nvoluptates sapiente aliquam asperiores nobis amet corrupti repudiandae provident"
}

15:42:59.904 [main] INFO  com.intuit.karate - karate.env system property was: null 
15:42:59.905 [main] INFO  com.intuit.karate - Loaded API Key: free_user_3DvGOP3388gqq71IAt6bHhQ6DDZ 
15:42:59.906 [main] DEBUG com.intuit.karate - request:
1 > GET https://jsonplaceholder.typicode.com/posts/78
1 > Host: jsonplaceholder.typicode.com
1 > Connection: Keep-Alive
1 > User-Agent: Apache-HttpClient/4.5.14 (Java/17.0.9)
1 > Accept-Encoding: gzip,deflate


15:43:00.852 [main] DEBUG com.intuit.karate - response time in milliseconds: 944
1 < 200
1 < Date: Mon, 25 May 2026 10:13:00 GMT
1 < Content-Type: application/json; charset=utf-8
1 < Transfer-Encoding: chunked
1 < Connection: keep-alive
1 < access-control-allow-credentials: true
1 < Cache-Control: max-age=43200
1 < etag: W/"d3-xKs0MgAtIORio5QR/VxM9bC/XYc"
1 < expires: -1
1 < nel: {"report_to":"heroku-nel","response_headers":["Via"],"max_age":3600,"success_fraction":0.01,"failure_fraction":0.1}
1 < pragma: no-cache
1 < report-to: {"group":"heroku-nel","endpoints":[{"url":"https://nel.heroku.com/reports?s=ZZEeukatYL3PizLj1QxvvNcK0DAOPH6ieP9Dm8q%2Bqnk%3D\u0026sid=e11707d5-02a7-43ef-b45e-2cf4d2036f7d\u0026ts=1779703980"}],"max_age":3600}
1 < reporting-endpoints: heroku-nel="https://nel.heroku.com/reports?s=ZZEeukatYL3PizLj1QxvvNcK0DAOPH6ieP9Dm8q%2Bqnk%3D&sid=e11707d5-02a7-43ef-b45e-2cf4d2036f7d&ts=1779703980"
1 < Server: cloudflare
1 < vary: Origin, Accept-Encoding
1 < via: 2.0 heroku-router
1 < x-content-type-options: nosniff
1 < x-powered-by: Express
1 < x-ratelimit-limit: 1000
1 < x-ratelimit-remaining: 964
1 < x-ratelimit-reset: 1779703990
1 < Server-Timing: cfCacheStatus;desc="MISS"
1 < Server-Timing: cfEdge;dur=7,cfOrigin;dur=328
1 < cf-cache-status: MISS
1 < CF-RAY: a013c3d61df3da75-MRS
1 < alt-svc: h3=":443"; ma=86400
{
  "userId": 8,
  "id": 78,
  "title": "quam voluptatibus rerum veritatis",
  "body": "nobis facilis odit tempore cupiditate quia\nassumenda doloribus rerum qui ea\nillum et qui totam\naut veniam repellendus"
}

15:43:00.855 [main] INFO  com.intuit.karate - karate.env system property was: null 
15:43:00.856 [main] INFO  com.intuit.karate - Loaded API Key: free_user_3DvGOP3388gqq71IAt6bHhQ6DDZ 
15:43:00.858 [main] DEBUG com.intuit.karate - request:
1 > GET https://jsonplaceholder.typicode.com/posts/79
1 > Host: jsonplaceholder.typicode.com
1 > Connection: Keep-Alive
1 > User-Agent: Apache-HttpClient/4.5.14 (Java/17.0.9)
1 > Accept-Encoding: gzip,deflate


15:43:01.789 [main] DEBUG com.intuit.karate - response time in milliseconds: 930
1 < 200
1 < Date: Mon, 25 May 2026 10:13:01 GMT
1 < Content-Type: application/json; charset=utf-8
1 < Transfer-Encoding: chunked
1 < Connection: keep-alive
1 < access-control-allow-credentials: true
1 < Cache-Control: max-age=43200
1 < etag: W/"110-2pubCm1Sfl7Y7qFtirsYZCcorgA"
1 < expires: -1
1 < nel: {"report_to":"heroku-nel","response_headers":["Via"],"max_age":3600,"success_fraction":0.01,"failure_fraction":0.1}
1 < pragma: no-cache
1 < report-to: {"group":"heroku-nel","endpoints":[{"url":"https://nel.heroku.com/reports?s=hF6jAa0mSS24Vqu0WZ28iLIEbNBmZixwrebbkN7aKdM%3D\u0026sid=e11707d5-02a7-43ef-b45e-2cf4d2036f7d\u0026ts=1779631695"}],"max_age":3600}
1 < reporting-endpoints: heroku-nel="https://nel.heroku.com/reports?s=hF6jAa0mSS24Vqu0WZ28iLIEbNBmZixwrebbkN7aKdM%3D&sid=e11707d5-02a7-43ef-b45e-2cf4d2036f7d&ts=1779631695"
1 < Server: cloudflare
1 < vary: Origin, Accept-Encoding
1 < via: 2.0 heroku-router
1 < x-content-type-options: nosniff
1 < x-powered-by: Express
1 < x-ratelimit-limit: 1000
1 < x-ratelimit-remaining: 999
1 < x-ratelimit-reset: 1779631741
1 < Server-Timing: cfCacheStatus;desc="REVALIDATED"
1 < Server-Timing: cfEdge;dur=8,cfOrigin;dur=349
1 < cf-cache-status: REVALIDATED
1 < CF-RAY: a013c3dbddc73db4-MRS
1 < alt-svc: h3=":443"; ma=86400
{
  "userId": 8,
  "id": 79,
  "title": "pariatur consequatur quia magnam autem omnis non amet",
  "body": "libero accusantium et et facere incidunt sit dolorem\nnon excepturi qui quia sed laudantium\nquisquam molestiae ducimus est\nofficiis esse molestiae iste et quos"
}

15:43:01.792 [main] INFO  com.intuit.karate - karate.env system property was: null 
15:43:01.793 [main] INFO  com.intuit.karate - Loaded API Key: free_user_3DvGOP3388gqq71IAt6bHhQ6DDZ 
15:43:01.795 [main] DEBUG com.intuit.karate - request:
1 > GET https://jsonplaceholder.typicode.com/posts/80
1 > Host: jsonplaceholder.typicode.com
1 > Connection: Keep-Alive
1 > User-Agent: Apache-HttpClient/4.5.14 (Java/17.0.9)
1 > Accept-Encoding: gzip,deflate


15:43:02.757 [main] DEBUG com.intuit.karate - response time in milliseconds: 961
1 < 200
1 < Date: Mon, 25 May 2026 10:13:02 GMT
1 < Content-Type: application/json; charset=utf-8
1 < Transfer-Encoding: chunked
1 < Connection: keep-alive
1 < access-control-allow-credentials: true
1 < Cache-Control: max-age=43200
1 < etag: W/"11c-0HY/hHFa5y+uiyBfjGo3n4UDzu8"
1 < expires: -1
1 < nel: {"report_to":"heroku-nel","response_headers":["Via"],"max_age":3600,"success_fraction":0.01,"failure_fraction":0.1}
1 < pragma: no-cache
1 < report-to: {"group":"heroku-nel","endpoints":[{"url":"https://nel.heroku.com/reports?s=W9UVnTqTMtZfUxmgHqdbes%2BeNyd40SMccbXKCCDvH8M%3D\u0026sid=e11707d5-02a7-43ef-b45e-2cf4d2036f7d\u0026ts=1778839837"}],"max_age":3600}
1 < reporting-endpoints: heroku-nel="https://nel.heroku.com/reports?s=W9UVnTqTMtZfUxmgHqdbes%2BeNyd40SMccbXKCCDvH8M%3D&sid=e11707d5-02a7-43ef-b45e-2cf4d2036f7d&ts=1778839837"
1 < Server: cloudflare
1 < vary: Origin, Accept-Encoding
1 < via: 2.0 heroku-router
1 < x-content-type-options: nosniff
1 < x-powered-by: Express
1 < x-ratelimit-limit: 1000
1 < x-ratelimit-remaining: 980
1 < x-ratelimit-reset: 1778839840
1 < Server-Timing: cfCacheStatus;desc="REVALIDATED"
1 < Server-Timing: cfEdge;dur=10,cfOrigin;dur=342
1 < cf-cache-status: REVALIDATED
1 < CF-RAY: a013c3e1eb8acfa3-MRS
1 < alt-svc: h3=":443"; ma=86400
{
  "userId": 8,
  "id": 80,
  "title": "labore in ex et explicabo corporis aut quas",
  "body": "ex quod dolorem ea eum iure qui provident amet\nquia qui facere excepturi et repudiandae\nasperiores molestias provident\nminus incidunt vero fugit rerum sint sunt excepturi provident"
}

15:43:02.759 [main] INFO  com.intuit.karate - karate.env system property was: null 
15:43:02.760 [main] INFO  com.intuit.karate - Loaded API Key: free_user_3DvGOP3388gqq71IAt6bHhQ6DDZ 
15:43:02.761 [main] DEBUG com.intuit.karate - request:
1 > GET https://jsonplaceholder.typicode.com/posts/81
1 > Host: jsonplaceholder.typicode.com
1 > Connection: Keep-Alive
1 > User-Agent: Apache-HttpClient/4.5.14 (Java/17.0.9)
1 > Accept-Encoding: gzip,deflate


15:43:03.410 [main] DEBUG com.intuit.karate - response time in milliseconds: 648
1 < 200
1 < Date: Mon, 25 May 2026 10:13:03 GMT
1 < Content-Type: application/json; charset=utf-8
1 < Transfer-Encoding: chunked
1 < Connection: keep-alive
1 < access-control-allow-credentials: true
1 < Cache-Control: max-age=43200
1 < etag: W/"132-WQvU4RaGGtekXO5F/gjY3m5r2rE"
1 < expires: -1
1 < nel: {"report_to":"heroku-nel","response_headers":["Via"],"max_age":3600,"success_fraction":0.01,"failure_fraction":0.1}
1 < pragma: no-cache
1 < report-to: {"group":"heroku-nel","endpoints":[{"url":"https://nel.heroku.com/reports?s=PLHBsalBWUlqE9jtLYJ5wb9nE26ALDSCx9JdnydGMiw%3D\u0026sid=e11707d5-02a7-43ef-b45e-2cf4d2036f7d\u0026ts=1779561685"}],"max_age":3600}
1 < reporting-endpoints: heroku-nel="https://nel.heroku.com/reports?s=PLHBsalBWUlqE9jtLYJ5wb9nE26ALDSCx9JdnydGMiw%3D&sid=e11707d5-02a7-43ef-b45e-2cf4d2036f7d&ts=1779561685"
1 < Server: cloudflare
1 < vary: Origin, Accept-Encoding
1 < via: 2.0 heroku-router
1 < x-content-type-options: nosniff
1 < x-powered-by: Express
1 < x-ratelimit-limit: 1000
1 < x-ratelimit-remaining: 994
1 < x-ratelimit-reset: 1779561705
1 < Age: 9248
1 < Server-Timing: cfCacheStatus;desc="HIT"
1 < Server-Timing: cfEdge;dur=5,cfOrigin;dur=0
1 < cf-cache-status: HIT
1 < CF-RAY: a013c3e82801e1b7-MRS
1 < alt-svc: h3=":443"; ma=86400
{
  "userId": 9,
  "id": 81,
  "title": "tempora rem veritatis voluptas quo dolores vero",
  "body": "facere qui nesciunt est voluptatum voluptatem nisi\nsequi eligendi necessitatibus ea at rerum itaque\nharum non ratione velit laboriosam quis consequuntur\nex officiis minima doloremque voluptas ut aut"
}

15:43:03.413 [main] INFO  com.intuit.karate - karate.env system property was: null 
15:43:03.414 [main] INFO  com.intuit.karate - Loaded API Key: free_user_3DvGOP3388gqq71IAt6bHhQ6DDZ 
15:43:03.417 [main] DEBUG com.intuit.karate - request:
1 > GET https://jsonplaceholder.typicode.com/posts/82
1 > Host: jsonplaceholder.typicode.com
1 > Connection: Keep-Alive
1 > User-Agent: Apache-HttpClient/4.5.14 (Java/17.0.9)
1 > Accept-Encoding: gzip,deflate


15:43:04.344 [main] DEBUG com.intuit.karate - response time in milliseconds: 926
1 < 200
1 < Date: Mon, 25 May 2026 10:13:04 GMT
1 < Content-Type: application/json; charset=utf-8
1 < Transfer-Encoding: chunked
1 < Connection: keep-alive
1 < access-control-allow-credentials: true
1 < Cache-Control: max-age=43200
1 < etag: W/"11c-eeFdAk1e1gEi8uyXsudyKBm1kV0"
1 < expires: -1
1 < nel: {"report_to":"heroku-nel","response_headers":["Via"],"max_age":3600,"success_fraction":0.01,"failure_fraction":0.1}
1 < pragma: no-cache
1 < report-to: {"group":"heroku-nel","endpoints":[{"url":"https://nel.heroku.com/reports?s=sdrlX1vFUOqcR8kyzvIrfL0s1WU8ejZLtSWZ0zZUh%2Fs%3D\u0026sid=e11707d5-02a7-43ef-b45e-2cf4d2036f7d\u0026ts=1779357531"}],"max_age":3600}
1 < reporting-endpoints: heroku-nel="https://nel.heroku.com/reports?s=sdrlX1vFUOqcR8kyzvIrfL0s1WU8ejZLtSWZ0zZUh%2Fs%3D&sid=e11707d5-02a7-43ef-b45e-2cf4d2036f7d&ts=1779357531"
1 < Server: cloudflare
1 < vary: Origin, Accept-Encoding
1 < via: 2.0 heroku-router
1 < x-content-type-options: nosniff
1 < x-powered-by: Express
1 < x-ratelimit-limit: 1000
1 < x-ratelimit-remaining: 881
1 < x-ratelimit-reset: 1779357555
1 < Server-Timing: cfCacheStatus;desc="REVALIDATED"
1 < Server-Timing: cfEdge;dur=9,cfOrigin;dur=294
1 < cf-cache-status: REVALIDATED
1 < CF-RAY: a013c3ec1d05acfb-MRS
1 < alt-svc: h3=":443"; ma=86400
{
  "userId": 9,
  "id": 82,
  "title": "laudantium voluptate suscipit sunt enim enim",
  "body": "ut libero sit aut totam inventore sunt\nporro sint qui sunt molestiae\nconsequatur cupiditate qui iste ducimus adipisci\ndolor enim assumenda soluta laboriosam amet iste delectus hic"
}

15:43:04.347 [main] INFO  com.intuit.karate - karate.env system property was: null 
15:43:04.347 [main] INFO  com.intuit.karate - Loaded API Key: free_user_3DvGOP3388gqq71IAt6bHhQ6DDZ 
15:43:04.349 [main] DEBUG com.intuit.karate - request:
1 > GET https://jsonplaceholder.typicode.com/posts/83
1 > Host: jsonplaceholder.typicode.com
1 > Connection: Keep-Alive
1 > User-Agent: Apache-HttpClient/4.5.14 (Java/17.0.9)
1 > Accept-Encoding: gzip,deflate


15:43:05.151 [main] DEBUG com.intuit.karate - response time in milliseconds: 801
1 < 200
1 < Date: Mon, 25 May 2026 10:13:05 GMT
1 < Content-Type: application/json; charset=utf-8
1 < Transfer-Encoding: chunked
1 < Connection: keep-alive
1 < access-control-allow-credentials: true
1 < Cache-Control: max-age=43200
1 < etag: W/"11d-e5gcZg196MbfLRv+N5/t/INg4U4"
1 < expires: -1
1 < nel: {"report_to":"heroku-nel","response_headers":["Via"],"max_age":3600,"success_fraction":0.01,"failure_fraction":0.1}
1 < pragma: no-cache
1 < report-to: {"group":"heroku-nel","endpoints":[{"url":"https://nel.heroku.com/reports?s=TBE%2FcHze1uoaBNgUaRkZAZWv4q3LhYQE0doEbds4Ip0%3D\u0026sid=e11707d5-02a7-43ef-b45e-2cf4d2036f7d\u0026ts=1779602122"}],"max_age":3600}
1 < reporting-endpoints: heroku-nel="https://nel.heroku.com/reports?s=TBE%2FcHze1uoaBNgUaRkZAZWv4q3LhYQE0doEbds4Ip0%3D&sid=e11707d5-02a7-43ef-b45e-2cf4d2036f7d&ts=1779602122"
1 < Server: cloudflare
1 < vary: Origin, Accept-Encoding
1 < via: 2.0 heroku-router
1 < x-content-type-options: nosniff
1 < x-powered-by: Express
1 < x-ratelimit-limit: 1000
1 < x-ratelimit-remaining: 999
1 < x-ratelimit-reset: 1779602161
1 < Server-Timing: cfCacheStatus;desc="REVALIDATED"
1 < Server-Timing: cfEdge;dur=11,cfOrigin;dur=293
1 < cf-cache-status: REVALIDATED
1 < CF-RAY: a013c3f1d936defa-MRS
1 < alt-svc: h3=":443"; ma=86400
{
  "userId": 9,
  "id": 83,
  "title": "odit et voluptates doloribus alias odio et",
  "body": "est molestiae facilis quis tempora numquam nihil qui\nvoluptate sapiente consequatur est qui\nnecessitatibus autem aut ipsa aperiam modi dolore numquam\nreprehenderit eius rem quibusdam"
}

15:43:05.154 [main] INFO  com.intuit.karate - karate.env system property was: null 
15:43:05.155 [main] INFO  com.intuit.karate - Loaded API Key: free_user_3DvGOP3388gqq71IAt6bHhQ6DDZ 
15:43:05.157 [main] DEBUG com.intuit.karate - request:
1 > GET https://jsonplaceholder.typicode.com/posts/84
1 > Host: jsonplaceholder.typicode.com
1 > Connection: Keep-Alive
1 > User-Agent: Apache-HttpClient/4.5.14 (Java/17.0.9)
1 > Accept-Encoding: gzip,deflate


15:43:06.098 [main] DEBUG com.intuit.karate - response time in milliseconds: 940
1 < 200
1 < Date: Mon, 25 May 2026 10:13:06 GMT
1 < Content-Type: application/json; charset=utf-8
1 < Transfer-Encoding: chunked
1 < Connection: keep-alive
1 < access-control-allow-credentials: true
1 < Cache-Control: max-age=43200
1 < etag: W/"10f-9j78zFP2xPokwlOnDdjXgjDNtRw"
1 < expires: -1
1 < nel: {"report_to":"heroku-nel","response_headers":["Via"],"max_age":3600,"success_fraction":0.01,"failure_fraction":0.1}
1 < pragma: no-cache
1 < report-to: {"group":"heroku-nel","endpoints":[{"url":"https://nel.heroku.com/reports?s=s%2FBRWs4UjN2wAklwy4xGrdhVWfaIGEPRKzlVoNjZrko%3D\u0026sid=e11707d5-02a7-43ef-b45e-2cf4d2036f7d\u0026ts=1779357448"}],"max_age":3600}
1 < reporting-endpoints: heroku-nel="https://nel.heroku.com/reports?s=s%2FBRWs4UjN2wAklwy4xGrdhVWfaIGEPRKzlVoNjZrko%3D&sid=e11707d5-02a7-43ef-b45e-2cf4d2036f7d&ts=1779357448"
1 < Server: cloudflare
1 < vary: Origin, Accept-Encoding
1 < via: 2.0 heroku-router
1 < x-content-type-options: nosniff
1 < x-powered-by: Express
1 < x-ratelimit-limit: 1000
1 < x-ratelimit-remaining: 980
1 < x-ratelimit-reset: 1779357495
1 < Age: 2940
1 < Server-Timing: cfCacheStatus;desc="HIT"
1 < Server-Timing: cfEdge;dur=5,cfOrigin;dur=0
1 < cf-cache-status: HIT
1 < CF-RAY: a013c3f91c52e28d-MRS
1 < alt-svc: h3=":443"; ma=86400
{
  "userId": 9,
  "id": 84,
  "title": "optio ipsam molestias necessitatibus occaecati facilis veritatis dolores aut",
  "body": "sint molestiae magni a et quos\neaque et quasi\nut rerum debitis similique veniam\nrecusandae dignissimos dolor incidunt consequatur odio"
}

15:43:06.100 [main] INFO  com.intuit.karate - karate.env system property was: null 
15:43:06.103 [main] INFO  com.intuit.karate - Loaded API Key: free_user_3DvGOP3388gqq71IAt6bHhQ6DDZ 
15:43:06.104 [main] DEBUG com.intuit.karate - request:
1 > GET https://jsonplaceholder.typicode.com/posts/85
1 > Host: jsonplaceholder.typicode.com
1 > Connection: Keep-Alive
1 > User-Agent: Apache-HttpClient/4.5.14 (Java/17.0.9)
1 > Accept-Encoding: gzip,deflate


15:43:07.486 [main] DEBUG com.intuit.karate - response time in milliseconds: 1382
1 < 200
1 < Date: Mon, 25 May 2026 10:13:07 GMT
1 < Content-Type: application/json; charset=utf-8
1 < Transfer-Encoding: chunked
1 < Connection: keep-alive
1 < access-control-allow-credentials: true
1 < Cache-Control: max-age=43200
1 < etag: W/"120-EiZY//e3eHc6o7YCr0c2BxbG4NU"
1 < expires: -1
1 < nel: {"report_to":"heroku-nel","response_headers":["Via"],"max_age":3600,"success_fraction":0.01,"failure_fraction":0.1}
1 < pragma: no-cache
1 < report-to: {"group":"heroku-nel","endpoints":[{"url":"https://nel.heroku.com/reports?s=LhYHOAZZMbhDh0PY6kSndrYlGr2ANo%2FzWj2u0N978BQ%3D\u0026sid=e11707d5-02a7-43ef-b45e-2cf4d2036f7d\u0026ts=1779703987"}],"max_age":3600}
1 < reporting-endpoints: heroku-nel="https://nel.heroku.com/reports?s=LhYHOAZZMbhDh0PY6kSndrYlGr2ANo%2FzWj2u0N978BQ%3D&sid=e11707d5-02a7-43ef-b45e-2cf4d2036f7d&ts=1779703987"
1 < Server: cloudflare
1 < vary: Origin, Accept-Encoding
1 < via: 2.0 heroku-router
1 < x-content-type-options: nosniff
1 < x-powered-by: Express
1 < x-ratelimit-limit: 1000
1 < x-ratelimit-remaining: 959
1 < x-ratelimit-reset: 1779703990
1 < Server-Timing: cfCacheStatus;desc="MISS"
1 < Server-Timing: cfEdge;dur=10,cfOrigin;dur=349
1 < cf-cache-status: MISS
1 < CF-RAY: a013c3ff6f208b7f-MRS
1 < alt-svc: h3=":443"; ma=86400
{
  "userId": 9,
  "id": 85,
  "title": "dolore veritatis porro provident adipisci blanditiis et sunt",
  "body": "similique sed nisi voluptas iusto omnis\nmollitia et quo\nassumenda suscipit officia magnam sint sed tempora\nenim provident pariatur praesentium atque animi amet ratione"
}

15:43:07.490 [main] INFO  com.intuit.karate - karate.env system property was: null 
15:43:07.491 [main] INFO  com.intuit.karate - Loaded API Key: free_user_3DvGOP3388gqq71IAt6bHhQ6DDZ 
15:43:07.493 [main] DEBUG com.intuit.karate - request:
1 > GET https://jsonplaceholder.typicode.com/posts/86
1 > Host: jsonplaceholder.typicode.com
1 > Connection: Keep-Alive
1 > User-Agent: Apache-HttpClient/4.5.14 (Java/17.0.9)
1 > Accept-Encoding: gzip,deflate


15:43:08.663 [main] DEBUG com.intuit.karate - response time in milliseconds: 1169
1 < 200
1 < Date: Mon, 25 May 2026 10:13:08 GMT
1 < Content-Type: application/json; charset=utf-8
1 < Transfer-Encoding: chunked
1 < Connection: keep-alive
1 < access-control-allow-credentials: true
1 < Cache-Control: max-age=43200
1 < etag: W/"102-z1kgT9P52YzKL5Lr1auwY9AtvAY"
1 < expires: -1
1 < nel: {"report_to":"heroku-nel","response_headers":["Via"],"max_age":3600,"success_fraction":0.01,"failure_fraction":0.1}
1 < pragma: no-cache
1 < report-to: {"group":"heroku-nel","endpoints":[{"url":"https://nel.heroku.com/reports?s=3bVin7AFxgYMQGoBwFv%2FIs3%2BPA4YF19ugJkVleeh3SU%3D\u0026sid=e11707d5-02a7-43ef-b45e-2cf4d2036f7d\u0026ts=1779357460"}],"max_age":3600}
1 < reporting-endpoints: heroku-nel="https://nel.heroku.com/reports?s=3bVin7AFxgYMQGoBwFv%2FIs3%2BPA4YF19ugJkVleeh3SU%3D&sid=e11707d5-02a7-43ef-b45e-2cf4d2036f7d&ts=1779357460"
1 < Server: cloudflare
1 < vary: Origin, Accept-Encoding
1 < via: 2.0 heroku-router
1 < x-content-type-options: nosniff
1 < x-powered-by: Express
1 < x-ratelimit-limit: 1000
1 < x-ratelimit-remaining: 941
1 < x-ratelimit-reset: 1779357495
1 < Server-Timing: cfCacheStatus;desc="REVALIDATED"
1 < Server-Timing: cfEdge;dur=10,cfOrigin;dur=327
1 < cf-cache-status: REVALIDATED
1 < CF-RAY: a013c405cbce2ee9-MRS
1 < alt-svc: h3=":443"; ma=86400
{
  "userId": 9,
  "id": 86,
  "title": "placeat quia et porro iste",
  "body": "quasi excepturi consequatur iste autem temporibus sed molestiae beatae\net quaerat et esse ut\nvoluptatem occaecati et vel explicabo autem\nasperiores pariatur deserunt optio"
}

15:43:08.667 [main] INFO  com.intuit.karate - karate.env system property was: null 
15:43:08.668 [main] INFO  com.intuit.karate - Loaded API Key: free_user_3DvGOP3388gqq71IAt6bHhQ6DDZ 
15:43:08.669 [main] DEBUG com.intuit.karate - request:
1 > GET https://jsonplaceholder.typicode.com/posts/87
1 > Host: jsonplaceholder.typicode.com
1 > Connection: Keep-Alive
1 > User-Agent: Apache-HttpClient/4.5.14 (Java/17.0.9)
1 > Accept-Encoding: gzip,deflate


15:43:10.115 [main] DEBUG com.intuit.karate - response time in milliseconds: 1210
1 < 200
1 < Date: Mon, 25 May 2026 10:13:09 GMT
1 < Content-Type: application/json; charset=utf-8
1 < Transfer-Encoding: chunked
1 < Connection: keep-alive
1 < access-control-allow-credentials: true
1 < Cache-Control: max-age=43200
1 < etag: W/"c1-StXbFLxw6d815/mITyDVkJUK2xI"
1 < expires: -1
1 < nel: {"report_to":"heroku-nel","response_headers":["Via"],"max_age":3600,"success_fraction":0.01,"failure_fraction":0.1}
1 < pragma: no-cache
1 < report-to: {"group":"heroku-nel","endpoints":[{"url":"https://nel.heroku.com/reports?s=94hhhygWiQSuWdfS2G10QeY5c7y895ukmu14qEp43lQ%3D\u0026sid=e11707d5-02a7-43ef-b45e-2cf4d2036f7d\u0026ts=1779703989"}],"max_age":3600}
1 < reporting-endpoints: heroku-nel="https://nel.heroku.com/reports?s=94hhhygWiQSuWdfS2G10QeY5c7y895ukmu14qEp43lQ%3D&sid=e11707d5-02a7-43ef-b45e-2cf4d2036f7d&ts=1779703989"
1 < Server: cloudflare
1 < vary: Origin, Accept-Encoding
1 < via: 2.0 heroku-router
1 < x-content-type-options: nosniff
1 < x-powered-by: Express
1 < x-ratelimit-limit: 1000
1 < x-ratelimit-remaining: 957
1 < x-ratelimit-reset: 1779703990
1 < Server-Timing: cfCacheStatus;desc="MISS"
1 < Server-Timing: cfEdge;dur=22,cfOrigin;dur=328
1 < cf-cache-status: MISS
1 < CF-RAY: a013c40cc834e21e-MRS
1 < alt-svc: h3=":443"; ma=86400
{
  "userId": 9,
  "id": 87,
  "title": "nostrum quis quasi placeat",
  "body": "eos et molestiae\nnesciunt ut a\ndolores perspiciatis repellendus repellat aliquid\nmagnam sint rem ipsum est"
}

15:43:10.118 [main] INFO  com.intuit.karate - karate.env system property was: null 
15:43:10.119 [main] INFO  com.intuit.karate - Loaded API Key: free_user_3DvGOP3388gqq71IAt6bHhQ6DDZ 
15:43:10.120 [main] DEBUG com.intuit.karate - request:
1 > GET https://jsonplaceholder.typicode.com/posts/88
1 > Host: jsonplaceholder.typicode.com
1 > Connection: Keep-Alive
1 > User-Agent: Apache-HttpClient/4.5.14 (Java/17.0.9)
1 > Accept-Encoding: gzip,deflate


15:43:13.116 [main] DEBUG com.intuit.karate - response time in milliseconds: 2994
1 < 200
1 < Date: Mon, 25 May 2026 10:13:13 GMT
1 < Content-Type: application/json; charset=utf-8
1 < Transfer-Encoding: chunked
1 < Connection: keep-alive
1 < access-control-allow-credentials: true
1 < Cache-Control: max-age=43200
1 < etag: W/"bf-99RNmrovk8IKMxPgFxxzF7hL4oc"
1 < expires: -1
1 < nel: {"report_to":"heroku-nel","response_headers":["Via"],"max_age":3600,"success_fraction":0.01,"failure_fraction":0.1}
1 < pragma: no-cache
1 < report-to: {"group":"heroku-nel","endpoints":[{"url":"https://nel.heroku.com/reports?s=TmBC7PCQS%2BvpQJpf4WhNUdA4XtX0wPsPUMaIKcHdumc%3D\u0026sid=e11707d5-02a7-43ef-b45e-2cf4d2036f7d\u0026ts=1779703993"}],"max_age":3600}
1 < reporting-endpoints: heroku-nel="https://nel.heroku.com/reports?s=TmBC7PCQS%2BvpQJpf4WhNUdA4XtX0wPsPUMaIKcHdumc%3D&sid=e11707d5-02a7-43ef-b45e-2cf4d2036f7d&ts=1779703993"
1 < Server: cloudflare
1 < vary: Origin, Accept-Encoding
1 < via: 2.0 heroku-router
1 < x-content-type-options: nosniff
1 < x-powered-by: Express
1 < x-ratelimit-limit: 1000
1 < x-ratelimit-remaining: 999
1 < x-ratelimit-reset: 1779704050
1 < Server-Timing: cfCacheStatus;desc="MISS"
1 < Server-Timing: cfEdge;dur=6,cfOrigin;dur=328
1 < cf-cache-status: MISS
1 < CF-RAY: a013c422c9a588ed-MRS
1 < alt-svc: h3=":443"; ma=86400
{
  "userId": 9,
  "id": 88,
  "title": "sapiente omnis fugit eos",
  "body": "consequatur omnis est praesentium\nducimus non iste\nneque hic deserunt\nvoluptatibus veniam cum et rerum sed"
}

15:43:13.123 [main] INFO  com.intuit.karate - karate.env system property was: null 
15:43:13.125 [main] INFO  com.intuit.karate - Loaded API Key: free_user_3DvGOP3388gqq71IAt6bHhQ6DDZ 
15:43:13.127 [main] DEBUG com.intuit.karate - request:
1 > GET https://jsonplaceholder.typicode.com/posts/89
1 > Host: jsonplaceholder.typicode.com
1 > Connection: Keep-Alive
1 > User-Agent: Apache-HttpClient/4.5.14 (Java/17.0.9)
1 > Accept-Encoding: gzip,deflate


15:43:15.003 [main] DEBUG com.intuit.karate - response time in milliseconds: 1876
1 < 200
1 < Date: Mon, 25 May 2026 10:13:15 GMT
1 < Content-Type: application/json; charset=utf-8
1 < Transfer-Encoding: chunked
1 < Connection: keep-alive
1 < access-control-allow-credentials: true
1 < Cache-Control: max-age=43200
1 < etag: W/"fd-AJIAh/kcPdTbwy1rCjIlUhHPTtE"
1 < expires: -1
1 < nel: {"report_to":"heroku-nel","response_headers":["Via"],"max_age":3600,"success_fraction":0.01,"failure_fraction":0.1}
1 < pragma: no-cache
1 < report-to: {"group":"heroku-nel","endpoints":[{"url":"https://nel.heroku.com/reports?s=qxRUv71FerH7lkXVFSB21R0mvXaouTIND0Sn%2FXAJ0TY%3D\u0026sid=e11707d5-02a7-43ef-b45e-2cf4d2036f7d\u0026ts=1778934172"}],"max_age":3600}
1 < reporting-endpoints: heroku-nel="https://nel.heroku.com/reports?s=qxRUv71FerH7lkXVFSB21R0mvXaouTIND0Sn%2FXAJ0TY%3D&sid=e11707d5-02a7-43ef-b45e-2cf4d2036f7d&ts=1778934172"
1 < Server: cloudflare
1 < vary: Origin, Accept-Encoding
1 < via: 2.0 heroku-router
1 < x-content-type-options: nosniff
1 < x-powered-by: Express
1 < x-ratelimit-limit: 1000
1 < x-ratelimit-remaining: 997
1 < x-ratelimit-reset: 1778934217
1 < Server-Timing: cfCacheStatus;desc="REVALIDATED"
1 < Server-Timing: cfEdge;dur=10,cfOrigin;dur=356
1 < cf-cache-status: REVALIDATED
1 < CF-RAY: a013c42ebebf49c4-MRS
1 < alt-svc: h3=":443"; ma=86400
{
  "userId": 9,
  "id": 89,
  "title": "sint soluta et vel magnam aut ut sed qui",
  "body": "repellat aut aperiam totam temporibus autem et\narchitecto magnam ut\nconsequatur qui cupiditate rerum quia soluta dignissimos nihil iure\ntempore quas est"
}

15:43:15.007 [main] INFO  com.intuit.karate - karate.env system property was: null 
15:43:15.008 [main] INFO  com.intuit.karate - Loaded API Key: free_user_3DvGOP3388gqq71IAt6bHhQ6DDZ 
15:43:15.010 [main] DEBUG com.intuit.karate - request:
1 > GET https://jsonplaceholder.typicode.com/posts/90
1 > Host: jsonplaceholder.typicode.com
1 > Connection: Keep-Alive
1 > User-Agent: Apache-HttpClient/4.5.14 (Java/17.0.9)
1 > Accept-Encoding: gzip,deflate


15:43:15.649 [main] DEBUG com.intuit.karate - response time in milliseconds: 639
1 < 200
1 < Date: Mon, 25 May 2026 10:13:15 GMT
1 < Content-Type: application/json; charset=utf-8
1 < Transfer-Encoding: chunked
1 < Connection: keep-alive
1 < access-control-allow-credentials: true
1 < Cache-Control: max-age=43200
1 < etag: W/"fa-J+W5iw5qyzTS6afRH4pq7cvG7wg"
1 < expires: -1
1 < nel: {"report_to":"heroku-nel","response_headers":["Via"],"max_age":3600,"success_fraction":0.01,"failure_fraction":0.1}
1 < pragma: no-cache
1 < report-to: {"group":"heroku-nel","endpoints":[{"url":"https://nel.heroku.com/reports?s=GgbxzdhGviUtCeX0VWx8RSnAMQ06IIpGpVI3oNXCbtQ%3D\u0026sid=e11707d5-02a7-43ef-b45e-2cf4d2036f7d\u0026ts=1779358454"}],"max_age":3600}
1 < reporting-endpoints: heroku-nel="https://nel.heroku.com/reports?s=GgbxzdhGviUtCeX0VWx8RSnAMQ06IIpGpVI3oNXCbtQ%3D&sid=e11707d5-02a7-43ef-b45e-2cf4d2036f7d&ts=1779358454"
1 < Server: cloudflare
1 < vary: Origin, Accept-Encoding
1 < via: 2.0 heroku-router
1 < x-content-type-options: nosniff
1 < x-powered-by: Express
1 < x-ratelimit-limit: 1000
1 < x-ratelimit-remaining: 959
1 < x-ratelimit-reset: 1779358455
1 < Age: 18658
1 < Server-Timing: cfCacheStatus;desc="HIT"
1 < Server-Timing: cfEdge;dur=6,cfOrigin;dur=0
1 < cf-cache-status: HIT
1 < CF-RAY: a013c4349c87658b-MRS
1 < alt-svc: h3=":443"; ma=86400
{
  "userId": 9,
  "id": 90,
  "title": "ad iusto omnis odit dolor voluptatibus",
  "body": "minus omnis soluta quia\nqui sed adipisci voluptates illum ipsam voluptatem\neligendi officia ut in\neos soluta similique molestias praesentium blanditiis"
}

15:43:15.652 [main] INFO  com.intuit.karate - karate.env system property was: null 
15:43:15.654 [main] INFO  com.intuit.karate - Loaded API Key: free_user_3DvGOP3388gqq71IAt6bHhQ6DDZ 
15:43:15.656 [main] DEBUG com.intuit.karate - request:
1 > GET https://jsonplaceholder.typicode.com/posts/91
1 > Host: jsonplaceholder.typicode.com
1 > Connection: Keep-Alive
1 > User-Agent: Apache-HttpClient/4.5.14 (Java/17.0.9)
1 > Accept-Encoding: gzip,deflate


15:43:16.359 [main] DEBUG com.intuit.karate - response time in milliseconds: 702
1 < 200
1 < Date: Mon, 25 May 2026 10:13:16 GMT
1 < Content-Type: application/json; charset=utf-8
1 < Transfer-Encoding: chunked
1 < Connection: keep-alive
1 < access-control-allow-credentials: true
1 < Cache-Control: max-age=43200
1 < etag: W/"e5-l9aQa2/gJFY5FFG1O9x9F+UJRfA"
1 < expires: -1
1 < nel: {"report_to":"heroku-nel","response_headers":["Via"],"max_age":3600,"success_fraction":0.01,"failure_fraction":0.1}
1 < pragma: no-cache
1 < report-to: {"group":"heroku-nel","endpoints":[{"url":"https://nel.heroku.com/reports?s=%2BKGmXXva0wsUJoK%2BMWFmaH9aJ6gkmyTdFGouxbXSF0Q%3D\u0026sid=e11707d5-02a7-43ef-b45e-2cf4d2036f7d\u0026ts=1779128853"}],"max_age":3600}
1 < reporting-endpoints: heroku-nel="https://nel.heroku.com/reports?s=%2BKGmXXva0wsUJoK%2BMWFmaH9aJ6gkmyTdFGouxbXSF0Q%3D&sid=e11707d5-02a7-43ef-b45e-2cf4d2036f7d&ts=1779128853"
1 < Server: cloudflare
1 < vary: Origin, Accept-Encoding
1 < via: 2.0 heroku-router
1 < x-content-type-options: nosniff
1 < x-powered-by: Express
1 < x-ratelimit-limit: 1000
1 < x-ratelimit-remaining: 999
1 < x-ratelimit-reset: 1779128903
1 < Server-Timing: cfCacheStatus;desc="REVALIDATED"
1 < Server-Timing: cfEdge;dur=6,cfOrigin;dur=118
1 < cf-cache-status: REVALIDATED
1 < CF-RAY: a013c4388dc07894-MRS
1 < alt-svc: h3=":443"; ma=86400
{
  "userId": 10,
  "id": 91,
  "title": "aut amet sed",
  "body": "libero voluptate eveniet aperiam sed\nsunt placeat suscipit molestias\nsimilique fugit nam natus\nexpedita consequatur consequatur dolores quia eos et placeat"
}

15:43:16.363 [main] INFO  com.intuit.karate - karate.env system property was: null 
15:43:16.364 [main] INFO  com.intuit.karate - Loaded API Key: free_user_3DvGOP3388gqq71IAt6bHhQ6DDZ 
15:43:16.366 [main] DEBUG com.intuit.karate - request:
1 > GET https://jsonplaceholder.typicode.com/posts/92
1 > Host: jsonplaceholder.typicode.com
1 > Connection: Keep-Alive
1 > User-Agent: Apache-HttpClient/4.5.14 (Java/17.0.9)
1 > Accept-Encoding: gzip,deflate


15:43:17.159 [main] DEBUG com.intuit.karate - response time in milliseconds: 792
1 < 200
1 < Date: Mon, 25 May 2026 10:13:17 GMT
1 < Content-Type: application/json; charset=utf-8
1 < Transfer-Encoding: chunked
1 < Connection: keep-alive
1 < access-control-allow-credentials: true
1 < Cache-Control: max-age=43200
1 < etag: W/"e3-XfDSGc/SGdffvPSz0KEalY/lSfk"
1 < expires: -1
1 < nel: {"report_to":"heroku-nel","response_headers":["Via"],"max_age":3600,"success_fraction":0.01,"failure_fraction":0.1}
1 < pragma: no-cache
1 < report-to: {"group":"heroku-nel","endpoints":[{"url":"https://nel.heroku.com/reports?s=4Dy5HD56uBuk7EFi%2B1GYNNrRUFYvQlrPox5rl%2BkkdGk%3D\u0026sid=e11707d5-02a7-43ef-b45e-2cf4d2036f7d\u0026ts=1779357487"}],"max_age":3600}
1 < reporting-endpoints: heroku-nel="https://nel.heroku.com/reports?s=4Dy5HD56uBuk7EFi%2B1GYNNrRUFYvQlrPox5rl%2BkkdGk%3D&sid=e11707d5-02a7-43ef-b45e-2cf4d2036f7d&ts=1779357487"
1 < Server: cloudflare
1 < vary: Origin, Accept-Encoding
1 < via: 2.0 heroku-router
1 < x-content-type-options: nosniff
1 < x-powered-by: Express
1 < x-ratelimit-limit: 1000
1 < x-ratelimit-remaining: 853
1 < x-ratelimit-reset: 1779357495
1 < Server-Timing: cfCacheStatus;desc="REVALIDATED"
1 < Server-Timing: cfEdge;dur=22,cfOrigin;dur=349
1 < cf-cache-status: REVALIDATED
1 < CF-RAY: a013c43c6fc4e183-MRS
1 < alt-svc: h3=":443"; ma=86400
{
  "userId": 10,
  "id": 92,
  "title": "ratione ex tenetur perferendis",
  "body": "aut et excepturi dicta laudantium sint rerum nihil\nlaudantium et at\na neque minima officia et similique libero et\ncommodi voluptate qui"
}

15:43:17.161 [main] INFO  com.intuit.karate - karate.env system property was: null 
15:43:17.163 [main] INFO  com.intuit.karate - Loaded API Key: free_user_3DvGOP3388gqq71IAt6bHhQ6DDZ 
15:43:17.165 [main] DEBUG com.intuit.karate - request:
1 > GET https://jsonplaceholder.typicode.com/posts/93
1 > Host: jsonplaceholder.typicode.com
1 > Connection: Keep-Alive
1 > User-Agent: Apache-HttpClient/4.5.14 (Java/17.0.9)
1 > Accept-Encoding: gzip,deflate


15:43:19.018 [main] DEBUG com.intuit.karate - response time in milliseconds: 1852
1 < 200
1 < Date: Mon, 25 May 2026 10:13:19 GMT
1 < Content-Type: application/json; charset=utf-8
1 < Transfer-Encoding: chunked
1 < Connection: keep-alive
1 < access-control-allow-credentials: true
1 < Cache-Control: max-age=43200
1 < etag: W/"107-ePXZ2FoBjuryDSZ4+6vLe92vrBs"
1 < expires: -1
1 < nel: {"report_to":"heroku-nel","response_headers":["Via"],"max_age":3600,"success_fraction":0.01,"failure_fraction":0.1}
1 < pragma: no-cache
1 < report-to: {"group":"heroku-nel","endpoints":[{"url":"https://nel.heroku.com/reports?s=lg3M6kcj818BQI6M15OIJMAC7x1fzXzRUNww%2BZbgfIo%3D\u0026sid=e11707d5-02a7-43ef-b45e-2cf4d2036f7d\u0026ts=1779703998"}],"max_age":3600}
1 < reporting-endpoints: heroku-nel="https://nel.heroku.com/reports?s=lg3M6kcj818BQI6M15OIJMAC7x1fzXzRUNww%2BZbgfIo%3D&sid=e11707d5-02a7-43ef-b45e-2cf4d2036f7d&ts=1779703998"
1 < Server: cloudflare
1 < vary: Origin, Accept-Encoding
1 < via: 2.0 heroku-router
1 < x-content-type-options: nosniff
1 < x-powered-by: Express
1 < x-ratelimit-limit: 1000
1 < x-ratelimit-remaining: 995
1 < x-ratelimit-reset: 1779704050
1 < Server-Timing: cfCacheStatus;desc="MISS"
1 < Server-Timing: cfEdge;dur=10,cfOrigin;dur=305
1 < cf-cache-status: MISS
1 < CF-RAY: a013c447c8deac32-MRS
1 < alt-svc: h3=":443"; ma=86400
{
  "userId": 10,
  "id": 93,
  "title": "beatae soluta recusandae",
  "body": "dolorem quibusdam ducimus consequuntur dicta aut quo laboriosam\nvoluptatem quis enim recusandae ut sed sunt\nnostrum est odit totam\nsit error sed sunt eveniet provident qui nulla"
}

15:43:19.022 [main] INFO  com.intuit.karate - karate.env system property was: null 
15:43:19.023 [main] INFO  com.intuit.karate - Loaded API Key: free_user_3DvGOP3388gqq71IAt6bHhQ6DDZ 
15:43:19.024 [main] DEBUG com.intuit.karate - request:
1 > GET https://jsonplaceholder.typicode.com/posts/94
1 > Host: jsonplaceholder.typicode.com
1 > Connection: Keep-Alive
1 > User-Agent: Apache-HttpClient/4.5.14 (Java/17.0.9)
1 > Accept-Encoding: gzip,deflate


15:43:19.821 [main] DEBUG com.intuit.karate - response time in milliseconds: 797
1 < 200
1 < Date: Mon, 25 May 2026 10:13:19 GMT
1 < Content-Type: application/json; charset=utf-8
1 < Transfer-Encoding: chunked
1 < Connection: keep-alive
1 < access-control-allow-credentials: true
1 < Cache-Control: max-age=43200
1 < etag: W/"108-YgH61+NkjOflAIB5ysSTcOx0QTQ"
1 < expires: -1
1 < nel: {"report_to":"heroku-nel","response_headers":["Via"],"max_age":3600,"success_fraction":0.01,"failure_fraction":0.1}
1 < pragma: no-cache
1 < report-to: {"group":"heroku-nel","endpoints":[{"url":"https://nel.heroku.com/reports?s=3oQH3pHIELf4dkjhm7DOfxQBx%2BqNch7yOJMObo9Ykqk%3D\u0026sid=e11707d5-02a7-43ef-b45e-2cf4d2036f7d\u0026ts=1779703999"}],"max_age":3600}
1 < reporting-endpoints: heroku-nel="https://nel.heroku.com/reports?s=3oQH3pHIELf4dkjhm7DOfxQBx%2BqNch7yOJMObo9Ykqk%3D&sid=e11707d5-02a7-43ef-b45e-2cf4d2036f7d&ts=1779703999"
1 < Server: cloudflare
1 < vary: Origin, Accept-Encoding
1 < via: 2.0 heroku-router
1 < x-content-type-options: nosniff
1 < x-powered-by: Express
1 < x-ratelimit-limit: 1000
1 < x-ratelimit-remaining: 994
1 < x-ratelimit-reset: 1779704050
1 < Server-Timing: cfCacheStatus;desc="MISS"
1 < Server-Timing: cfEdge;dur=8,cfOrigin;dur=343
1 < cf-cache-status: MISS
1 < CF-RAY: a013c44d2d71f7ba-MRS
1 < alt-svc: h3=":443"; ma=86400
{
  "userId": 10,
  "id": 94,
  "title": "qui qui voluptates illo iste minima",
  "body": "aspernatur expedita soluta quo ab ut similique\nexpedita dolores amet\nsed temporibus distinctio magnam saepe deleniti\nomnis facilis nam ipsum natus sint similique omnis"
}

15:43:19.825 [main] INFO  com.intuit.karate - karate.env system property was: null 
15:43:19.826 [main] INFO  com.intuit.karate - Loaded API Key: free_user_3DvGOP3388gqq71IAt6bHhQ6DDZ 
15:43:19.828 [main] DEBUG com.intuit.karate - request:
1 > GET https://jsonplaceholder.typicode.com/posts/95
1 > Host: jsonplaceholder.typicode.com
1 > Connection: Keep-Alive
1 > User-Agent: Apache-HttpClient/4.5.14 (Java/17.0.9)
1 > Accept-Encoding: gzip,deflate


15:43:20.797 [main] DEBUG com.intuit.karate - response time in milliseconds: 968
1 < 200
1 < Date: Mon, 25 May 2026 10:13:20 GMT
1 < Content-Type: application/json; charset=utf-8
1 < Transfer-Encoding: chunked
1 < Connection: keep-alive
1 < access-control-allow-credentials: true
1 < Cache-Control: max-age=43200
1 < etag: W/"126-rrdOZSpMvdZiiYyTLDi2rkLG/Vw"
1 < expires: -1
1 < nel: {"report_to":"heroku-nel","response_headers":["Via"],"max_age":3600,"success_fraction":0.01,"failure_fraction":0.1}
1 < pragma: no-cache
1 < report-to: {"group":"heroku-nel","endpoints":[{"url":"https://nel.heroku.com/reports?s=REL%2BD36039QLDEI0X8B1U9MhhLKhSB%2BOYS2lD1a%2FG6I%3D\u0026sid=e11707d5-02a7-43ef-b45e-2cf4d2036f7d\u0026ts=1779704000"}],"max_age":3600}
1 < reporting-endpoints: heroku-nel="https://nel.heroku.com/reports?s=REL%2BD36039QLDEI0X8B1U9MhhLKhSB%2BOYS2lD1a%2FG6I%3D&sid=e11707d5-02a7-43ef-b45e-2cf4d2036f7d&ts=1779704000"
1 < Server: cloudflare
1 < vary: Origin, Accept-Encoding
1 < via: 2.0 heroku-router
1 < x-content-type-options: nosniff
1 < x-powered-by: Express
1 < x-ratelimit-limit: 1000
1 < x-ratelimit-remaining: 993
1 < x-ratelimit-reset: 1779704050
1 < Server-Timing: cfCacheStatus;desc="MISS"
1 < Server-Timing: cfEdge;dur=10,cfOrigin;dur=342
1 < cf-cache-status: MISS
1 < CF-RAY: a013c452cf5f6e65-MRS
1 < alt-svc: h3=":443"; ma=86400
{
  "userId": 10,
  "id": 95,
  "title": "id minus libero illum nam ad officiis",
  "body": "earum voluptatem facere provident blanditiis velit laboriosam\npariatur accusamus odio saepe\ncumque dolor qui a dicta ab doloribus consequatur omnis\ncorporis cupiditate eaque assumenda ad nesciunt"
}

15:43:20.800 [main] INFO  com.intuit.karate - karate.env system property was: null 
15:43:20.801 [main] INFO  com.intuit.karate - Loaded API Key: free_user_3DvGOP3388gqq71IAt6bHhQ6DDZ 
15:43:20.803 [main] DEBUG com.intuit.karate - request:
1 > GET https://jsonplaceholder.typicode.com/posts/96
1 > Host: jsonplaceholder.typicode.com
1 > Connection: Keep-Alive
1 > User-Agent: Apache-HttpClient/4.5.14 (Java/17.0.9)
1 > Accept-Encoding: gzip,deflate


15:43:21.634 [main] DEBUG com.intuit.karate - response time in milliseconds: 830
1 < 200
1 < Date: Mon, 25 May 2026 10:13:21 GMT
1 < Content-Type: application/json; charset=utf-8
1 < Transfer-Encoding: chunked
1 < Connection: keep-alive
1 < access-control-allow-credentials: true
1 < Cache-Control: max-age=43200
1 < etag: W/"f7-7coBGYTlaO8bCv0lNSqoAlkoszE"
1 < expires: -1
1 < nel: {"report_to":"heroku-nel","response_headers":["Via"],"max_age":3600,"success_fraction":0.01,"failure_fraction":0.1}
1 < pragma: no-cache
1 < report-to: {"group":"heroku-nel","endpoints":[{"url":"https://nel.heroku.com/reports?s=j%2FWesB%2FD9xHpOr0Dj%2B9FcrJ344T1Ug7vOQoFoAVH02A%3D\u0026sid=e11707d5-02a7-43ef-b45e-2cf4d2036f7d\u0026ts=1779704001"}],"max_age":3600}
1 < reporting-endpoints: heroku-nel="https://nel.heroku.com/reports?s=j%2FWesB%2FD9xHpOr0Dj%2B9FcrJ344T1Ug7vOQoFoAVH02A%3D&sid=e11707d5-02a7-43ef-b45e-2cf4d2036f7d&ts=1779704001"
1 < Server: cloudflare
1 < vary: Origin, Accept-Encoding
1 < via: 2.0 heroku-router
1 < x-content-type-options: nosniff
1 < x-powered-by: Express
1 < x-ratelimit-limit: 1000
1 < x-ratelimit-remaining: 992
1 < x-ratelimit-reset: 1779704050
1 < Server-Timing: cfCacheStatus;desc="MISS"
1 < Server-Timing: cfEdge;dur=21,cfOrigin;dur=328
1 < cf-cache-status: MISS
1 < CF-RAY: a013c4581a7de22d-MRS
1 < alt-svc: h3=":443"; ma=86400
{
  "userId": 10,
  "id": 96,
  "title": "quaerat velit veniam amet cupiditate aut numquam ut sequi",
  "body": "in non odio excepturi sint eum\nlabore voluptates vitae quia qui et\ninventore itaque rerum\nveniam non exercitationem delectus aut"
}

15:43:21.638 [main] INFO  com.intuit.karate - karate.env system property was: null 
15:43:21.639 [main] INFO  com.intuit.karate - Loaded API Key: free_user_3DvGOP3388gqq71IAt6bHhQ6DDZ 
15:43:21.641 [main] DEBUG com.intuit.karate - request:
1 > GET https://jsonplaceholder.typicode.com/posts/97
1 > Host: jsonplaceholder.typicode.com
1 > Connection: Keep-Alive
1 > User-Agent: Apache-HttpClient/4.5.14 (Java/17.0.9)
1 > Accept-Encoding: gzip,deflate


15:43:22.342 [main] DEBUG com.intuit.karate - response time in milliseconds: 701
1 < 200
1 < Date: Mon, 25 May 2026 10:13:22 GMT
1 < Content-Type: application/json; charset=utf-8
1 < Transfer-Encoding: chunked
1 < Connection: keep-alive
1 < access-control-allow-credentials: true
1 < Cache-Control: max-age=43200
1 < etag: W/"13f-OIy2AGGq8mYJVydBUqG+k5NoCF4"
1 < expires: -1
1 < nel: {"report_to":"heroku-nel","response_headers":["Via"],"max_age":3600,"success_fraction":0.01,"failure_fraction":0.1}
1 < pragma: no-cache
1 < report-to: {"group":"heroku-nel","endpoints":[{"url":"https://nel.heroku.com/reports?s=%2B5BW5wtGlTgOWrGK6bmF4ZauB48SNAvotB%2Fw9P7AOoc%3D\u0026sid=e11707d5-02a7-43ef-b45e-2cf4d2036f7d\u0026ts=1779352837"}],"max_age":3600}
1 < reporting-endpoints: heroku-nel="https://nel.heroku.com/reports?s=%2B5BW5wtGlTgOWrGK6bmF4ZauB48SNAvotB%2Fw9P7AOoc%3D&sid=e11707d5-02a7-43ef-b45e-2cf4d2036f7d&ts=1779352837"
1 < Server: cloudflare
1 < vary: Origin, Accept-Encoding
1 < via: 2.0 heroku-router
1 < x-content-type-options: nosniff
1 < x-powered-by: Express
1 < x-ratelimit-limit: 1000
1 < x-ratelimit-remaining: 997
1 < x-ratelimit-reset: 1779352875
1 < Server-Timing: cfCacheStatus;desc="REVALIDATED"
1 < Server-Timing: cfEdge;dur=6,cfOrigin;dur=115
1 < cf-cache-status: REVALIDATED
1 < CF-RAY: a013c45dcb02c1fb-MRS
1 < alt-svc: h3=":443"; ma=86400
{
  "userId": 10,
  "id": 97,
  "title": "quas fugiat ut perspiciatis vero provident",
  "body": "eum non blanditiis soluta porro quibusdam voluptas\nvel voluptatem qui placeat dolores qui velit aut\nvel inventore aut cumque culpa explicabo aliquid at\nperspiciatis est et voluptatem dignissimos dolor itaque sit nam"
}

15:43:22.347 [main] INFO  com.intuit.karate - karate.env system property was: null 
15:43:22.348 [main] INFO  com.intuit.karate - Loaded API Key: free_user_3DvGOP3388gqq71IAt6bHhQ6DDZ 
15:43:22.349 [main] DEBUG com.intuit.karate - request:
1 > GET https://jsonplaceholder.typicode.com/posts/98
1 > Host: jsonplaceholder.typicode.com
1 > Connection: Keep-Alive
1 > User-Agent: Apache-HttpClient/4.5.14 (Java/17.0.9)
1 > Accept-Encoding: gzip,deflate


15:43:24.390 [main] DEBUG com.intuit.karate - response time in milliseconds: 2040
1 < 200
1 < Date: Mon, 25 May 2026 10:13:24 GMT
1 < Content-Type: application/json; charset=utf-8
1 < Transfer-Encoding: chunked
1 < Connection: keep-alive
1 < access-control-allow-credentials: true
1 < Cache-Control: max-age=43200
1 < etag: W/"d1-AdCHAQW37rE37t8vXTeQZeKV7Cg"
1 < expires: -1
1 < nel: {"report_to":"heroku-nel","response_headers":["Via"],"max_age":3600,"success_fraction":0.01,"failure_fraction":0.1}
1 < pragma: no-cache
1 < report-to: {"group":"heroku-nel","endpoints":[{"url":"https://nel.heroku.com/reports?s=BLcetUbnNDZJEAPhtlRr6NbE2Lx1oc2%2BDheQCUHlDLc%3D\u0026sid=e11707d5-02a7-43ef-b45e-2cf4d2036f7d\u0026ts=1779704004"}],"max_age":3600}
1 < reporting-endpoints: heroku-nel="https://nel.heroku.com/reports?s=BLcetUbnNDZJEAPhtlRr6NbE2Lx1oc2%2BDheQCUHlDLc%3D&sid=e11707d5-02a7-43ef-b45e-2cf4d2036f7d&ts=1779704004"
1 < Server: cloudflare
1 < vary: Origin, Accept-Encoding
1 < via: 2.0 heroku-router
1 < x-content-type-options: nosniff
1 < x-powered-by: Express
1 < x-ratelimit-limit: 1000
1 < x-ratelimit-remaining: 990
1 < x-ratelimit-reset: 1779704050
1 < Server-Timing: cfCacheStatus;desc="MISS"
1 < Server-Timing: cfEdge;dur=4,cfOrigin;dur=114
1 < cf-cache-status: MISS
1 < CF-RAY: a013c468cf55e1dc-MRS
1 < alt-svc: h3=":443"; ma=86400
{
  "userId": 10,
  "id": 98,
  "title": "laboriosam dolor voluptates",
  "body": "doloremque ex facilis sit sint culpa\nsoluta assumenda eligendi non ut eius\nsequi ducimus vel quasi\nveritatis est dolores"
}

15:43:24.395 [main] INFO  com.intuit.karate - karate.env system property was: null 
15:43:24.396 [main] INFO  com.intuit.karate - Loaded API Key: free_user_3DvGOP3388gqq71IAt6bHhQ6DDZ 
15:43:24.399 [main] DEBUG com.intuit.karate - request:
1 > GET https://jsonplaceholder.typicode.com/posts/99
1 > Host: jsonplaceholder.typicode.com
1 > Connection: Keep-Alive
1 > User-Agent: Apache-HttpClient/4.5.14 (Java/17.0.9)
1 > Accept-Encoding: gzip,deflate


15:43:27.585 [main] DEBUG com.intuit.karate - response time in milliseconds: 3185
1 < 200
1 < Date: Mon, 25 May 2026 10:13:27 GMT
1 < Content-Type: application/json; charset=utf-8
1 < Transfer-Encoding: chunked
1 < Connection: keep-alive
1 < access-control-allow-credentials: true
1 < Cache-Control: max-age=43200
1 < etag: W/"e0-aXopzb0YfAN1tmSD/RVNZPaEz8g"
1 < expires: -1
1 < nel: {"report_to":"heroku-nel","response_headers":["Via"],"max_age":3600,"success_fraction":0.01,"failure_fraction":0.1}
1 < pragma: no-cache
1 < report-to: {"group":"heroku-nel","endpoints":[{"url":"https://nel.heroku.com/reports?s=4ASxXdrhCFAkykia8JJ%2F8JFAqroDL296ShUm3NPEFXo%3D\u0026sid=e11707d5-02a7-43ef-b45e-2cf4d2036f7d\u0026ts=1779104233"}],"max_age":3600}
1 < reporting-endpoints: heroku-nel="https://nel.heroku.com/reports?s=4ASxXdrhCFAkykia8JJ%2F8JFAqroDL296ShUm3NPEFXo%3D&sid=e11707d5-02a7-43ef-b45e-2cf4d2036f7d&ts=1779104233"
1 < Server: cloudflare
1 < vary: Origin, Accept-Encoding
1 < via: 2.0 heroku-router
1 < x-content-type-options: nosniff
1 < x-powered-by: Express
1 < x-ratelimit-limit: 1000
1 < x-ratelimit-remaining: 999
1 < x-ratelimit-reset: 1779104243
1 < Server-Timing: cfCacheStatus;desc="REVALIDATED"
1 < Server-Timing: cfEdge;dur=7,cfOrigin;dur=326
1 < cf-cache-status: REVALIDATED
1 < CF-RAY: a013c47d6b46b97c-MRS
1 < alt-svc: h3=":443"; ma=86400
{
  "userId": 10,
  "id": 99,
  "title": "temporibus sit alias delectus eligendi possimus magni",
  "body": "quo deleniti praesentium dicta non quod\naut est molestias\nmolestias et officia quis nihil\nitaque dolorem quia"
}

15:43:27.589 [main] INFO  com.intuit.karate - karate.env system property was: null 
15:43:27.590 [main] INFO  com.intuit.karate - Loaded API Key: free_user_3DvGOP3388gqq71IAt6bHhQ6DDZ 
15:43:27.592 [main] DEBUG com.intuit.karate - request:
1 > GET https://jsonplaceholder.typicode.com/posts/100
1 > Host: jsonplaceholder.typicode.com
1 > Connection: Keep-Alive
1 > User-Agent: Apache-HttpClient/4.5.14 (Java/17.0.9)
1 > Accept-Encoding: gzip,deflate


15:43:28.238 [main] DEBUG com.intuit.karate - response time in milliseconds: 645
1 < 200
1 < Date: Mon, 25 May 2026 10:13:28 GMT
1 < Content-Type: application/json; charset=utf-8
1 < Transfer-Encoding: chunked
1 < Connection: keep-alive
1 < access-control-allow-credentials: true
1 < Cache-Control: max-age=43200
1 < etag: W/"f6-y8dGztR3vozPwBFMPtlocc+auJg"
1 < expires: -1
1 < nel: {"report_to":"heroku-nel","response_headers":["Via"],"max_age":3600,"success_fraction":0.01,"failure_fraction":0.1}
1 < pragma: no-cache
1 < report-to: {"group":"heroku-nel","endpoints":[{"url":"https://nel.heroku.com/reports?s=FJLDoiJaPOdHFLKNYVh%2B9453la56TwciD%2BRmrzBV%2BWo%3D\u0026sid=e11707d5-02a7-43ef-b45e-2cf4d2036f7d\u0026ts=1779388249"}],"max_age":3600}
1 < reporting-endpoints: heroku-nel="https://nel.heroku.com/reports?s=FJLDoiJaPOdHFLKNYVh%2B9453la56TwciD%2BRmrzBV%2BWo%3D&sid=e11707d5-02a7-43ef-b45e-2cf4d2036f7d&ts=1779388249"
1 < Server: cloudflare
1 < vary: Origin, Accept-Encoding
1 < via: 2.0 heroku-router
1 < x-content-type-options: nosniff
1 < x-powered-by: Express
1 < x-ratelimit-limit: 1000
1 < x-ratelimit-remaining: 999
1 < x-ratelimit-reset: 1779388276
1 < Age: 8917
1 < Server-Timing: cfCacheStatus;desc="HIT"
1 < Server-Timing: cfEdge;dur=5,cfOrigin;dur=0
1 < cf-cache-status: HIT
1 < CF-RAY: a013c4835d79cb4b-MRS
1 < alt-svc: h3=":443"; ma=86400
{
  "userId": 10,
  "id": 100,
  "title": "at nam consequatur ea labore ea harum",
  "body": "cupiditate quo est a modi nesciunt soluta\nipsa voluptas error itaque dicta in\nautem qui minus magnam et distinctio eum\naccusamus ratione error aut"
}

15:43:30.434 [main] INFO  com.intuit.karate.Suite - <<pass>> feature 1 of 1 (0 remaining) classpath:examples/features/assignment/readCsv.feature
15:58:40.633 [main] INFO  com.intuit.karate.Runner - using system property 'karate.options': classpath:examples/features/assignment/readCsv.feature
15:58:41.313 [main] ERROR c.intuit.karate.core.FeatureParser - not a valid feature file: examples/features/assignment/readCsv.feature - mismatched input 'r' expecting <EOF>
15:59:55.850 [main] INFO  com.intuit.karate.Runner - using system property 'karate.options': classpath:examples/features/assignment/readCsv.feature
15:59:56.632 [main] ERROR c.intuit.karate.core.FeatureParser - not a valid feature file: examples/features/assignment/readCsv.feature - mismatched input '{' expecting <EOF>
16:00:49.819 [main] INFO  com.intuit.karate.Runner - using system property 'karate.options': classpath:examples/features/assignment/readCsv.feature
16:00:50.670 [main] DEBUG com.intuit.karate.Suite - [config] classpath:karate-config.js
16:00:50.678 [main] INFO  com.intuit.karate.Suite - backed up existing 'target\karate-reports' dir to: target\karate-reports_1779705050673
16:00:52.187 [main] INFO  com.intuit.karate - karate.env system property was: null 
16:00:52.263 [main] INFO  com.intuit.karate - Loaded API Key: free_user_3DvGOP3388gqq71IAt6bHhQ6DDZ 
16:00:52.313 [main] INFO  com.intuit.karate - >> lock acquired, begin callonce: read('classpath:examples/features/assignment/assignment3.feature')
16:00:52.786 [main] DEBUG com.intuit.karate - request:
1 > GET https://jsonplaceholder.typicode.com/posts
1 > Host: jsonplaceholder.typicode.com
1 > Connection: Keep-Alive
1 > User-Agent: Apache-HttpClient/4.5.14 (Java/17.0.9)
1 > Accept-Encoding: gzip,deflate


16:00:53.309 [main] DEBUG com.intuit.karate - response time in milliseconds: 515
1 < 200
1 < Date: Mon, 25 May 2026 10:30:53 GMT
1 < Content-Type: application/json; charset=utf-8
1 < Transfer-Encoding: chunked
1 < Connection: keep-alive
1 < access-control-allow-credentials: true
1 < Cache-Control: max-age=43200
1 < etag: W/"6b80-Ybsq/K6GwwqrYkAsFxqDXGC7DoM"
1 < expires: -1
1 < nel: {"report_to":"heroku-nel","response_headers":["Via"],"max_age":3600,"success_fraction":0.01,"failure_fraction":0.1}
1 < pragma: no-cache
1 < report-to: {"group":"heroku-nel","endpoints":[{"url":"https://nel.heroku.com/reports?s=we0vdPpe67xwwqlCbLbiH%2BKwUs4%2BStH7ZR6a%2FU%2FB8W0%3D\u0026sid=e11707d5-02a7-43ef-b45e-2cf4d2036f7d\u0026ts=1779703838"}],"max_age":3600}
1 < reporting-endpoints: heroku-nel="https://nel.heroku.com/reports?s=we0vdPpe67xwwqlCbLbiH%2BKwUs4%2BStH7ZR6a%2FU%2FB8W0%3D&sid=e11707d5-02a7-43ef-b45e-2cf4d2036f7d&ts=1779703838"
1 < Server: cloudflare
1 < vary: Origin, Accept-Encoding
1 < via: 2.0 heroku-router
1 < x-content-type-options: nosniff
1 < x-powered-by: Express
1 < x-ratelimit-limit: 1000
1 < x-ratelimit-remaining: 999
1 < x-ratelimit-reset: 1779703870
1 < Age: 1214
1 < cf-cache-status: HIT
1 < Server-Timing: cfCacheStatus;desc="HIT"
1 < Server-Timing: cfEdge;dur=4,cfOrigin;dur=0
1 < CF-RAY: a013de079b1cce8a-SIN
1 < alt-svc: h3=":443"; ma=86400
[
  {
    "userId": 1,
    "id": 1,
    "title": "sunt aut facere repellat provident occaecati excepturi optio reprehenderit",
    "body": "quia et suscipit\nsuscipit recusandae consequuntur expedita et cum\nreprehenderit molestiae ut ut quas totam\nnostrum rerum est autem sunt rem eveniet architecto"
  },
  {
    "userId": 1,
    "id": 2,
    "title": "qui est esse",
    "body": "est rerum tempore vitae\nsequi sint nihil reprehenderit dolor beatae ea dolores neque\nfugiat blanditiis voluptate porro vel nihil molestiae ut reiciendis\nqui aperiam non debitis possimus qui neque nisi nulla"
  },
  {
    "userId": 1,
    "id": 3,
    "title": "ea molestias quasi exercitationem repellat qui ipsa sit aut",
    "body": "et iusto sed quo iure\nvoluptatem occaecati omnis eligendi aut ad\nvoluptatem doloribus vel accusantium quis pariatur\nmolestiae porro eius odio et labore et velit aut"
  },
  {
    "userId": 1,
    "id": 4,
    "title": "eum et est occaecati",
    "body": "ullam et saepe reiciendis voluptatem adipisci\nsit amet autem assumenda provident rerum culpa\nquis hic commodi nesciunt rem tenetur doloremque ipsam iure\nquis sunt voluptatem rerum illo velit"
  },
  {
    "userId": 1,
    "id": 5,
    "title": "nesciunt quas odio",
    "body": "repudiandae veniam quaerat sunt sed\nalias aut fugiat sit autem sed est\nvoluptatem omnis possimus esse voluptatibus quis\nest aut tenetur dolor neque"
  },
  {
    "userId": 1,
    "id": 6,
    "title": "dolorem eum magni eos aperiam quia",
    "body": "ut aspernatur corporis harum nihil quis provident sequi\nmollitia nobis aliquid molestiae\nperspiciatis et ea nemo ab reprehenderit accusantium quas\nvoluptate dolores velit et doloremque molestiae"
  },
  {
    "userId": 1,
    "id": 7,
    "title": "magnam facilis autem",
    "body": "dolore placeat quibusdam ea quo vitae\nmagni quis enim qui quis quo nemo aut saepe\nquidem repellat excepturi ut quia\nsunt ut sequi eos ea sed quas"
  },
  {
    "userId": 1,
    "id": 8,
    "title": "dolorem dolore est ipsam",
    "body": "dignissimos aperiam dolorem qui eum\nfacilis quibusdam animi sint suscipit qui sint possimus cum\nquaerat magni maiores excepturi\nipsam ut commodi dolor voluptatum modi aut vitae"
  },
  {
    "userId": 1,
    "id": 9,
    "title": "nesciunt iure omnis dolorem tempora et accusantium",
    "body": "consectetur animi nesciunt iure dolore\nenim quia ad\nveniam autem ut quam aut nobis\net est aut quod aut provident voluptas autem voluptas"
  },
  {
    "userId": 1,
    "id": 10,
    "title": "optio molestias id quia eum",
    "body": "quo et expedita modi cum officia vel magni\ndoloribus qui repudiandae\nvero nisi sit\nquos veniam quod sed accusamus veritatis error"
  },
  {
    "userId": 2,
    "id": 11,
    "title": "et ea vero quia laudantium autem",
    "body": "delectus reiciendis molestiae occaecati non minima eveniet qui voluptatibus\naccusamus in eum beatae sit\nvel qui neque voluptates ut commodi qui incidunt\nut animi commodi"
  },
  {
    "userId": 2,
    "id": 12,
    "title": "in quibusdam tempore odit est dolorem",
    "body": "itaque id aut magnam\npraesentium quia et ea odit et ea voluptas et\nsapiente quia nihil amet occaecati quia id voluptatem\nincidunt ea est distinctio odio"
  },
  {
    "userId": 2,
    "id": 13,
    "title": "dolorum ut in voluptas mollitia et saepe quo animi",
    "body": "aut dicta possimus sint mollitia voluptas commodi quo doloremque\niste corrupti reiciendis voluptatem eius rerum\nsit cumque quod eligendi laborum minima\nperferendis recusandae assumenda consectetur porro architecto ipsum ipsam"
  },
  {
    "userId": 2,
    "id": 14,
    "title": "voluptatem eligendi optio",
    "body": "fuga et accusamus dolorum perferendis illo voluptas\nnon doloremque neque facere\nad qui dolorum molestiae beatae\nsed aut voluptas totam sit illum"
  },
  {
    "userId": 2,
    "id": 15,
    "title": "eveniet quod temporibus",
    "body": "reprehenderit quos placeat\nvelit minima officia dolores impedit repudiandae molestiae nam\nvoluptas recusandae quis delectus\nofficiis harum fugiat vitae"
  },
  {
    "userId": 2,
    "id": 16,
    "title": "sint suscipit perspiciatis velit dolorum rerum ipsa laboriosam odio",
    "body": "suscipit nam nisi quo aperiam aut\nasperiores eos fugit maiores voluptatibus quia\nvoluptatem quis ullam qui in alias quia est\nconsequatur magni mollitia accusamus ea nisi voluptate dicta"
  },
  {
    "userId": 2,
    "id": 17,
    "title": "fugit voluptas sed molestias voluptatem provident",
    "body": "eos voluptas et aut odit natus earum\naspernatur fuga molestiae ullam\ndeserunt ratione qui eos\nqui nihil ratione nemo velit ut aut id quo"
  },
  {
    "userId": 2,
    "id": 18,
    "title": "voluptate et itaque vero tempora molestiae",
    "body": "eveniet quo quis\nlaborum totam consequatur non dolor\nut et est repudiandae\nest voluptatem vel debitis et magnam"
  },
  {
    "userId": 2,
    "id": 19,
    "title": "adipisci placeat illum aut reiciendis qui",
    "body": "illum quis cupiditate provident sit magnam\nea sed aut omnis\nveniam maiores ullam consequatur atque\nadipisci quo iste expedita sit quos voluptas"
  },
  {
    "userId": 2,
    "id": 20,
    "title": "doloribus ad provident suscipit at",
    "body": "qui consequuntur ducimus possimus quisquam amet similique\nsuscipit porro ipsam amet\neos veritatis officiis exercitationem vel fugit aut necessitatibus totam\nomnis rerum consequatur expedita quidem cumque explicabo"
  },
  {
    "userId": 3,
    "id": 21,
    "title": "asperiores ea ipsam voluptatibus modi minima quia sint",
    "body": "repellat aliquid praesentium dolorem quo\nsed totam minus non itaque\nnihil labore molestiae sunt dolor eveniet hic recusandae veniam\ntempora et tenetur expedita sunt"
  },
  {
    "userId": 3,
    "id": 22,
    "title": "dolor sint quo a velit explicabo quia nam",
    "body": "eos qui et ipsum ipsam suscipit aut\nsed omnis non odio\nexpedita earum mollitia molestiae aut atque rem suscipit\nnam impedit esse"
  },
  {
    "userId": 3,
    "id": 23,
    "title": "maxime id vitae nihil numquam",
    "body": "veritatis unde neque eligendi\nquae quod architecto quo neque vitae\nest illo sit tempora doloremque fugit quod\net et vel beatae sequi ullam sed tenetur perspiciatis"
  },
  {
    "userId": 3,
    "id": 24,
    "title": "autem hic labore sunt dolores incidunt",
    "body": "enim et ex nulla\nomnis voluptas quia qui\nvoluptatem consequatur numquam aliquam sunt\ntotam recusandae id dignissimos aut sed asperiores deserunt"
  },
  {
    "userId": 3,
    "id": 25,
    "title": "rem alias distinctio quo quis",
    "body": "ullam consequatur ut\nomnis quis sit vel consequuntur\nipsa eligendi ipsum molestiae et omnis error nostrum\nmolestiae illo tempore quia et distinctio"
  },
  {
    "userId": 3,
    "id": 26,
    "title": "est et quae odit qui non",
    "body": "similique esse doloribus nihil accusamus\nomnis dolorem fuga consequuntur reprehenderit fugit recusandae temporibus\nperspiciatis cum ut laudantium\nomnis aut molestiae vel vero"
  },
  {
    "userId": 3,
    "id": 27,
    "title": "quasi id et eos tenetur aut quo autem",
    "body": "eum sed dolores ipsam sint possimus debitis occaecati\ndebitis qui qui et\nut placeat enim earum aut odit facilis\nconsequatur suscipit necessitatibus rerum sed inventore temporibus consequatur"
  },
  {
    "userId": 3,
    "id": 28,
    "title": "delectus ullam et corporis nulla voluptas sequi",
    "body": "non et quaerat ex quae ad maiores\nmaiores recusandae totam aut blanditiis mollitia quas illo\nut voluptatibus voluptatem\nsimilique nostrum eum"
  },
  {
    "userId": 3,
    "id": 29,
    "title": "iusto eius quod necessitatibus culpa ea",
    "body": "odit magnam ut saepe sed non qui\ntempora atque nihil\naccusamus illum doloribus illo dolor\neligendi repudiandae odit magni similique sed cum maiores"
  },
  {
    "userId": 3,
    "id": 30,
    "title": "a quo magni similique perferendis",
    "body": "alias dolor cumque\nimpedit blanditiis non eveniet odio maxime\nblanditiis amet eius quis tempora quia autem rem\na provident perspiciatis quia"
  },
  {
    "userId": 4,
    "id": 31,
    "title": "ullam ut quidem id aut vel consequuntur",
    "body": "debitis eius sed quibusdam non quis consectetur vitae\nimpedit ut qui consequatur sed aut in\nquidem sit nostrum et maiores adipisci atque\nquaerat voluptatem adipisci repudiandae"
  },
  {
    "userId": 4,
    "id": 32,
    "title": "doloremque illum aliquid sunt",
    "body": "deserunt eos nobis asperiores et hic\nest debitis repellat molestiae optio\nnihil ratione ut eos beatae quibusdam distinctio maiores\nearum voluptates et aut adipisci ea maiores voluptas maxime"
  },
  {
    "userId": 4,
    "id": 33,
    "title": "qui explicabo molestiae dolorem",
    "body": "rerum ut et numquam laborum odit est sit\nid qui sint in\nquasi tenetur tempore aperiam et quaerat qui in\nrerum officiis sequi cumque quod"
  },
  {
    "userId": 4,
    "id": 34,
    "title": "magnam ut rerum iure",
    "body": "ea velit perferendis earum ut voluptatem voluptate itaque iusto\ntotam pariatur in\nnemo voluptatem voluptatem autem magni tempora minima in\nest distinctio qui assumenda accusamus dignissimos officia nesciunt nobis"
  },
  {
    "userId": 4,
    "id": 35,
    "title": "id nihil consequatur molestias animi provident",
    "body": "nisi error delectus possimus ut eligendi vitae\nplaceat eos harum cupiditate facilis reprehenderit voluptatem beatae\nmodi ducimus quo illum voluptas eligendi\net nobis quia fugit"
  },
  {
    "userId": 4,
    "id": 36,
    "title": "fuga nam accusamus voluptas reiciendis itaque",
    "body": "ad mollitia et omnis minus architecto odit\nvoluptas doloremque maxime aut non ipsa qui alias veniam\nblanditiis culpa aut quia nihil cumque facere et occaecati\nqui aspernatur quia eaque ut aperiam inventore"
  },
  {
    "userId": 4,
    "id": 37,
    "title": "provident vel ut sit ratione est",
    "body": "debitis et eaque non officia sed nesciunt pariatur vel\nvoluptatem iste vero et ea\nnumquam aut expedita ipsum nulla in\nvoluptates omnis consequatur aut enim officiis in quam qui"
  },
  {
    "userId": 4,
    "id": 38,
    "title": "explicabo et eos deleniti nostrum ab id repellendus",
    "body": "animi esse sit aut sit nesciunt assumenda eum voluptas\nquia voluptatibus provident quia necessitatibus ea\nrerum repudiandae quia voluptatem delectus fugit aut id quia\nratione optio eos iusto veniam iure"
  },
  {
    "userId": 4,
    "id": 39,
    "title": "eos dolorem iste accusantium est eaque quam",
    "body": "corporis rerum ducimus vel eum accusantium\nmaxime aspernatur a porro possimus iste omnis\nest in deleniti asperiores fuga aut\nvoluptas sapiente vel dolore minus voluptatem incidunt ex"
  },
  {
    "userId": 4,
    "id": 40,
    "title": "enim quo cumque",
    "body": "ut voluptatum aliquid illo tenetur nemo sequi quo facilis\nipsum rem optio mollitia quas\nvoluptatem eum voluptas qui\nunde omnis voluptatem iure quasi maxime voluptas nam"
  },
  {
    "userId": 5,
    "id": 41,
    "title": "non est facere",
    "body": "molestias id nostrum\nexcepturi molestiae dolore omnis repellendus quaerat saepe\nconsectetur iste quaerat tenetur asperiores accusamus ex ut\nnam quidem est ducimus sunt debitis saepe"
  },
  {
    "userId": 5,
    "id": 42,
    "title": "commodi ullam sint et excepturi error explicabo praesentium voluptas",
    "body": "odio fugit voluptatum ducimus earum autem est incidunt voluptatem\nodit reiciendis aliquam sunt sequi nulla dolorem\nnon facere repellendus voluptates quia\nratione harum vitae ut"
  },
  {
    "userId": 5,
    "id": 43,
    "title": "eligendi iste nostrum consequuntur adipisci praesentium sit beatae perferendis",
    "body": "similique fugit est\nillum et dolorum harum et voluptate eaque quidem\nexercitationem quos nam commodi possimus cum odio nihil nulla\ndolorum exercitationem magnam ex et a et distinctio debitis"
  },
  {
    "userId": 5,
    "id": 44,
    "title": "optio dolor molestias sit",
    "body": "temporibus est consectetur dolore\net libero debitis vel velit laboriosam quia\nipsum quibusdam qui itaque fuga rem aut\nea et iure quam sed maxime ut distinctio quae"
  },
  {
    "userId": 5,
    "id": 45,
    "title": "ut numquam possimus omnis eius suscipit laudantium iure",
    "body": "est natus reiciendis nihil possimus aut provident\nex et dolor\nrepellat pariatur est\nnobis rerum repellendus dolorem autem"
  },
  {
    "userId": 5,
    "id": 46,
    "title": "aut quo modi neque nostrum ducimus",
    "body": "voluptatem quisquam iste\nvoluptatibus natus officiis facilis dolorem\nquis quas ipsam\nvel et voluptatum in aliquid"
  },
  {
    "userId": 5,
    "id": 47,
    "title": "quibusdam cumque rem aut deserunt",
    "body": "voluptatem assumenda ut qui ut cupiditate aut impedit veniam\noccaecati nemo illum voluptatem laudantium\nmolestiae beatae rerum ea iure soluta nostrum\neligendi et voluptate"
  },
  {
    "userId": 5,
    "id": 48,
    "title": "ut voluptatem illum ea doloribus itaque eos",
    "body": "voluptates quo voluptatem facilis iure occaecati\nvel assumenda rerum officia et\nillum perspiciatis ab deleniti\nlaudantium repellat ad ut et autem reprehenderit"
  },
  {
    "userId": 5,
    "id": 49,
    "title": "laborum non sunt aut ut assumenda perspiciatis voluptas",
    "body": "inventore ab sint\nnatus fugit id nulla sequi architecto nihil quaerat\neos tenetur in in eum veritatis non\nquibusdam officiis aspernatur cumque aut commodi aut"
  },
  {
    "userId": 5,
    "id": 50,
    "title": "repellendus qui recusandae incidunt voluptates tenetur qui omnis exercitationem",
    "body": "error suscipit maxime adipisci consequuntur recusandae\nvoluptas eligendi et est et voluptates\nquia distinctio ab amet quaerat molestiae et vitae\nadipisci impedit sequi nesciunt quis consectetur"
  },
  {
    "userId": 6,
    "id": 51,
    "title": "soluta aliquam aperiam consequatur illo quis voluptas",
    "body": "sunt dolores aut doloribus\ndolore doloribus voluptates tempora et\ndoloremque et quo\ncum asperiores sit consectetur dolorem"
  },
  {
    "userId": 6,
    "id": 52,
    "title": "qui enim et consequuntur quia animi quis voluptate quibusdam",
    "body": "iusto est quibusdam fuga quas quaerat molestias\na enim ut sit accusamus enim\ntemporibus iusto accusantium provident architecto\nsoluta esse reprehenderit qui laborum"
  },
  {
    "userId": 6,
    "id": 53,
    "title": "ut quo aut ducimus alias",
    "body": "minima harum praesentium eum rerum illo dolore\nquasi exercitationem rerum nam\nporro quis neque quo\nconsequatur minus dolor quidem veritatis sunt non explicabo similique"
  },
  {
    "userId": 6,
    "id": 54,
    "title": "sit asperiores ipsam eveniet odio non quia",
    "body": "totam corporis dignissimos\nvitae dolorem ut occaecati accusamus\nex velit deserunt\net exercitationem vero incidunt corrupti mollitia"
  },
  {
    "userId": 6,
    "id": 55,
    "title": "sit vel voluptatem et non libero",
    "body": "debitis excepturi ea perferendis harum libero optio\neos accusamus cum fuga ut sapiente repudiandae\net ut incidunt omnis molestiae\nnihil ut eum odit"
  },
  {
    "userId": 6,
    "id": 56,
    "title": "qui et at rerum necessitatibus",
    "body": "aut est omnis dolores\nneque rerum quod ea rerum velit pariatur beatae excepturi\net provident voluptas corrupti\ncorporis harum reprehenderit dolores eligendi"
  },
  {
    "userId": 6,
    "id": 57,
    "title": "sed ab est est",
    "body": "at pariatur consequuntur earum quidem\nquo est laudantium soluta voluptatem\nqui ullam et est\net cum voluptas voluptatum repellat est"
  },
  {
    "userId": 6,
    "id": 58,
    "title": "voluptatum itaque dolores nisi et quasi",
    "body": "veniam voluptatum quae adipisci id\net id quia eos ad et dolorem\naliquam quo nisi sunt eos impedit error\nad similique veniam"
  },
  {
    "userId": 6,
    "id": 59,
    "title": "qui commodi dolor at maiores et quis id accusantium",
    "body": "perspiciatis et quam ea autem temporibus non voluptatibus qui\nbeatae a earum officia nesciunt dolores suscipit voluptas et\nanimi doloribus cum rerum quas et magni\net hic ut ut commodi expedita sunt"
  },
  {
    "userId": 6,
    "id": 60,
    "title": "consequatur placeat omnis quisquam quia reprehenderit fugit veritatis facere",
    "body": "asperiores sunt ab assumenda cumque modi velit\nqui esse omnis\nvoluptate et fuga perferendis voluptas\nillo ratione amet aut et omnis"
  },
  {
    "userId": 7,
    "id": 61,
    "title": "voluptatem doloribus consectetur est ut ducimus",
    "body": "ab nemo optio odio\ndelectus tenetur corporis similique nobis repellendus rerum omnis facilis\nvero blanditiis debitis in nesciunt doloribus dicta dolores\nmagnam minus velit"
  },
  {
    "userId": 7,
    "id": 62,
    "title": "beatae enim quia vel",
    "body": "enim aspernatur illo distinctio quae praesentium\nbeatae alias amet delectus qui voluptate distinctio\nodit sint accusantium autem omnis\nquo molestiae omnis ea eveniet optio"
  },
  {
    "userId": 7,
    "id": 63,
    "title": "voluptas blanditiis repellendus animi ducimus error sapiente et suscipit",
    "body": "enim adipisci aspernatur nemo\nnumquam omnis facere dolorem dolor ex quis temporibus incidunt\nab delectus culpa quo reprehenderit blanditiis asperiores\naccusantium ut quam in voluptatibus voluptas ipsam dicta"
  },
  {
    "userId": 7,
    "id": 64,
    "title": "et fugit quas eum in in aperiam quod",
    "body": "id velit blanditiis\neum ea voluptatem\nmolestiae sint occaecati est eos perspiciatis\nincidunt a error provident eaque aut aut qui"
  },
  {
    "userId": 7,
    "id": 65,
    "title": "consequatur id enim sunt et et",
    "body": "voluptatibus ex esse\nsint explicabo est aliquid cumque adipisci fuga repellat labore\nmolestiae corrupti ex saepe at asperiores et perferendis\nnatus id esse incidunt pariatur"
  },
  {
    "userId": 7,
    "id": 66,
    "title": "repudiandae ea animi iusto",
    "body": "officia veritatis tenetur vero qui itaque\nsint non ratione\nsed et ut asperiores iusto eos molestiae nostrum\nveritatis quibusdam et nemo iusto saepe"
  },
  {
    "userId": 7,
    "id": 67,
    "title": "aliquid eos sed fuga est maxime repellendus",
    "body": "reprehenderit id nostrum\nvoluptas doloremque pariatur sint et accusantium quia quod aspernatur\net fugiat amet\nnon sapiente et consequatur necessitatibus molestiae"
  },
  {
    "userId": 7,
    "id": 68,
    "title": "odio quis facere architecto reiciendis optio",
    "body": "magnam molestiae perferendis quisquam\nqui cum reiciendis\nquaerat animi amet hic inventore\nea quia deleniti quidem saepe porro velit"
  },
  {
    "userId": 7,
    "id": 69,
    "title": "fugiat quod pariatur odit minima",
    "body": "officiis error culpa consequatur modi asperiores et\ndolorum assumenda voluptas et vel qui aut vel rerum\nvoluptatum quisquam perspiciatis quia rerum consequatur totam quas\nsequi commodi repudiandae asperiores et saepe a"
  },
  {
    "userId": 7,
    "id": 70,
    "title": "voluptatem laborum magni",
    "body": "sunt repellendus quae\nest asperiores aut deleniti esse accusamus repellendus quia aut\nquia dolorem unde\neum tempora esse dolore"
  },
  {
    "userId": 8,
    "id": 71,
    "title": "et iusto veniam et illum aut fuga",
    "body": "occaecati a doloribus\niste saepe consectetur placeat eum voluptate dolorem et\nqui quo quia voluptas\nrerum ut id enim velit est perferendis"
  },
  {
    "userId": 8,
    "id": 72,
    "title": "sint hic doloribus consequatur eos non id",
    "body": "quam occaecati qui deleniti consectetur\nconsequatur aut facere quas exercitationem aliquam hic voluptas\nneque id sunt ut aut accusamus\nsunt consectetur expedita inventore velit"
  },
  {
    "userId": 8,
    "id": 73,
    "title": "consequuntur deleniti eos quia temporibus ab aliquid at",
    "body": "voluptatem cumque tenetur consequatur expedita ipsum nemo quia explicabo\naut eum minima consequatur\ntempore cumque quae est et\net in consequuntur voluptatem voluptates aut"
  },
  {
    "userId": 8,
    "id": 74,
    "title": "enim unde ratione doloribus quas enim ut sit sapiente",
    "body": "odit qui et et necessitatibus sint veniam\nmollitia amet doloremque molestiae commodi similique magnam et quam\nblanditiis est itaque\nquo et tenetur ratione occaecati molestiae tempora"
  },
  {
    "userId": 8,
    "id": 75,
    "title": "dignissimos eum dolor ut enim et delectus in",
    "body": "commodi non non omnis et voluptas sit\nautem aut nobis magnam et sapiente voluptatem\net laborum repellat qui delectus facilis temporibus\nrerum amet et nemo voluptate expedita adipisci error dolorem"
  },
  {
    "userId": 8,
    "id": 76,
    "title": "doloremque officiis ad et non perferendis",
    "body": "ut animi facere\ntotam iusto tempore\nmolestiae eum aut et dolorem aperiam\nquaerat recusandae totam odio"
  },
  {
    "userId": 8,
    "id": 77,
    "title": "necessitatibus quasi exercitationem odio",
    "body": "modi ut in nulla repudiandae dolorum nostrum eos\naut consequatur omnis\nut incidunt est omnis iste et quam\nvoluptates sapiente aliquam asperiores nobis amet corrupti repudiandae provident"
  },
  {
    "userId": 8,
    "id": 78,
    "title": "quam voluptatibus rerum veritatis",
    "body": "nobis facilis odit tempore cupiditate quia\nassumenda doloribus rerum qui ea\nillum et qui totam\naut veniam repellendus"
  },
  {
    "userId": 8,
    "id": 79,
    "title": "pariatur consequatur quia magnam autem omnis non amet",
    "body": "libero accusantium et et facere incidunt sit dolorem\nnon excepturi qui quia sed laudantium\nquisquam molestiae ducimus est\nofficiis esse molestiae iste et quos"
  },
  {
    "userId": 8,
    "id": 80,
    "title": "labore in ex et explicabo corporis aut quas",
    "body": "ex quod dolorem ea eum iure qui provident amet\nquia qui facere excepturi et repudiandae\nasperiores molestias provident\nminus incidunt vero fugit rerum sint sunt excepturi provident"
  },
  {
    "userId": 9,
    "id": 81,
    "title": "tempora rem veritatis voluptas quo dolores vero",
    "body": "facere qui nesciunt est voluptatum voluptatem nisi\nsequi eligendi necessitatibus ea at rerum itaque\nharum non ratione velit laboriosam quis consequuntur\nex officiis minima doloremque voluptas ut aut"
  },
  {
    "userId": 9,
    "id": 82,
    "title": "laudantium voluptate suscipit sunt enim enim",
    "body": "ut libero sit aut totam inventore sunt\nporro sint qui sunt molestiae\nconsequatur cupiditate qui iste ducimus adipisci\ndolor enim assumenda soluta laboriosam amet iste delectus hic"
  },
  {
    "userId": 9,
    "id": 83,
    "title": "odit et voluptates doloribus alias odio et",
    "body": "est molestiae facilis quis tempora numquam nihil qui\nvoluptate sapiente consequatur est qui\nnecessitatibus autem aut ipsa aperiam modi dolore numquam\nreprehenderit eius rem quibusdam"
  },
  {
    "userId": 9,
    "id": 84,
    "title": "optio ipsam molestias necessitatibus occaecati facilis veritatis dolores aut",
    "body": "sint molestiae magni a et quos\neaque et quasi\nut rerum debitis similique veniam\nrecusandae dignissimos dolor incidunt consequatur odio"
  },
  {
    "userId": 9,
    "id": 85,
    "title": "dolore veritatis porro provident adipisci blanditiis et sunt",
    "body": "similique sed nisi voluptas iusto omnis\nmollitia et quo\nassumenda suscipit officia magnam sint sed tempora\nenim provident pariatur praesentium atque animi amet ratione"
  },
  {
    "userId": 9,
    "id": 86,
    "title": "placeat quia et porro iste",
    "body": "quasi excepturi consequatur iste autem temporibus sed molestiae beatae\net quaerat et esse ut\nvoluptatem occaecati et vel explicabo autem\nasperiores pariatur deserunt optio"
  },
  {
    "userId": 9,
    "id": 87,
    "title": "nostrum quis quasi placeat",
    "body": "eos et molestiae\nnesciunt ut a\ndolores perspiciatis repellendus repellat aliquid\nmagnam sint rem ipsum est"
  },
  {
    "userId": 9,
    "id": 88,
    "title": "sapiente omnis fugit eos",
    "body": "consequatur omnis est praesentium\nducimus non iste\nneque hic deserunt\nvoluptatibus veniam cum et rerum sed"
  },
  {
    "userId": 9,
    "id": 89,
    "title": "sint soluta et vel magnam aut ut sed qui",
    "body": "repellat aut aperiam totam temporibus autem et\narchitecto magnam ut\nconsequatur qui cupiditate rerum quia soluta dignissimos nihil iure\ntempore quas est"
  },
  {
    "userId": 9,
    "id": 90,
    "title": "ad iusto omnis odit dolor voluptatibus",
    "body": "minus omnis soluta quia\nqui sed adipisci voluptates illum ipsam voluptatem\neligendi officia ut in\neos soluta similique molestias praesentium blanditiis"
  },
  {
    "userId": 10,
    "id": 91,
    "title": "aut amet sed",
    "body": "libero voluptate eveniet aperiam sed\nsunt placeat suscipit molestias\nsimilique fugit nam natus\nexpedita consequatur consequatur dolores quia eos et placeat"
  },
  {
    "userId": 10,
    "id": 92,
    "title": "ratione ex tenetur perferendis",
    "body": "aut et excepturi dicta laudantium sint rerum nihil\nlaudantium et at\na neque minima officia et similique libero et\ncommodi voluptate qui"
  },
  {
    "userId": 10,
    "id": 93,
    "title": "beatae soluta recusandae",
    "body": "dolorem quibusdam ducimus consequuntur dicta aut quo laboriosam\nvoluptatem quis enim recusandae ut sed sunt\nnostrum est odit totam\nsit error sed sunt eveniet provident qui nulla"
  },
  {
    "userId": 10,
    "id": 94,
    "title": "qui qui voluptates illo iste minima",
    "body": "aspernatur expedita soluta quo ab ut similique\nexpedita dolores amet\nsed temporibus distinctio magnam saepe deleniti\nomnis facilis nam ipsum natus sint similique omnis"
  },
  {
    "userId": 10,
    "id": 95,
    "title": "id minus libero illum nam ad officiis",
    "body": "earum voluptatem facere provident blanditiis velit laboriosam\npariatur accusamus odio saepe\ncumque dolor qui a dicta ab doloribus consequatur omnis\ncorporis cupiditate eaque assumenda ad nesciunt"
  },
  {
    "userId": 10,
    "id": 96,
    "title": "quaerat velit veniam amet cupiditate aut numquam ut sequi",
    "body": "in non odio excepturi sint eum\nlabore voluptates vitae quia qui et\ninventore itaque rerum\nveniam non exercitationem delectus aut"
  },
  {
    "userId": 10,
    "id": 97,
    "title": "quas fugiat ut perspiciatis vero provident",
    "body": "eum non blanditiis soluta porro quibusdam voluptas\nvel voluptatem qui placeat dolores qui velit aut\nvel inventore aut cumque culpa explicabo aliquid at\nperspiciatis est et voluptatem dignissimos dolor itaque sit nam"
  },
  {
    "userId": 10,
    "id": 98,
    "title": "laboriosam dolor voluptates",
    "body": "doloremque ex facilis sit sint culpa\nsoluta assumenda eligendi non ut eius\nsequi ducimus vel quasi\nveritatis est dolores"
  },
  {
    "userId": 10,
    "id": 99,
    "title": "temporibus sit alias delectus eligendi possimus magni",
    "body": "quo deleniti praesentium dicta non quod\naut est molestias\nmolestias et officia quis nihil\nitaque dolorem quia"
  },
  {
    "userId": 10,
    "id": 100,
    "title": "at nam consequatur ea labore ea harum",
    "body": "cupiditate quo est a modi nesciunt soluta\nipsa voluptas error itaque dicta in\nautem qui minus magnam et distinctio eum\naccusamus ratione error aut"
  }
]

16:00:53.335 [main] ERROR com.intuit.karate - classpath:examples/features/assignment/assignment3.feature:39
* def csvContent =jsonToCsv(response)
no step-definition method match found for: def csvContent =jsonToCsv(response)
classpath:examples/features/assignment/assignment3.feature:39
16:00:53.342 [main] ERROR com.intuit.karate - classpath:examples/features/assignment/readCsv.feature:6
* callonce read('classpath:examples/features/assignment/assignment3.feature')
no step-definition method match found for: def csvContent =jsonToCsv(response)
classpath:examples/features/assignment/assignment3.feature:39
classpath:examples/features/assignment/readCsv.feature:6
16:00:54.797 [main] INFO  com.intuit.karate.Suite - <<fail>> feature 1 of 1 (0 remaining) classpath:examples/features/assignment/readCsv.feature
16:04:28.425 [main] INFO  com.intuit.karate.Runner - using system property 'karate.options': classpath:examples/features/assignment/readCsv.feature
16:04:29.397 [main] DEBUG com.intuit.karate.Suite - [config] classpath:karate-config.js
16:04:29.404 [main] INFO  com.intuit.karate.Suite - backed up existing 'target\karate-reports' dir to: target\karate-reports_1779705269399
16:04:31.002 [main] INFO  com.intuit.karate - karate.env system property was: null 
16:04:31.068 [main] INFO  com.intuit.karate - Loaded API Key: free_user_3DvGOP3388gqq71IAt6bHhQ6DDZ 
16:04:31.160 [main] INFO  com.intuit.karate - >> lock acquired, begin callonce: read('classpath:examples/features/assignment/assignment3.feature')
16:04:31.629 [main] DEBUG com.intuit.karate - request:
1 > GET https://jsonplaceholder.typicode.com/posts
1 > Host: jsonplaceholder.typicode.com
1 > Connection: Keep-Alive
1 > User-Agent: Apache-HttpClient/4.5.14 (Java/17.0.9)
1 > Accept-Encoding: gzip,deflate


16:04:32.148 [main] DEBUG com.intuit.karate - response time in milliseconds: 510
1 < 200
1 < Date: Mon, 25 May 2026 10:34:32 GMT
1 < Content-Type: application/json; charset=utf-8
1 < Transfer-Encoding: chunked
1 < Connection: keep-alive
1 < access-control-allow-credentials: true
1 < Cache-Control: max-age=43200
1 < etag: W/"6b80-Ybsq/K6GwwqrYkAsFxqDXGC7DoM"
1 < expires: -1
1 < nel: {"report_to":"heroku-nel","response_headers":["Via"],"max_age":3600,"success_fraction":0.01,"failure_fraction":0.1}
1 < pragma: no-cache
1 < report-to: {"group":"heroku-nel","endpoints":[{"url":"https://nel.heroku.com/reports?s=we0vdPpe67xwwqlCbLbiH%2BKwUs4%2BStH7ZR6a%2FU%2FB8W0%3D\u0026sid=e11707d5-02a7-43ef-b45e-2cf4d2036f7d\u0026ts=1779703838"}],"max_age":3600}
1 < reporting-endpoints: heroku-nel="https://nel.heroku.com/reports?s=we0vdPpe67xwwqlCbLbiH%2BKwUs4%2BStH7ZR6a%2FU%2FB8W0%3D&sid=e11707d5-02a7-43ef-b45e-2cf4d2036f7d&ts=1779703838"
1 < Server: cloudflare
1 < vary: Origin, Accept-Encoding
1 < via: 2.0 heroku-router
1 < x-content-type-options: nosniff
1 < x-powered-by: Express
1 < x-ratelimit-limit: 1000
1 < x-ratelimit-remaining: 999
1 < x-ratelimit-reset: 1779703870
1 < Age: 1433
1 < cf-cache-status: HIT
1 < Server-Timing: cfCacheStatus;desc="HIT"
1 < Server-Timing: cfEdge;dur=5,cfOrigin;dur=0
1 < CF-RAY: a013e35f4e379cd6-SIN
1 < alt-svc: h3=":443"; ma=86400
[
  {
    "userId": 1,
    "id": 1,
    "title": "sunt aut facere repellat provident occaecati excepturi optio reprehenderit",
    "body": "quia et suscipit\nsuscipit recusandae consequuntur expedita et cum\nreprehenderit molestiae ut ut quas totam\nnostrum rerum est autem sunt rem eveniet architecto"
  },
  {
    "userId": 1,
    "id": 2,
    "title": "qui est esse",
    "body": "est rerum tempore vitae\nsequi sint nihil reprehenderit dolor beatae ea dolores neque\nfugiat blanditiis voluptate porro vel nihil molestiae ut reiciendis\nqui aperiam non debitis possimus qui neque nisi nulla"
  },
  {
    "userId": 1,
    "id": 3,
    "title": "ea molestias quasi exercitationem repellat qui ipsa sit aut",
    "body": "et iusto sed quo iure\nvoluptatem occaecati omnis eligendi aut ad\nvoluptatem doloribus vel accusantium quis pariatur\nmolestiae porro eius odio et labore et velit aut"
  },
  {
    "userId": 1,
    "id": 4,
    "title": "eum et est occaecati",
    "body": "ullam et saepe reiciendis voluptatem adipisci\nsit amet autem assumenda provident rerum culpa\nquis hic commodi nesciunt rem tenetur doloremque ipsam iure\nquis sunt voluptatem rerum illo velit"
  },
  {
    "userId": 1,
    "id": 5,
    "title": "nesciunt quas odio",
    "body": "repudiandae veniam quaerat sunt sed\nalias aut fugiat sit autem sed est\nvoluptatem omnis possimus esse voluptatibus quis\nest aut tenetur dolor neque"
  },
  {
    "userId": 1,
    "id": 6,
    "title": "dolorem eum magni eos aperiam quia",
    "body": "ut aspernatur corporis harum nihil quis provident sequi\nmollitia nobis aliquid molestiae\nperspiciatis et ea nemo ab reprehenderit accusantium quas\nvoluptate dolores velit et doloremque molestiae"
  },
  {
    "userId": 1,
    "id": 7,
    "title": "magnam facilis autem",
    "body": "dolore placeat quibusdam ea quo vitae\nmagni quis enim qui quis quo nemo aut saepe\nquidem repellat excepturi ut quia\nsunt ut sequi eos ea sed quas"
  },
  {
    "userId": 1,
    "id": 8,
    "title": "dolorem dolore est ipsam",
    "body": "dignissimos aperiam dolorem qui eum\nfacilis quibusdam animi sint suscipit qui sint possimus cum\nquaerat magni maiores excepturi\nipsam ut commodi dolor voluptatum modi aut vitae"
  },
  {
    "userId": 1,
    "id": 9,
    "title": "nesciunt iure omnis dolorem tempora et accusantium",
    "body": "consectetur animi nesciunt iure dolore\nenim quia ad\nveniam autem ut quam aut nobis\net est aut quod aut provident voluptas autem voluptas"
  },
  {
    "userId": 1,
    "id": 10,
    "title": "optio molestias id quia eum",
    "body": "quo et expedita modi cum officia vel magni\ndoloribus qui repudiandae\nvero nisi sit\nquos veniam quod sed accusamus veritatis error"
  },
  {
    "userId": 2,
    "id": 11,
    "title": "et ea vero quia laudantium autem",
    "body": "delectus reiciendis molestiae occaecati non minima eveniet qui voluptatibus\naccusamus in eum beatae sit\nvel qui neque voluptates ut commodi qui incidunt\nut animi commodi"
  },
  {
    "userId": 2,
    "id": 12,
    "title": "in quibusdam tempore odit est dolorem",
    "body": "itaque id aut magnam\npraesentium quia et ea odit et ea voluptas et\nsapiente quia nihil amet occaecati quia id voluptatem\nincidunt ea est distinctio odio"
  },
  {
    "userId": 2,
    "id": 13,
    "title": "dolorum ut in voluptas mollitia et saepe quo animi",
    "body": "aut dicta possimus sint mollitia voluptas commodi quo doloremque\niste corrupti reiciendis voluptatem eius rerum\nsit cumque quod eligendi laborum minima\nperferendis recusandae assumenda consectetur porro architecto ipsum ipsam"
  },
  {
    "userId": 2,
    "id": 14,
    "title": "voluptatem eligendi optio",
    "body": "fuga et accusamus dolorum perferendis illo voluptas\nnon doloremque neque facere\nad qui dolorum molestiae beatae\nsed aut voluptas totam sit illum"
  },
  {
    "userId": 2,
    "id": 15,
    "title": "eveniet quod temporibus",
    "body": "reprehenderit quos placeat\nvelit minima officia dolores impedit repudiandae molestiae nam\nvoluptas recusandae quis delectus\nofficiis harum fugiat vitae"
  },
  {
    "userId": 2,
    "id": 16,
    "title": "sint suscipit perspiciatis velit dolorum rerum ipsa laboriosam odio",
    "body": "suscipit nam nisi quo aperiam aut\nasperiores eos fugit maiores voluptatibus quia\nvoluptatem quis ullam qui in alias quia est\nconsequatur magni mollitia accusamus ea nisi voluptate dicta"
  },
  {
    "userId": 2,
    "id": 17,
    "title": "fugit voluptas sed molestias voluptatem provident",
    "body": "eos voluptas et aut odit natus earum\naspernatur fuga molestiae ullam\ndeserunt ratione qui eos\nqui nihil ratione nemo velit ut aut id quo"
  },
  {
    "userId": 2,
    "id": 18,
    "title": "voluptate et itaque vero tempora molestiae",
    "body": "eveniet quo quis\nlaborum totam consequatur non dolor\nut et est repudiandae\nest voluptatem vel debitis et magnam"
  },
  {
    "userId": 2,
    "id": 19,
    "title": "adipisci placeat illum aut reiciendis qui",
    "body": "illum quis cupiditate provident sit magnam\nea sed aut omnis\nveniam maiores ullam consequatur atque\nadipisci quo iste expedita sit quos voluptas"
  },
  {
    "userId": 2,
    "id": 20,
    "title": "doloribus ad provident suscipit at",
    "body": "qui consequuntur ducimus possimus quisquam amet similique\nsuscipit porro ipsam amet\neos veritatis officiis exercitationem vel fugit aut necessitatibus totam\nomnis rerum consequatur expedita quidem cumque explicabo"
  },
  {
    "userId": 3,
    "id": 21,
    "title": "asperiores ea ipsam voluptatibus modi minima quia sint",
    "body": "repellat aliquid praesentium dolorem quo\nsed totam minus non itaque\nnihil labore molestiae sunt dolor eveniet hic recusandae veniam\ntempora et tenetur expedita sunt"
  },
  {
    "userId": 3,
    "id": 22,
    "title": "dolor sint quo a velit explicabo quia nam",
    "body": "eos qui et ipsum ipsam suscipit aut\nsed omnis non odio\nexpedita earum mollitia molestiae aut atque rem suscipit\nnam impedit esse"
  },
  {
    "userId": 3,
    "id": 23,
    "title": "maxime id vitae nihil numquam",
    "body": "veritatis unde neque eligendi\nquae quod architecto quo neque vitae\nest illo sit tempora doloremque fugit quod\net et vel beatae sequi ullam sed tenetur perspiciatis"
  },
  {
    "userId": 3,
    "id": 24,
    "title": "autem hic labore sunt dolores incidunt",
    "body": "enim et ex nulla\nomnis voluptas quia qui\nvoluptatem consequatur numquam aliquam sunt\ntotam recusandae id dignissimos aut sed asperiores deserunt"
  },
  {
    "userId": 3,
    "id": 25,
    "title": "rem alias distinctio quo quis",
    "body": "ullam consequatur ut\nomnis quis sit vel consequuntur\nipsa eligendi ipsum molestiae et omnis error nostrum\nmolestiae illo tempore quia et distinctio"
  },
  {
    "userId": 3,
    "id": 26,
    "title": "est et quae odit qui non",
    "body": "similique esse doloribus nihil accusamus\nomnis dolorem fuga consequuntur reprehenderit fugit recusandae temporibus\nperspiciatis cum ut laudantium\nomnis aut molestiae vel vero"
  },
  {
    "userId": 3,
    "id": 27,
    "title": "quasi id et eos tenetur aut quo autem",
    "body": "eum sed dolores ipsam sint possimus debitis occaecati\ndebitis qui qui et\nut placeat enim earum aut odit facilis\nconsequatur suscipit necessitatibus rerum sed inventore temporibus consequatur"
  },
  {
    "userId": 3,
    "id": 28,
    "title": "delectus ullam et corporis nulla voluptas sequi",
    "body": "non et quaerat ex quae ad maiores\nmaiores recusandae totam aut blanditiis mollitia quas illo\nut voluptatibus voluptatem\nsimilique nostrum eum"
  },
  {
    "userId": 3,
    "id": 29,
    "title": "iusto eius quod necessitatibus culpa ea",
    "body": "odit magnam ut saepe sed non qui\ntempora atque nihil\naccusamus illum doloribus illo dolor\neligendi repudiandae odit magni similique sed cum maiores"
  },
  {
    "userId": 3,
    "id": 30,
    "title": "a quo magni similique perferendis",
    "body": "alias dolor cumque\nimpedit blanditiis non eveniet odio maxime\nblanditiis amet eius quis tempora quia autem rem\na provident perspiciatis quia"
  },
  {
    "userId": 4,
    "id": 31,
    "title": "ullam ut quidem id aut vel consequuntur",
    "body": "debitis eius sed quibusdam non quis consectetur vitae\nimpedit ut qui consequatur sed aut in\nquidem sit nostrum et maiores adipisci atque\nquaerat voluptatem adipisci repudiandae"
  },
  {
    "userId": 4,
    "id": 32,
    "title": "doloremque illum aliquid sunt",
    "body": "deserunt eos nobis asperiores et hic\nest debitis repellat molestiae optio\nnihil ratione ut eos beatae quibusdam distinctio maiores\nearum voluptates et aut adipisci ea maiores voluptas maxime"
  },
  {
    "userId": 4,
    "id": 33,
    "title": "qui explicabo molestiae dolorem",
    "body": "rerum ut et numquam laborum odit est sit\nid qui sint in\nquasi tenetur tempore aperiam et quaerat qui in\nrerum officiis sequi cumque quod"
  },
  {
    "userId": 4,
    "id": 34,
    "title": "magnam ut rerum iure",
    "body": "ea velit perferendis earum ut voluptatem voluptate itaque iusto\ntotam pariatur in\nnemo voluptatem voluptatem autem magni tempora minima in\nest distinctio qui assumenda accusamus dignissimos officia nesciunt nobis"
  },
  {
    "userId": 4,
    "id": 35,
    "title": "id nihil consequatur molestias animi provident",
    "body": "nisi error delectus possimus ut eligendi vitae\nplaceat eos harum cupiditate facilis reprehenderit voluptatem beatae\nmodi ducimus quo illum voluptas eligendi\net nobis quia fugit"
  },
  {
    "userId": 4,
    "id": 36,
    "title": "fuga nam accusamus voluptas reiciendis itaque",
    "body": "ad mollitia et omnis minus architecto odit\nvoluptas doloremque maxime aut non ipsa qui alias veniam\nblanditiis culpa aut quia nihil cumque facere et occaecati\nqui aspernatur quia eaque ut aperiam inventore"
  },
  {
    "userId": 4,
    "id": 37,
    "title": "provident vel ut sit ratione est",
    "body": "debitis et eaque non officia sed nesciunt pariatur vel\nvoluptatem iste vero et ea\nnumquam aut expedita ipsum nulla in\nvoluptates omnis consequatur aut enim officiis in quam qui"
  },
  {
    "userId": 4,
    "id": 38,
    "title": "explicabo et eos deleniti nostrum ab id repellendus",
    "body": "animi esse sit aut sit nesciunt assumenda eum voluptas\nquia voluptatibus provident quia necessitatibus ea\nrerum repudiandae quia voluptatem delectus fugit aut id quia\nratione optio eos iusto veniam iure"
  },
  {
    "userId": 4,
    "id": 39,
    "title": "eos dolorem iste accusantium est eaque quam",
    "body": "corporis rerum ducimus vel eum accusantium\nmaxime aspernatur a porro possimus iste omnis\nest in deleniti asperiores fuga aut\nvoluptas sapiente vel dolore minus voluptatem incidunt ex"
  },
  {
    "userId": 4,
    "id": 40,
    "title": "enim quo cumque",
    "body": "ut voluptatum aliquid illo tenetur nemo sequi quo facilis\nipsum rem optio mollitia quas\nvoluptatem eum voluptas qui\nunde omnis voluptatem iure quasi maxime voluptas nam"
  },
  {
    "userId": 5,
    "id": 41,
    "title": "non est facere",
    "body": "molestias id nostrum\nexcepturi molestiae dolore omnis repellendus quaerat saepe\nconsectetur iste quaerat tenetur asperiores accusamus ex ut\nnam quidem est ducimus sunt debitis saepe"
  },
  {
    "userId": 5,
    "id": 42,
    "title": "commodi ullam sint et excepturi error explicabo praesentium voluptas",
    "body": "odio fugit voluptatum ducimus earum autem est incidunt voluptatem\nodit reiciendis aliquam sunt sequi nulla dolorem\nnon facere repellendus voluptates quia\nratione harum vitae ut"
  },
  {
    "userId": 5,
    "id": 43,
    "title": "eligendi iste nostrum consequuntur adipisci praesentium sit beatae perferendis",
    "body": "similique fugit est\nillum et dolorum harum et voluptate eaque quidem\nexercitationem quos nam commodi possimus cum odio nihil nulla\ndolorum exercitationem magnam ex et a et distinctio debitis"
  },
  {
    "userId": 5,
    "id": 44,
    "title": "optio dolor molestias sit",
    "body": "temporibus est consectetur dolore\net libero debitis vel velit laboriosam quia\nipsum quibusdam qui itaque fuga rem aut\nea et iure quam sed maxime ut distinctio quae"
  },
  {
    "userId": 5,
    "id": 45,
    "title": "ut numquam possimus omnis eius suscipit laudantium iure",
    "body": "est natus reiciendis nihil possimus aut provident\nex et dolor\nrepellat pariatur est\nnobis rerum repellendus dolorem autem"
  },
  {
    "userId": 5,
    "id": 46,
    "title": "aut quo modi neque nostrum ducimus",
    "body": "voluptatem quisquam iste\nvoluptatibus natus officiis facilis dolorem\nquis quas ipsam\nvel et voluptatum in aliquid"
  },
  {
    "userId": 5,
    "id": 47,
    "title": "quibusdam cumque rem aut deserunt",
    "body": "voluptatem assumenda ut qui ut cupiditate aut impedit veniam\noccaecati nemo illum voluptatem laudantium\nmolestiae beatae rerum ea iure soluta nostrum\neligendi et voluptate"
  },
  {
    "userId": 5,
    "id": 48,
    "title": "ut voluptatem illum ea doloribus itaque eos",
    "body": "voluptates quo voluptatem facilis iure occaecati\nvel assumenda rerum officia et\nillum perspiciatis ab deleniti\nlaudantium repellat ad ut et autem reprehenderit"
  },
  {
    "userId": 5,
    "id": 49,
    "title": "laborum non sunt aut ut assumenda perspiciatis voluptas",
    "body": "inventore ab sint\nnatus fugit id nulla sequi architecto nihil quaerat\neos tenetur in in eum veritatis non\nquibusdam officiis aspernatur cumque aut commodi aut"
  },
  {
    "userId": 5,
    "id": 50,
    "title": "repellendus qui recusandae incidunt voluptates tenetur qui omnis exercitationem",
    "body": "error suscipit maxime adipisci consequuntur recusandae\nvoluptas eligendi et est et voluptates\nquia distinctio ab amet quaerat molestiae et vitae\nadipisci impedit sequi nesciunt quis consectetur"
  },
  {
    "userId": 6,
    "id": 51,
    "title": "soluta aliquam aperiam consequatur illo quis voluptas",
    "body": "sunt dolores aut doloribus\ndolore doloribus voluptates tempora et\ndoloremque et quo\ncum asperiores sit consectetur dolorem"
  },
  {
    "userId": 6,
    "id": 52,
    "title": "qui enim et consequuntur quia animi quis voluptate quibusdam",
    "body": "iusto est quibusdam fuga quas quaerat molestias\na enim ut sit accusamus enim\ntemporibus iusto accusantium provident architecto\nsoluta esse reprehenderit qui laborum"
  },
  {
    "userId": 6,
    "id": 53,
    "title": "ut quo aut ducimus alias",
    "body": "minima harum praesentium eum rerum illo dolore\nquasi exercitationem rerum nam\nporro quis neque quo\nconsequatur minus dolor quidem veritatis sunt non explicabo similique"
  },
  {
    "userId": 6,
    "id": 54,
    "title": "sit asperiores ipsam eveniet odio non quia",
    "body": "totam corporis dignissimos\nvitae dolorem ut occaecati accusamus\nex velit deserunt\net exercitationem vero incidunt corrupti mollitia"
  },
  {
    "userId": 6,
    "id": 55,
    "title": "sit vel voluptatem et non libero",
    "body": "debitis excepturi ea perferendis harum libero optio\neos accusamus cum fuga ut sapiente repudiandae\net ut incidunt omnis molestiae\nnihil ut eum odit"
  },
  {
    "userId": 6,
    "id": 56,
    "title": "qui et at rerum necessitatibus",
    "body": "aut est omnis dolores\nneque rerum quod ea rerum velit pariatur beatae excepturi\net provident voluptas corrupti\ncorporis harum reprehenderit dolores eligendi"
  },
  {
    "userId": 6,
    "id": 57,
    "title": "sed ab est est",
    "body": "at pariatur consequuntur earum quidem\nquo est laudantium soluta voluptatem\nqui ullam et est\net cum voluptas voluptatum repellat est"
  },
  {
    "userId": 6,
    "id": 58,
    "title": "voluptatum itaque dolores nisi et quasi",
    "body": "veniam voluptatum quae adipisci id\net id quia eos ad et dolorem\naliquam quo nisi sunt eos impedit error\nad similique veniam"
  },
  {
    "userId": 6,
    "id": 59,
    "title": "qui commodi dolor at maiores et quis id accusantium",
    "body": "perspiciatis et quam ea autem temporibus non voluptatibus qui\nbeatae a earum officia nesciunt dolores suscipit voluptas et\nanimi doloribus cum rerum quas et magni\net hic ut ut commodi expedita sunt"
  },
  {
    "userId": 6,
    "id": 60,
    "title": "consequatur placeat omnis quisquam quia reprehenderit fugit veritatis facere",
    "body": "asperiores sunt ab assumenda cumque modi velit\nqui esse omnis\nvoluptate et fuga perferendis voluptas\nillo ratione amet aut et omnis"
  },
  {
    "userId": 7,
    "id": 61,
    "title": "voluptatem doloribus consectetur est ut ducimus",
    "body": "ab nemo optio odio\ndelectus tenetur corporis similique nobis repellendus rerum omnis facilis\nvero blanditiis debitis in nesciunt doloribus dicta dolores\nmagnam minus velit"
  },
  {
    "userId": 7,
    "id": 62,
    "title": "beatae enim quia vel",
    "body": "enim aspernatur illo distinctio quae praesentium\nbeatae alias amet delectus qui voluptate distinctio\nodit sint accusantium autem omnis\nquo molestiae omnis ea eveniet optio"
  },
  {
    "userId": 7,
    "id": 63,
    "title": "voluptas blanditiis repellendus animi ducimus error sapiente et suscipit",
    "body": "enim adipisci aspernatur nemo\nnumquam omnis facere dolorem dolor ex quis temporibus incidunt\nab delectus culpa quo reprehenderit blanditiis asperiores\naccusantium ut quam in voluptatibus voluptas ipsam dicta"
  },
  {
    "userId": 7,
    "id": 64,
    "title": "et fugit quas eum in in aperiam quod",
    "body": "id velit blanditiis\neum ea voluptatem\nmolestiae sint occaecati est eos perspiciatis\nincidunt a error provident eaque aut aut qui"
  },
  {
    "userId": 7,
    "id": 65,
    "title": "consequatur id enim sunt et et",
    "body": "voluptatibus ex esse\nsint explicabo est aliquid cumque adipisci fuga repellat labore\nmolestiae corrupti ex saepe at asperiores et perferendis\nnatus id esse incidunt pariatur"
  },
  {
    "userId": 7,
    "id": 66,
    "title": "repudiandae ea animi iusto",
    "body": "officia veritatis tenetur vero qui itaque\nsint non ratione\nsed et ut asperiores iusto eos molestiae nostrum\nveritatis quibusdam et nemo iusto saepe"
  },
  {
    "userId": 7,
    "id": 67,
    "title": "aliquid eos sed fuga est maxime repellendus",
    "body": "reprehenderit id nostrum\nvoluptas doloremque pariatur sint et accusantium quia quod aspernatur\net fugiat amet\nnon sapiente et consequatur necessitatibus molestiae"
  },
  {
    "userId": 7,
    "id": 68,
    "title": "odio quis facere architecto reiciendis optio",
    "body": "magnam molestiae perferendis quisquam\nqui cum reiciendis\nquaerat animi amet hic inventore\nea quia deleniti quidem saepe porro velit"
  },
  {
    "userId": 7,
    "id": 69,
    "title": "fugiat quod pariatur odit minima",
    "body": "officiis error culpa consequatur modi asperiores et\ndolorum assumenda voluptas et vel qui aut vel rerum\nvoluptatum quisquam perspiciatis quia rerum consequatur totam quas\nsequi commodi repudiandae asperiores et saepe a"
  },
  {
    "userId": 7,
    "id": 70,
    "title": "voluptatem laborum magni",
    "body": "sunt repellendus quae\nest asperiores aut deleniti esse accusamus repellendus quia aut\nquia dolorem unde\neum tempora esse dolore"
  },
  {
    "userId": 8,
    "id": 71,
    "title": "et iusto veniam et illum aut fuga",
    "body": "occaecati a doloribus\niste saepe consectetur placeat eum voluptate dolorem et\nqui quo quia voluptas\nrerum ut id enim velit est perferendis"
  },
  {
    "userId": 8,
    "id": 72,
    "title": "sint hic doloribus consequatur eos non id",
    "body": "quam occaecati qui deleniti consectetur\nconsequatur aut facere quas exercitationem aliquam hic voluptas\nneque id sunt ut aut accusamus\nsunt consectetur expedita inventore velit"
  },
  {
    "userId": 8,
    "id": 73,
    "title": "consequuntur deleniti eos quia temporibus ab aliquid at",
    "body": "voluptatem cumque tenetur consequatur expedita ipsum nemo quia explicabo\naut eum minima consequatur\ntempore cumque quae est et\net in consequuntur voluptatem voluptates aut"
  },
  {
    "userId": 8,
    "id": 74,
    "title": "enim unde ratione doloribus quas enim ut sit sapiente",
    "body": "odit qui et et necessitatibus sint veniam\nmollitia amet doloremque molestiae commodi similique magnam et quam\nblanditiis est itaque\nquo et tenetur ratione occaecati molestiae tempora"
  },
  {
    "userId": 8,
    "id": 75,
    "title": "dignissimos eum dolor ut enim et delectus in",
    "body": "commodi non non omnis et voluptas sit\nautem aut nobis magnam et sapiente voluptatem\net laborum repellat qui delectus facilis temporibus\nrerum amet et nemo voluptate expedita adipisci error dolorem"
  },
  {
    "userId": 8,
    "id": 76,
    "title": "doloremque officiis ad et non perferendis",
    "body": "ut animi facere\ntotam iusto tempore\nmolestiae eum aut et dolorem aperiam\nquaerat recusandae totam odio"
  },
  {
    "userId": 8,
    "id": 77,
    "title": "necessitatibus quasi exercitationem odio",
    "body": "modi ut in nulla repudiandae dolorum nostrum eos\naut consequatur omnis\nut incidunt est omnis iste et quam\nvoluptates sapiente aliquam asperiores nobis amet corrupti repudiandae provident"
  },
  {
    "userId": 8,
    "id": 78,
    "title": "quam voluptatibus rerum veritatis",
    "body": "nobis facilis odit tempore cupiditate quia\nassumenda doloribus rerum qui ea\nillum et qui totam\naut veniam repellendus"
  },
  {
    "userId": 8,
    "id": 79,
    "title": "pariatur consequatur quia magnam autem omnis non amet",
    "body": "libero accusantium et et facere incidunt sit dolorem\nnon excepturi qui quia sed laudantium\nquisquam molestiae ducimus est\nofficiis esse molestiae iste et quos"
  },
  {
    "userId": 8,
    "id": 80,
    "title": "labore in ex et explicabo corporis aut quas",
    "body": "ex quod dolorem ea eum iure qui provident amet\nquia qui facere excepturi et repudiandae\nasperiores molestias provident\nminus incidunt vero fugit rerum sint sunt excepturi provident"
  },
  {
    "userId": 9,
    "id": 81,
    "title": "tempora rem veritatis voluptas quo dolores vero",
    "body": "facere qui nesciunt est voluptatum voluptatem nisi\nsequi eligendi necessitatibus ea at rerum itaque\nharum non ratione velit laboriosam quis consequuntur\nex officiis minima doloremque voluptas ut aut"
  },
  {
    "userId": 9,
    "id": 82,
    "title": "laudantium voluptate suscipit sunt enim enim",
    "body": "ut libero sit aut totam inventore sunt\nporro sint qui sunt molestiae\nconsequatur cupiditate qui iste ducimus adipisci\ndolor enim assumenda soluta laboriosam amet iste delectus hic"
  },
  {
    "userId": 9,
    "id": 83,
    "title": "odit et voluptates doloribus alias odio et",
    "body": "est molestiae facilis quis tempora numquam nihil qui\nvoluptate sapiente consequatur est qui\nnecessitatibus autem aut ipsa aperiam modi dolore numquam\nreprehenderit eius rem quibusdam"
  },
  {
    "userId": 9,
    "id": 84,
    "title": "optio ipsam molestias necessitatibus occaecati facilis veritatis dolores aut",
    "body": "sint molestiae magni a et quos\neaque et quasi\nut rerum debitis similique veniam\nrecusandae dignissimos dolor incidunt consequatur odio"
  },
  {
    "userId": 9,
    "id": 85,
    "title": "dolore veritatis porro provident adipisci blanditiis et sunt",
    "body": "similique sed nisi voluptas iusto omnis\nmollitia et quo\nassumenda suscipit officia magnam sint sed tempora\nenim provident pariatur praesentium atque animi amet ratione"
  },
  {
    "userId": 9,
    "id": 86,
    "title": "placeat quia et porro iste",
    "body": "quasi excepturi consequatur iste autem temporibus sed molestiae beatae\net quaerat et esse ut\nvoluptatem occaecati et vel explicabo autem\nasperiores pariatur deserunt optio"
  },
  {
    "userId": 9,
    "id": 87,
    "title": "nostrum quis quasi placeat",
    "body": "eos et molestiae\nnesciunt ut a\ndolores perspiciatis repellendus repellat aliquid\nmagnam sint rem ipsum est"
  },
  {
    "userId": 9,
    "id": 88,
    "title": "sapiente omnis fugit eos",
    "body": "consequatur omnis est praesentium\nducimus non iste\nneque hic deserunt\nvoluptatibus veniam cum et rerum sed"
  },
  {
    "userId": 9,
    "id": 89,
    "title": "sint soluta et vel magnam aut ut sed qui",
    "body": "repellat aut aperiam totam temporibus autem et\narchitecto magnam ut\nconsequatur qui cupiditate rerum quia soluta dignissimos nihil iure\ntempore quas est"
  },
  {
    "userId": 9,
    "id": 90,
    "title": "ad iusto omnis odit dolor voluptatibus",
    "body": "minus omnis soluta quia\nqui sed adipisci voluptates illum ipsam voluptatem\neligendi officia ut in\neos soluta similique molestias praesentium blanditiis"
  },
  {
    "userId": 10,
    "id": 91,
    "title": "aut amet sed",
    "body": "libero voluptate eveniet aperiam sed\nsunt placeat suscipit molestias\nsimilique fugit nam natus\nexpedita consequatur consequatur dolores quia eos et placeat"
  },
  {
    "userId": 10,
    "id": 92,
    "title": "ratione ex tenetur perferendis",
    "body": "aut et excepturi dicta laudantium sint rerum nihil\nlaudantium et at\na neque minima officia et similique libero et\ncommodi voluptate qui"
  },
  {
    "userId": 10,
    "id": 93,
    "title": "beatae soluta recusandae",
    "body": "dolorem quibusdam ducimus consequuntur dicta aut quo laboriosam\nvoluptatem quis enim recusandae ut sed sunt\nnostrum est odit totam\nsit error sed sunt eveniet provident qui nulla"
  },
  {
    "userId": 10,
    "id": 94,
    "title": "qui qui voluptates illo iste minima",
    "body": "aspernatur expedita soluta quo ab ut similique\nexpedita dolores amet\nsed temporibus distinctio magnam saepe deleniti\nomnis facilis nam ipsum natus sint similique omnis"
  },
  {
    "userId": 10,
    "id": 95,
    "title": "id minus libero illum nam ad officiis",
    "body": "earum voluptatem facere provident blanditiis velit laboriosam\npariatur accusamus odio saepe\ncumque dolor qui a dicta ab doloribus consequatur omnis\ncorporis cupiditate eaque assumenda ad nesciunt"
  },
  {
    "userId": 10,
    "id": 96,
    "title": "quaerat velit veniam amet cupiditate aut numquam ut sequi",
    "body": "in non odio excepturi sint eum\nlabore voluptates vitae quia qui et\ninventore itaque rerum\nveniam non exercitationem delectus aut"
  },
  {
    "userId": 10,
    "id": 97,
    "title": "quas fugiat ut perspiciatis vero provident",
    "body": "eum non blanditiis soluta porro quibusdam voluptas\nvel voluptatem qui placeat dolores qui velit aut\nvel inventore aut cumque culpa explicabo aliquid at\nperspiciatis est et voluptatem dignissimos dolor itaque sit nam"
  },
  {
    "userId": 10,
    "id": 98,
    "title": "laboriosam dolor voluptates",
    "body": "doloremque ex facilis sit sint culpa\nsoluta assumenda eligendi non ut eius\nsequi ducimus vel quasi\nveritatis est dolores"
  },
  {
    "userId": 10,
    "id": 99,
    "title": "temporibus sit alias delectus eligendi possimus magni",
    "body": "quo deleniti praesentium dicta non quod\naut est molestias\nmolestias et officia quis nihil\nitaque dolorem quia"
  },
  {
    "userId": 10,
    "id": 100,
    "title": "at nam consequatur ea labore ea harum",
    "body": "cupiditate quo est a modi nesciunt soluta\nipsa voluptas error itaque dicta in\nautem qui minus magnam et distinctio eum\naccusamus ratione error aut"
  }
]

16:04:32.220 [main] DEBUG com.intuit.karate - write to file: target\assignment\apiResponse.csv
16:04:32.223 [main] INFO  com.intuit.karate - << lock released, cached callonce: read('classpath:examples/features/assignment/assignment3.feature')
16:04:33.543 [main] INFO  com.intuit.karate.Suite - <<pass>> feature 1 of 1 (0 remaining) classpath:examples/features/assignment/readCsv.feature
